TransactionNo,Items,DateTime,Daypart,DayType
1.0,Bread,2016-10-30 09:58:11,Morning,Weekend
2.0,Scandinavian,2016-10-30 10:05:34,Morning,Weekend
2.0,Scandinavian,2016-10-30 10:05:34,Morning,Weekend
3.0,Hot chocolate,2016-10-30 10:07:57,Morning,Weekend
3.0,Jam,2016-10-30 10:07:57,Morning,Weekend
3.0,Cookies,2016-10-30 10:07:57,Morning,Weekend
4.0,Muffin,2016-10-30 10:08:41,Morning,Weekend
5.0,Coffee,2016-10-30 10:13:03,Morning,Weekend
5.0,Pastry,2016-10-30 10:13:03,Morning,Weekend
5.0,Bread,2016-10-30 10:13:03,Morning,Weekend
6.0,Medialuna,2016-10-30 10:16:55,Morning,Weekend
6.0,Pastry,2016-10-30 10:16:55,Morning,Weekend
6.0,Muffin,2016-10-30 10:16:55,Morning,Weekend
7.0,Medialuna,2016-10-30 10:19:12,Morning,Weekend
7.0,Pastry,2016-10-30 10:19:12,Morning,Weekend
7.0,Coffee,2016-10-30 10:19:12,,Weekend
7.0,Tea,2016-10-30 10:19:12,Morning,Weekend
8.0,Pastry,2016-10-30 10:20:51,Morning,Weekend
8.0,Bread,2016-10-30 10:20:51,Morning,Weekend
9.0,Bread,2016-10-30 10:21:59,Morning,Weekend
9.0,Muffin,2016-10-30 10:21:59,Morning,Weekend
10.0,Scandinavian,2016-10-30 10:25:58,Morning,Weekend
10.0,Medialuna,2016-10-30 10:25:58,Morning,Weekend
11.0,Bread,2016-10-30 10:27:21,Morning,Weekend
11.0,Medialuna,2016-10-30 10:27:21,Morning,Weekend
11.0,Bread,2016-10-30 10:27:21,Morning,Weekend
12.0,Jam,2016-10-30 10:30:14,Morning,Weekend
12.0,Coffee,2016-10-30 10:30:14,Morning,Weekend
12.0,Tartine,2016-10-30 10:30:14,Morning,Weekend
12.0,Pastry,2016-10-30 10:30:14,Morning,Weekend
12.0,Tea,2016-10-30 10:30:14,Morning,Weekend
13.0,Basket,2016-10-30 10:31:24,Morning,Weekend
13.0,Bread,2016-10-30 10:31:24,Morning,Weekend
13.0,Coffee,2016-10-30 10:31:24,Morning,Weekend
14.0,Bread,2016-10-30 10:32:46,Morning,Weekend
14.0,Medialuna,2016-10-30 10:32:46,Morning,Weekend
14.0,Pastry,2016-10-30 10:32:46,Morning,Weekend
15.0,Mineral water,2016-10-30 10:34:36,Morning,Weekend
15.0,Scandinavian,2016-10-30 10:34:36,Morning,Weekend
16.0,Bread,2016-10-30 10:37:08,Morning,Weekend
16.0,Medialuna,2016-10-30 10:37:08,Morning,Weekend
16.0,Coffee,2016-10-30 10:37:08,Morning,Weekend
17.0,Hot chocolate,2016-10-30 10:38:04,Morning,Weekend
18.0,Farm House,2016-10-30 10:41:56,Morning,Weekend
19.0,Farm House,2016-10-30 10:43:08,Morning,Weekend
19.0,Bread,2016-10-30 10:43:08,Morning,Weekend
20.0,Bread,2016-10-30 10:45:22,Morning,Weekend
20.0,Medialuna,2016-10-30 10:45:22,Morning,Weekend
21.0,Coffee,2016-10-30 10:49:29,Morning,Weekend
21.0,Coffee,2016-10-30 10:49:29,Morning,Weekend
21.0,Medialuna,2016-10-30 10:49:29,Morning,Weekend
21.0,Bread,2016-10-30 10:49:29,Morning,Weekend
22.0,Jam,2016-10-30 10:52:15,Morning,Weekend
23.0,Scandinavian,2016-10-30 10:53:49,Morning,Weekend
23.0,Muffin,2016-10-30 10:53:49,Morning,Weekend
24.0,Bread,2016-10-30 10:54:33,Morning,Weekend
25.0,Scandinavian,2016-10-30 10:55:22,Morning,Weekend
26.0,Fudge,2016-10-30 10:56:08,Morning,Weekend
27.0,Scandinavian,2016-10-30 11:02:19,Morning,Weekend
28.0,Coffee,2016-10-30 11:03:24,Morning,Weekend
28.0,Bread,2016-10-30 11:03:24,Morning,Weekend
29.0,Bread,2016-10-30 11:05:30,Morning,Weekend
,Jam,2016-10-30 11:05:30,Morning,Weekend
30.0,Bread,2016-10-30 11:07:19,Morning,Weekend
31.0,Basket,2016-10-30 11:12:56,Morning,Weekend
32.0,Scandinavian,2016-10-30 11:16:15,Morning,Weekend
32.0,Muffin,2016-10-30 11:16:15,Morning,Weekend
33.0,Coffee,2016-10-30 11:22:49,Morning,Weekend
34.0,Coffee,2016-10-30 11:25:45,Morning,Weekend
34.0,Muffin,2016-10-30 11:25:45,Morning,Weekend
35.0,,2016-10-30 11:27:34,Morning,Weekend
35.0,Scandinavian,2016-10-30 11:27:34,Morning,Weekend
36.0,Tea,2016-10-30 11:33:08,Morning,Weekend
36.0,Bread,2016-10-30 11:33:08,Morning,Weekend
37.0,Coffee,2016-10-30 11:37:10,Morning,Weekend
37.0,Bread,2016-10-30 11:37:10,Morning,Weekend
38.0,Bread,2016-10-30 11:42:40,Morning,Weekend
38.0,Tea,2016-10-30 11:42:40,Morning,Weekend
39.0,Scandinavian,2016-10-30 11:44:31,Morning,Weekend
40.0,Juice,2016-10-30 11:55:51,Morning,Weekend
40.0,Tartine,2016-10-30 11:55:51,Morning,Weekend
40.0,Coffee,2016-10-30 11:55:51,Morning,Weekend
40.0,Muffin,2016-10-30 11:55:51,Morning,Weekend
41.0,Scandinavian,2016-10-30 11:57:06,Morning,Weekend
42.0,Bread,2016-10-30 11:57:45,Morning,Weekend
42.0,Tea,2016-10-30 11:57:45,Morning,Weekend
43.0,Scandinavian,2016-10-30 12:00:22,Afternoon,Weekend
43.0,Fudge,2016-10-30 12:00:22,Afternoon,Weekend
44.0,Coffee,,Afternoon,Weekend
44.0,Medialuna,2016-10-30 12:05:47,Afternoon,Weekend
45.0,Coffee,2016-10-30 12:08:36,Afternoon,Weekend
45.0,Hot chocolate,2016-10-30 12:08:36,Afternoon,Weekend
45.0,Medialuna,2016-10-30 12:08:36,Afternoon,Weekend
46.0,Coffee,2016-10-30 12:09:04,Afternoon,Weekend
47.0,Ella's Kitchen Pouches,,Afternoon,Weekend
47.0,Juice,2016-10-30 12:15:29,Afternoon,Weekend
47.0,Bread,2016-10-30 12:15:29,Afternoon,Weekend
47.0,Muffin,2016-10-30 12:15:29,Afternoon,Weekend
47.0,Jam,2016-10-30 12:15:29,Afternoon,Weekend
48.0,Coffee,2016-10-30 12:17:02,Afternoon,Weekend
49.0,Coffee,2016-10-30 12:23:01,Afternoon,Weekend
49.0,Coffee,2016-10-30 12:23:01,Afternoon,Weekend
49.0,Medialuna,2016-10-30 12:23:01,Afternoon,Weekend
50.0,Bread,2016-10-30 12:25:11,Afternoon,Weekend
50.0,Victorian Sponge,2016-10-30 12:25:11,Afternoon,Weekend
51.0,Bread,2016-10-30 12:26:58,Afternoon,Weekend
52.0,Scandinavian,2016-10-30 12:28:07,Afternoon,Weekend
54.0,Bread,2016-10-30 12:33:08,Afternoon,Weekend
55.0,Frittata,2016-10-30 12:38:06,Afternoon,Weekend
55.0,Coffee,2016-10-30 12:38:06,Afternoon,Weekend
55.0,Tea,2016-10-30 12:38:06,Afternoon,Weekend
55.0,Hearty & Seasonal,2016-10-30 12:38:06,Afternoon,Weekend
56.0,Coffee,2016-10-30 12:39:27,Afternoon,Weekend
56.0,Frittata,2016-10-30 12:39:27,Afternoon,Weekend
57.0,Scandinavian,2016-10-30 12:45:48,Afternoon,
58.0,Victorian Sponge,2016-10-30 12:59:29,Afternoon,Weekend
58.0,Hot chocolate,2016-10-30 12:59:29,Afternoon,Weekend
58.0,Tea,2016-10-30 12:59:29,Afternoon,Weekend
58.0,Soup,2016-10-30 12:59:29,Afternoon,Weekend
59.0,Tea,2016-10-30 13:02:04,Afternoon,Weekend
60.0,Cookies,2016-10-30 13:14:04,Afternoon,Weekend
60.0,Coffee,2016-10-30 13:14:04,Afternoon,Weekend
60.0,Juice,2016-10-30 13:14:04,,Weekend
60.0,Coffee,2016-10-30 13:14:04,Afternoon,Weekend
61.0,Coffee,2016-10-30 13:15:38,Afternoon,Weekend
62.0,Pick and Mix Bowls,2016-10-30 13:24:00,Afternoon,Weekend
62.0,Hearty & Seasonal,2016-10-30 13:24:00,Afternoon,Weekend
62.0,Hearty & Seasonal,2016-10-30 13:24:00,Afternoon,Weekend
62.0,Coffee,2016-10-30 13:24:00,Afternoon,Weekend
62.0,Smoothies,2016-10-30 13:24:00,,Weekend
62.0,Coffee,2016-10-30 13:24:00,Afternoon,Weekend
63.0,Coffee,2016-10-30 13:33:12,Afternoon,Weekend
64.0,Cake,2016-10-30 13:34:07,Afternoon,Weekend
65.0,Tartine,2016-10-30 13:37:25,Afternoon,Weekend
65.0,Mighty Protein,2016-10-30 13:37:25,Afternoon,Weekend
65.0,Tea,2016-10-30 13:37:25,Afternoon,Weekend
65.0,Coffee,2016-10-30 13:37:25,Afternoon,Weekend
66.0,Hearty & Seasonal,2016-10-30 13:40:20,Afternoon,Weekend
66.0,Frittata,2016-10-30 13:40:20,Afternoon,Weekend
66.0,Mineral water,2016-10-30 13:40:20,Afternoon,Weekend
67.0,Hearty & Seasonal,2016-10-30 13:46:48,Afternoon,Weekend
67.0,Mineral water,2016-10-30 13:46:48,Afternoon,Weekend
67.0,Muffin,2016-10-30 13:46:48,Afternoon,Weekend
68.0,Frittata,2016-10-30 13:49:36,Afternoon,Weekend
68.0,Coffee,2016-10-30 13:49:36,Afternoon,Weekend
68.0,Tea,2016-10-30 13:49:36,Afternoon,Weekend
68.0,Scandinavian,2016-10-30 13:49:36,Afternoon,Weekend
68.0,Chicken sand,2016-10-30 13:49:36,Afternoon,Weekend
69.0,Bread,2016-10-30 13:51:49,Afternoon,Weekend
69.0,Tea,2016-10-30 13:51:49,Afternoon,Weekend
69.0,Victorian Sponge,2016-10-30 13:51:49,Afternoon,Weekend
70.0,Fudge,2016-10-30 13:54:42,Afternoon,Weekend
71.0,Muffin,2016-10-30 13:56:08,Afternoon,Weekend
72.0,Coffee,2016-10-30 14:21:38,Afternoon,Weekend
72.0,Bread,2016-10-30 14:21:38,Afternoon,Weekend
73.0,Bread,2016-10-30 14:22:39,Afternoon,Weekend
74.0,Coffee,2016-10-30 14:24:03,Afternoon,Weekend
74.0,Bread,2016-10-30 14:24:03,Afternoon,Weekend
75.0,Jam,2016-10-30 14:32:26,Afternoon,Weekend
75.0,Frittata,2016-10-30 14:32:26,Afternoon,Weekend
76.0,Coffee,2016-10-30 14:32:49,Afternoon,Weekend
77.0,Scandinavian,2016-10-30 14:35:36,Afternoon,Weekend
78.0,Fudge,2016-10-30 14:42:29,Afternoon,Weekend
79.0,Fudge,2016-10-30 14:45:44,Afternoon,Weekend
79.0,Tea,2016-10-30 14:45:44,Afternoon,Weekend
79.0,Coffee,2016-10-30 14:45:44,Afternoon,Weekend
79.0,Muffin,2016-10-30 14:45:44,Afternoon,Weekend
80.0,Frittata,2016-10-30 14:48:40,Afternoon,Weekend
80.0,Bread,2016-10-30 14:48:40,Afternoon,Weekend
80.0,Coffee,2016-10-30 14:48:40,Afternoon,Weekend
81.0,Coffee,2016-10-31 08:28:31,Morning,Weekday
81.0,Cake,2016-10-31 08:28:31,Morning,Weekday
82.0,Tartine,2016-10-31 08:47:05,Morning,Weekday
82.0,Bread,2016-10-31 08:47:05,Morning,Weekday
83.0,Coffee,2016-10-31 08:57:47,Morning,Weekday
83.0,Bread,2016-10-31 08:57:47,Morning,Weekday
,Bread,2016-10-31 09:04:06,Morning,Weekday
85.0,Coffee,2016-10-31 09:10:09,Morning,Weekday
85.0,Coffee,2016-10-31 09:10:09,Morning,Weekday
85.0,Pastry,2016-10-31 09:10:09,Morning,Weekday
85.0,Medialuna,2016-10-31 09:10:09,Morning,Weekday
86.0,Juice,2016-10-31 09:11:08,Morning,Weekday
87.0,Bread,2016-10-31 09:12:56,Morning,Weekday
88.0,Coffee,2016-10-31 09:16:01,Morning,Weekday
88.0,Coffee,2016-10-31 09:16:01,Morning,Weekday
88.0,Jam,2016-10-31 09:16:01,Morning,Weekday
89.0,Bread,2016-10-31 09:19:41,Morning,Weekday
90.0,Bread,2016-10-31 09:20:12,,Weekday
90.0,Coffee,2016-10-31 09:20:12,Morning,Weekday
91.0,Tea,2016-10-31 09:22:48,Morning,Weekday
92.0,Coffee,2016-10-31 09:27:11,Morning,Weekday
93.0,Bread,2016-10-31 09:29:23,Morning,Weekday
93.0,Coke,2016-10-31 09:29:23,Morning,Weekday
94.0,Coffee,2016-10-31 09:39:09,Morning,Weekday
94.0,Coffee,2016-10-31 09:39:09,Morning,Weekday
95.0,Tea,2016-10-31 09:43:37,Morning,Weekday
95.0,Pastry,2016-10-31 09:43:37,Morning,Weekday
95.0,Farm House,2016-10-31 09:43:37,Morning,Weekday
96.0,Pastry,2016-10-31 09:46:48,Morning,Weekday
96.0,Pastry,2016-10-31 09:46:48,Morning,Weekday
96.0,Coffee,2016-10-31 09:46:48,Morning,Weekday
96.0,Juice,2016-10-31 09:46:48,Morning,Weekday
97.0,Coffee,2016-10-31 09:51:11,Morning,Weekday
97.0,Pastry,2016-10-31 09:51:11,Morning,Weekday
97.0,Juice,2016-10-31 09:51:11,Morning,Weekday
98.0,Farm House,2016-10-31 09:52:22,Morning,Weekday
99.0,Pastry,2016-10-31 09:56:37,Morning,Weekday
99.0,Pastry,2016-10-31 09:56:37,Morning,Weekday
99.0,Coffee,2016-10-31 09:56:37,Morning,Weekday
99.0,Bread,2016-10-31 09:56:37,Morning,Weekday
100.0,Bread,2016-10-31 09:58:06,Morning,Weekday
101.0,Coffee,2016-10-31 10:04:02,Morning,Weekday
101.0,Pastry,2016-10-31 10:04:02,Morning,Weekday
102.0,Farm House,2016-10-31 10:04:44,Morning,Weekday
103.0,Bread,2016-10-31 10:07:40,Morning,Weekday
104.0,Coffee,2016-10-31 10:12:48,Morning,Weekday
104.0,Coffee,2016-10-31 10:12:48,Morning,Weekday
104.0,Medialuna,2016-10-31 10:12:48,Morning,Weekday
104.0,Muffin,2016-10-31 10:12:48,Morning,Weekday
104.0,Coffee,2016-10-31 10:12:48,Morning,Weekday
105.0,Coffee,2016-10-31 10:21:29,Morning,Weekday
105.0,Tea,2016-10-31 10:21:29,Morning,Weekday
105.0,Cake,2016-10-31 10:21:29,Morning,Weekday
106.0,Coffee,2016-10-31 10:24:21,Morning,Weekday
106.0,Coffee,2016-10-31 10:24:21,Morning,Weekday
106.0,Pastry,2016-10-31 10:24:21,Morning,Weekday
106.0,Pastry,2016-10-31 10:24:21,Morning,Weekday
107.0,Coffee,2016-10-31 10:27:30,Morning,Weekday
107.0,Tea,2016-10-31 10:27:30,Morning,Weekday
108.0,Farm House,2016-10-31 10:31:05,Morning,Weekday
108.0,Muffin,2016-10-31 10:31:05,Morning,Weekday
109.0,Bread,2016-10-31 10:35:23,Morning,
109.0,Muffin,2016-10-31 10:35:23,Morning,Weekday
109.0,Pastry,2016-10-31 10:35:23,Morning,Weekday
110.0,Pastry,2016-10-31 10:36:37,Morning,Weekday
111.0,Coffee,2016-10-31 10:38:09,Morning,Weekday
112.0,Coffee,2016-10-31 10:59:17,Morning,Weekday
113.0,Coffee,2016-10-31 11:02:37,Morning,Weekday
113.0,Cake,2016-10-31 11:02:37,Morning,Weekday
114.0,Farm House,2016-10-31 11:05:45,Morning,Weekday
115.0,Bread,2016-10-31 11:08:53,Morning,Weekday
116.0,Coffee,2016-10-31 11:11:01,Morning,Weekday
117.0,Cookies,2016-10-31 11:13:08,Morning,Weekday
117.0,Cake,2016-10-31 11:13:08,Morning,Weekday
117.0,Coffee,2016-10-31 11:13:08,Morning,Weekday
117.0,My-5 Fruit Shoot,2016-10-31 11:13:08,Morning,Weekday
118.0,Cookies,2016-10-31 11:18:29,Morning,Weekday
118.0,Cookies,2016-10-31 11:18:29,Morning,Weekday
118.0,Tea,2016-10-31 11:18:29,Morning,Weekday
118.0,Pastry,2016-10-31 11:18:29,Morning,Weekday
119.0,Coffee,2016-10-31 11:25:56,Morning,Weekday
119.0,Coffee,2016-10-31 11:25:56,Morning,Weekday
119.0,Muffin,2016-10-31 11:25:56,Morning,Weekday
120.0,Farm House,2016-10-31 11:29:01,Morning,Weekday
121.0,Coffee,2016-10-31 11:30:59,Morning,Weekday
121.0,Bread,2016-10-31 11:30:59,Morning,Weekday
122.0,Cookies,2016-10-31 11:37:30,Morning,Weekday
123.0,Jam,2016-10-31 11:42:05,Morning,Weekday
123.0,Coffee,2016-10-31 11:42:05,Morning,Weekday
123.0,Coffee,2016-10-31 11:42:05,Morning,Weekday
123.0,Juice,2016-10-31 11:42:05,Morning,Weekday
124.0,Coffee,2016-10-31 11:43:10,Morning,Weekday
124.0,Soup,,Morning,Weekday
125.0,Tea,2016-10-31 11:47:18,Morning,Weekday
126.0,Coffee,2016-10-31 11:52:43,Morning,Weekday
126.0,Jam,2016-10-31 11:52:43,Morning,Weekday
127.0,Farm House,2016-10-31 11:53:11,Morning,Weekday
128.0,Tartine,2016-10-31 11:55:00,Morning,Weekday
128.0,Coffee,2016-10-31 11:55:00,Morning,Weekday
128.0,Tea,2016-10-31 11:55:00,Morning,Weekday
129.0,Coffee,2016-10-31 11:59:23,Morning,Weekday
129.0,Coffee,2016-10-31 11:59:23,Morning,Weekday
129.0,Cake,2016-10-31 11:59:23,Morning,Weekday
130.0,Coffee,2016-10-31 12:03:12,Afternoon,Weekday
130.0,Coffee,2016-10-31 12:03:12,Afternoon,Weekday
130.0,Muffin,2016-10-31 12:03:12,Afternoon,Weekday
131.0,Bread,2016-10-31 12:08:28,Afternoon,Weekday
131.0,Coffee,2016-10-31 12:08:28,Afternoon,Weekday
132.0,Tea,2016-10-31 12:14:20,Afternoon,Weekday
132.0,Juice,2016-10-31 12:14:20,Afternoon,Weekday
132.0,Pick and Mix Bowls,2016-10-31 12:14:20,Afternoon,Weekday
132.0,Cookies,2016-10-31 12:14:20,Afternoon,Weekday
133.0,Hearty & Seasonal,2016-10-31 12:16:32,Afternoon,Weekday
133.0,Soup,2016-10-31 12:16:32,Afternoon,Weekday
134.0,Hearty & Seasonal,2016-10-31 12:19:37,Afternoon,Weekday
134.0,Tea,2016-10-31 12:19:37,,Weekday
134.0,Farm House,2016-10-31 12:19:37,Afternoon,Weekday
135.0,Bread,,Afternoon,Weekday
136.0,Tea,2016-10-31 12:27:41,Afternoon,Weekday
136.0,Soup,2016-10-31 12:27:41,Afternoon,Weekday
137.0,Farm House,2016-10-31 12:37:07,Afternoon,Weekday
138.0,Soup,2016-10-31 12:43:35,Afternoon,Weekday
138.0,Hearty & Seasonal,2016-10-31 12:43:35,Afternoon,Weekday
138.0,Coffee,2016-10-31 12:43:35,Afternoon,Weekday
139.0,Bread,2016-10-31 12:50:57,Afternoon,Weekday
139.0,Muffin,2016-10-31 12:50:57,Afternoon,Weekday
139.0,Hearty & Seasonal,,Afternoon,Weekday
140.0,Coffee,2016-10-31 12:53:33,Afternoon,Weekday
140.0,Coffee,2016-10-31 12:53:33,Afternoon,Weekday
140.0,Cookies,2016-10-31 12:53:33,Afternoon,Weekday
141.0,Bread,2016-10-31 12:54:28,Afternoon,
142.0,Tea,2016-10-31 12:56:47,Afternoon,Weekday
142.0,Muffin,2016-10-31 12:56:47,Afternoon,Weekday
143.0,Tea,2016-10-31 12:59:08,Afternoon,Weekday
144.0,Soup,2016-10-31 13:02:11,Afternoon,Weekday
144.0,Hearty & Seasonal,2016-10-31 13:02:11,Afternoon,Weekday
145.0,Coffee,2016-10-31 13:05:49,Afternoon,Weekday
145.0,Tea,2016-10-31 13:05:49,Afternoon,Weekday
145.0,Focaccia,2016-10-31 13:05:49,Afternoon,Weekday
146.0,Sandwich,2016-10-31 13:08:30,Afternoon,Weekday
147.0,Tartine,2016-10-31 13:09:31,Afternoon,Weekday
147.0,Coffee,2016-10-31 13:09:31,Afternoon,Weekday
148.0,Fudge,2016-10-31 13:21:17,Afternoon,Weekday
148.0,Coffee,2016-10-31 13:21:17,Afternoon,Weekday
148.0,Coffee,2016-10-31 13:21:17,Afternoon,Weekday
149.0,Coffee,2016-10-31 13:26:03,Afternoon,Weekday
150.0,Bread,2016-10-31 13:31:33,Afternoon,Weekday
151.0,Coke,2016-10-31 13:50:17,Afternoon,Weekday
151.0,Soup,2016-10-31 13:50:17,Afternoon,Weekday
152.0,Muffin,2016-10-31 13:51:18,Afternoon,Weekday
,Tea,2016-10-31 13:55:22,Afternoon,Weekday
153.0,Coffee,2016-10-31 13:55:22,Afternoon,Weekday
153.0,Cookies,2016-10-31 13:55:22,Afternoon,Weekday
153.0,Muffin,2016-10-31 13:55:22,Afternoon,Weekday
154.0,Mighty Protein,2016-10-31 14:00:21,Afternoon,Weekday
154.0,Hearty & Seasonal,2016-10-31 14:00:21,Afternoon,Weekday
154.0,Coffee,2016-10-31 14:00:21,Afternoon,Weekday
154.0,Coke,2016-10-31 14:00:21,Afternoon,Weekday
155.0,Tea,2016-10-31 14:01:30,Afternoon,Weekday
155.0,Muffin,2016-10-31 14:01:30,Afternoon,Weekday
155.0,Sandwich,2016-10-31 14:01:30,Afternoon,Weekday
156.0,Coffee,2016-10-31 14:04:16,Afternoon,Weekday
156.0,Muffin,2016-10-31 14:04:16,Afternoon,Weekday
157.0,Coffee,2016-10-31 14:05:07,Afternoon,Weekday
157.0,Bread,2016-10-31 14:05:07,Afternoon,Weekday
158.0,Coffee,2016-10-31 14:20:29,Afternoon,Weekday
158.0,Muffin,2016-10-31 14:20:29,Afternoon,Weekday
159.0,Bread,2016-10-31 14:22:31,Afternoon,Weekday
159.0,Hot chocolate,2016-10-31 14:22:31,Afternoon,Weekday
159.0,Cookies,2016-10-31 14:22:31,Afternoon,Weekday
160.0,Mineral water,2016-10-31 14:35:27,Afternoon,Weekday
160.0,Muffin,2016-10-31 14:35:27,Afternoon,Weekday
161.0,Tea,2016-10-31 14:42:34,Afternoon,Weekday
162.0,Muffin,2016-10-31 14:44:48,Afternoon,Weekday
163.0,Coffee,2016-10-31 14:47:16,Afternoon,Weekday
163.0,Juice,2016-10-31 14:47:16,Afternoon,
164.0,Coffee,2016-10-31 14:47:36,Afternoon,Weekday
164.0,Muffin,2016-10-31 14:47:36,Afternoon,Weekday
165.0,Tea,2016-10-31 14:48:49,Afternoon,Weekday
,Coffee,2016-10-31 14:49:28,Afternoon,Weekday
166.0,Muffin,2016-10-31 14:49:28,Afternoon,Weekday
167.0,Sandwich,2016-10-31 14:50:42,Afternoon,Weekday
167.0,Hearty & Seasonal,2016-10-31 14:50:42,Afternoon,Weekday
167.0,Bread,2016-10-31 14:50:42,Afternoon,Weekday
167.0,Mineral water,2016-10-31 14:50:42,Afternoon,Weekday
168.0,Tea,2016-10-31 14:56:25,Afternoon,Weekday
168.0,Coffee,2016-10-31 14:56:25,Afternoon,Weekday
169.0,Mineral water,2016-10-31 15:05:17,Afternoon,Weekday
170.0,Coffee,2016-10-31 15:16:49,Afternoon,Weekday
171.0,Soup,2016-10-31 15:20:16,Afternoon,Weekday
171.0,Tea,2016-10-31 15:20:16,Afternoon,Weekday
172.0,Bread,2016-10-31 17:06:47,Evening,Weekday
172.0,Coffee,2016-10-31 17:06:47,Evening,Weekday
173.0,Bread,2016-10-31 17:08:09,Evening,Weekday
173.0,Muffin,2016-10-31 17:08:09,Evening,Weekday
,Coffee,2016-10-31 17:40:21,Evening,Weekday
175.0,Bread,2016-10-31 17:49:42,Evening,Weekday
176.0,Cookies,2016-10-31 18:22:24,Evening,Weekday
176.0,Coffee,2016-10-31 18:22:24,Evening,Weekday
178.0,Coffee,2016-01-11 07:51:20,Morning,Weekday
178.0,Pastry,2016-01-11 07:51:20,Morning,Weekday
179.0,Coffee,2016-01-11 08:20:50,Morning,Weekday
179.0,Pastry,2016-01-11 08:20:50,Morning,Weekday
180.0,Jam,2016-01-11 08:22:28,Morning,Weekday
180.0,Tea,2016-01-11 08:22:28,Morning,Weekday
181.0,Tea,2016-01-11 08:45:20,Morning,Weekday
181.0,Tea,2016-01-11 08:45:20,Morning,Weekday
182.0,Pastry,2016-01-11 09:07:47,Morning,Weekday
182.0,Pastry,2016-01-11 09:07:47,Morning,Weekday
182.0,Ella's Kitchen Pouches,2016-01-11 09:07:47,Morning,Weekday
183.0,Pastry,2016-01-11 09:09:26,Morning,Weekday
,Farm House,2016-01-11 09:26:03,Morning,Weekday
184.0,Tea,2016-01-11 09:26:03,Morning,Weekday
185.0,Tea,2016-01-11 09:29:25,Morning,Weekday
185.0,Victorian Sponge,2016-01-11 09:29:25,Morning,Weekday
186.0,Tea,2016-01-11 09:43:13,Morning,Weekday
186.0,Pastry,2016-01-11 09:43:13,Morning,Weekday
187.0,Bread,2016-01-11 10:02:27,Morning,Weekday
188.0,Coffee,2016-01-11 10:04:05,Morning,Weekday
189.0,Bread,2016-01-11 10:29:02,Morning,Weekday
189.0,Coffee,2016-01-11 10:29:02,Morning,Weekday
190.0,Coffee,2016-01-11 10:34:53,Morning,Weekday
190.0,Pastry,2016-01-11 10:34:53,Morning,Weekday
190.0,Pastry,2016-01-11 10:34:53,Morning,Weekday
191.0,Soup,2016-01-11 10:50:50,Morning,Weekday
191.0,Tea,2016-01-11 10:50:50,Morning,Weekday
192.0,Bread,2016-01-11 10:56:08,Morning,Weekday
193.0,Coffee,2016-01-11 11:00:48,Morning,Weekday
194.0,,2016-01-11 11:04:36,Morning,Weekday
194.0,Bread,2016-01-11 11:04:36,Morning,Weekday
195.0,Bread,2016-01-11 11:06:09,Morning,Weekday
195.0,Scandinavian,2016-01-11 11:06:09,Morning,Weekday
196.0,Bread,2016-01-11 11:08:18,Morning,Weekday
196.0,Cake,2016-01-11 11:08:18,Morning,Weekday
196.0,Cookies,2016-01-11 11:08:18,Morning,Weekday
197.0,Coffee,2016-01-11 11:10:11,Morning,Weekday
197.0,Coffee,2016-01-11 11:10:11,Morning,Weekday
197.0,Tea,2016-01-11 11:10:11,Morning,Weekday
198.0,Coffee,2016-01-11 11:11:58,Morning,Weekday
198.0,Cookies,2016-01-11 11:11:58,Morning,Weekday
199.0,Coffee,2016-01-11 11:13:20,Morning,Weekday
200.0,Bread,2016-01-11 11:16:30,Morning,Weekday
201.0,Coffee,2016-01-11 11:22:36,Morning,Weekday
201.0,Pastry,2016-01-11 11:22:36,Morning,Weekday
202.0,Coffee,2016-01-11 11:23:19,Morning,Weekday
202.0,Coffee,2016-01-11 11:23:19,Morning,Weekday
203.0,Coffee,2016-01-11 11:25:53,Morning,Weekday
204.0,Scandinavian,2016-01-11 11:30:00,Morning,Weekday
204.0,Bread,2016-01-11 11:30:00,Morning,Weekday
205.0,Coffee,2016-01-11 11:49:31,Morning,Weekday
205.0,Coffee,2016-01-11 11:49:31,Morning,Weekday
205.0,,2016-01-11 11:49:31,Morning,Weekday
206.0,Scandinavian,2016-01-11 11:54:17,Morning,Weekday
206.0,Coffee,2016-01-11 11:54:17,Morning,Weekday
206.0,Pastry,2016-01-11 11:54:17,Morning,Weekday
207.0,Hearty & Seasonal,2016-01-11 12:03:37,Afternoon,Weekday
207.0,Coffee,2016-01-11 12:03:37,Afternoon,Weekday
207.0,Muffin,2016-01-11 12:03:37,Afternoon,Weekday
208.0,Bread,2016-01-11 12:10:09,Afternoon,Weekday
209.0,Coffee,2016-01-11 12:10:38,Afternoon,Weekday
210.0,Scandinavian,2016-01-11 12:12:26,Afternoon,Weekday
211.0,Soup,2016-01-11 12:15:36,Afternoon,Weekday
211.0,Coffee,2016-01-11 12:15:36,Afternoon,Weekday
212.0,Coffee,2016-01-11 12:20:30,Afternoon,Weekday
212.0,Cookies,2016-01-11 12:20:30,Afternoon,Weekday
212.0,Tartine,,Afternoon,Weekday
213.0,Bread,2016-01-11 12:22:04,Afternoon,Weekday
214.0,Bread,2016-01-11 12:26:43,Afternoon,Weekday
214.0,Tea,2016-01-11 12:26:43,Afternoon,Weekday
214.0,Tea,2016-01-11 12:26:43,Afternoon,Weekday
215.0,Pastry,2016-01-11 12:30:30,Afternoon,Weekday
215.0,Coffee,2016-01-11 12:30:30,Afternoon,
216.0,Tartine,2016-01-11 12:31:30,Afternoon,Weekday
216.0,Coffee,2016-01-11 12:31:30,Afternoon,Weekday
217.0,Bread,2016-01-11 12:33:31,Afternoon,Weekday
217.0,Cookies,2016-01-11 12:33:31,Afternoon,Weekday
218.0,Sandwich,2016-01-11 12:37:29,Afternoon,Weekday
219.0,Tartine,2016-01-11 12:41:16,Afternoon,Weekday
220.0,Bread,2016-01-11 12:49:16,Afternoon,Weekday
220.0,Pastry,2016-01-11 12:49:16,Afternoon,Weekday
221.0,Bread,2016-01-11 12:53:18,Afternoon,Weekday
221.0,Scandinavian,2016-01-11 12:53:18,Afternoon,Weekday
222.0,Scandinavian,2016-01-11 13:08:46,Afternoon,Weekday
223.0,Alfajores,2016-01-11 13:11:34,Afternoon,Weekday
223.0,Coffee,2016-01-11 13:11:34,Afternoon,Weekday
224.0,Coffee,2016-01-11 13:15:08,Afternoon,Weekday
225.0,Coffee,2016-01-11 13:19:00,Afternoon,Weekday
225.0,Coke,2016-01-11 13:19:00,Afternoon,Weekday
225.0,Soup,2016-01-11 13:19:00,Afternoon,Weekday
226.0,Cake,2016-01-11 13:21:52,Afternoon,Weekday
227.0,Tea,2016-01-11 13:31:35,Afternoon,Weekday
227.0,Sandwich,2016-01-11 13:31:35,Afternoon,Weekday
227.0,Soup,2016-01-11 13:31:35,Afternoon,Weekday
228.0,Coffee,2016-01-11 13:33:54,Afternoon,Weekday
229.0,Hearty & Seasonal,2016-01-11 13:37:48,Afternoon,Weekday
229.0,Bread,2016-01-11 13:37:48,Afternoon,Weekday
230.0,Alfajores,2016-01-11 13:41:53,Afternoon,Weekday
231.0,Cake,2016-01-11 13:45:21,Afternoon,Weekday
232.0,Tea,2016-01-11 14:10:03,Afternoon,Weekday
232.0,Tea,2016-01-11 14:10:03,Afternoon,Weekday
232.0,Bread,2016-01-11 14:10:03,Afternoon,Weekday
233.0,Coffee,2016-01-11 14:13:26,Afternoon,Weekday
233.0,Tea,2016-01-11 14:13:26,Afternoon,Weekday
233.0,Bread,2016-01-11 14:13:26,Afternoon,Weekday
233.0,Soup,2016-01-11 14:13:26,Afternoon,Weekday
234.0,Coffee,2016-01-11 14:14:01,Afternoon,Weekday
234.0,Coffee,2016-01-11 14:14:01,Afternoon,Weekday
235.0,,2016-01-11 14:18:52,Afternoon,Weekday
236.0,Fudge,2016-01-11 14:22:07,Afternoon,Weekday
237.0,Coffee,2016-01-11 14:25:14,Afternoon,Weekday
237.0,Sandwich,2016-01-11 14:25:14,Afternoon,Weekday
238.0,Tea,2016-01-11 14:37:16,Afternoon,Weekday
238.0,Bread,2016-01-11 14:37:16,Afternoon,Weekday
238.0,Cookies,2016-01-11 14:37:16,Afternoon,Weekday
238.0,Pastry,2016-01-11 14:37:16,Afternoon,Weekday
239.0,Muffin,2016-01-11 14:37:26,Afternoon,Weekday
240.0,Scandinavian,2016-01-11 14:42:31,Afternoon,Weekday
241.0,Jam,2016-01-11 14:54:33,Afternoon,Weekday
241.0,Tea,2016-01-11 14:54:33,Afternoon,Weekday
242.0,Juice,2016-01-11 15:02:23,Afternoon,Weekday
242.0,Tea,2016-01-11 15:02:23,Afternoon,Weekday
242.0,Alfajores,2016-01-11 15:02:23,Afternoon,Weekday
243.0,Cake,2016-01-11 15:18:43,Afternoon,Weekday
243.0,Muffin,2016-01-11 15:18:43,Afternoon,Weekday
243.0,Coffee,2016-01-11 15:18:43,Afternoon,Weekday
243.0,Soup,2016-01-11 15:18:43,Afternoon,Weekday
244.0,Hot chocolate,2016-01-11 15:33:18,Afternoon,Weekday
244.0,Cake,2016-01-11 15:33:18,Afternoon,Weekday
244.0,Coffee,2016-01-11 15:33:18,Afternoon,Weekday
245.0,Cake,2016-01-11 15:37:30,Afternoon,Weekday
245.0,Cookies,2016-01-11 15:37:30,Afternoon,Weekday
246.0,Tea,2016-01-11 15:48:44,Afternoon,Weekday
246.0,Bread,2016-01-11 15:48:44,Afternoon,Weekday
247.0,Alfajores,2016-01-11 16:07:11,Afternoon,Weekday
247.0,Coffee,2016-01-11 16:07:11,Afternoon,Weekday
247.0,Coffee,2016-01-11 16:07:11,Afternoon,Weekday
247.0,Coffee,2016-01-11 16:07:11,Afternoon,Weekday
247.0,Juice,2016-01-11 16:07:11,Afternoon,Weekday
248.0,Coffee,2016-01-11 16:08:22,Afternoon,Weekday
248.0,Tea,2016-01-11 16:08:22,Afternoon,Weekday
248.0,Soup,2016-01-11 16:08:22,Afternoon,Weekday
249.0,Hot chocolate,2016-01-11 16:10:03,Afternoon,Weekday
250.0,Cookies,2016-01-11 16:10:42,Afternoon,Weekday
251.0,Coffee,2016-01-11 16:26:55,Afternoon,Weekday
251.0,Medialuna,2016-01-11 16:26:55,Afternoon,Weekday
252.0,,2016-01-11 16:28:57,Afternoon,Weekday
252.0,Eggs,2016-01-11 16:28:57,Afternoon,Weekday
253.0,Scandinavian,2016-01-11 17:46:13,Evening,Weekday
254.0,Medialuna,2016-01-11 18:43:55,Evening,Weekday
255.0,Coffee,2016-02-11 08:02:20,Morning,Weekday
255.0,Coffee,2016-02-11 08:02:20,Morning,Weekday
255.0,Pastry,2016-02-11 08:02:20,Morning,Weekday
256.0,Coffee,2016-02-11 08:05:03,Morning,Weekday
256.0,Bread,2016-02-11 08:05:03,Morning,
257.0,Bread,2016-02-11 08:07:05,Morning,Weekday
257.0,Coffee,2016-02-11 08:07:05,Morning,Weekday
257.0,Pastry,2016-02-11 08:07:05,Morning,Weekday
258.0,Coffee,2016-02-11 08:08:45,Morning,Weekday
258.0,Pastry,2016-02-11 08:08:45,Morning,Weekday
259.0,Pastry,2016-02-11 08:11:35,Morning,Weekday
260.0,Coffee,2016-02-11 08:12:03,Morning,Weekday
261.0,Coffee,2016-02-11 08:12:51,Morning,Weekday
262.0,Coffee,2016-02-11 08:29:04,Morning,Weekday
262.0,Hot chocolate,2016-02-11 08:29:04,Morning,Weekday
262.0,Pastry,2016-02-11 08:29:04,Morning,Weekday
263.0,Coke,2016-02-11 08:53:32,Morning,Weekday
264.0,Coffee,2016-02-11 09:02:24,Morning,Weekday
264.0,Jam,2016-02-11 09:02:24,Morning,Weekday
265.0,Tea,2016-02-11 09:03:13,Morning,Weekday
266.0,Bread,2016-02-11 09:05:25,Morning,Weekday
266.0,Pastry,2016-02-11 09:05:25,Morning,Weekday
267.0,Coffee,2016-02-11 09:18:53,Morning,Weekday
267.0,Alfajores,2016-02-11 09:18:53,Morning,Weekday
267.0,Farm House,2016-02-11 09:18:53,Morning,Weekday
268.0,Tea,2016-02-11 09:22:47,Morning,Weekday
268.0,Pastry,2016-02-11 09:22:47,Morning,Weekday
269.0,Bread,2016-02-11 09:25:31,Morning,Weekday
270.0,Coffee,2016-02-11 09:27:58,Morning,Weekday
270.0,Jam,2016-02-11 09:27:58,Morning,Weekday
271.0,Coffee,2016-02-11 09:33:47,Morning,Weekday
271.0,Tea,2016-02-11 09:33:47,Morning,Weekday
271.0,Coffee,2016-02-11 09:33:47,Morning,Weekday
271.0,Pastry,2016-02-11 09:33:47,Morning,Weekday
272.0,Farm House,2016-02-11 09:35:10,Morning,Weekday
274.0,Coffee,2016-02-11 09:52:58,Morning,Weekday
,Bread,2016-02-11 09:52:58,Morning,Weekday
274.0,Pastry,2016-02-11 09:52:58,Morning,Weekday
275.0,Farm House,2016-02-11 09:53:28,Morning,Weekday
276.0,Coffee,2016-02-11 09:54:47,Morning,Weekday
276.0,Coffee,2016-02-11 09:54:47,Morning,Weekday
276.0,Pastry,2016-02-11 09:54:47,Morning,Weekday
277.0,Farm House,2016-02-11 10:12:15,Morning,Weekday
278.0,Coffee,2016-02-11 10:13:27,Morning,Weekday
278.0,Pastry,2016-02-11 10:13:27,Morning,Weekday
279.0,Coffee,2016-02-11 10:15:48,Morning,Weekday
280.0,Coffee,2016-02-11 10:17:22,Morning,Weekday
280.0,Pastry,2016-02-11 10:17:22,Morning,Weekday
281.0,Bread,2016-02-11 10:29:56,Morning,Weekday
281.0,Bread,2016-02-11 10:29:56,Morning,Weekday
282.0,Bread,2016-02-11 10:37:45,Morning,Weekday
282.0,Coffee,2016-02-11 10:37:45,Morning,Weekday
282.0,Pastry,2016-02-11 10:37:45,Morning,Weekday
283.0,Pastry,2016-02-11 10:44:50,Morning,Weekday
283.0,Coffee,2016-02-11 10:44:50,Morning,Weekday
284.0,Coffee,2016-02-11 10:48:08,Morning,Weekday
284.0,Farm House,2016-02-11 10:48:08,Morning,Weekday
285.0,Farm House,2016-02-11 10:52:20,Morning,Weekday
285.0,Farm House,2016-02-11 10:52:20,Morning,
285.0,Pastry,2016-02-11 10:52:20,Morning,Weekday
286.0,Bread,2016-02-11 10:53:48,Morning,Weekday
286.0,Juice,2016-02-11 10:53:48,Morning,Weekday
286.0,Alfajores,2016-02-11 10:53:48,Morning,Weekday
287.0,Coffee,2016-02-11 10:56:40,Morning,Weekday
287.0,Pastry,2016-02-11 10:56:40,Morning,Weekday
288.0,Bread,2016-02-11 10:59:16,Morning,Weekday
288.0,Alfajores,2016-02-11 10:59:16,Morning,Weekday
289.0,Bread,2016-02-11 11:00:57,Morning,Weekday
290.0,Coffee,2016-02-11 11:03:49,Morning,Weekday
290.0,Cookies,2016-02-11 11:03:49,Morning,Weekday
291.0,Coffee,2016-02-11 11:04:47,,Weekday
292.0,Cookies,2016-02-11 11:15:13,Morning,Weekday
293.0,Hearty & Seasonal,2016-02-11 11:29:15,Morning,Weekday
294.0,Coffee,2016-02-11 11:35:36,Morning,Weekday
295.0,Jam,2016-02-11 11:39:45,Morning,Weekday
295.0,Tartine,2016-02-11 11:39:45,Morning,Weekday
295.0,Bread,2016-02-11 11:39:45,Morning,Weekday
296.0,,2016-02-11 11:58:42,Morning,
296.0,Scandinavian,2016-02-11 11:58:42,Morning,Weekday
297.0,Hearty & Seasonal,2016-02-11 12:06:51,Afternoon,Weekday
297.0,Coffee,2016-02-11 12:06:51,Afternoon,Weekday
297.0,Muffin,2016-02-11 12:06:51,Afternoon,Weekday
297.0,Scandinavian,2016-02-11 12:06:51,Afternoon,Weekday
298.0,Tartine,2016-02-11 12:11:56,Afternoon,Weekday
298.0,Pick and Mix Bowls,2016-02-11 12:11:56,Afternoon,Weekday
298.0,Coffee,2016-02-11 12:11:56,Afternoon,Weekday
298.0,Coke,2016-02-11 12:11:56,Afternoon,Weekday
299.0,Bread,2016-02-11 12:14:15,Afternoon,Weekday
300.0,Scandinavian,2016-02-11 12:18:15,Afternoon,Weekday
300.0,Farm House,2016-02-11 12:18:15,Afternoon,
300.0,Alfajores,2016-02-11 12:18:15,Afternoon,Weekday
300.0,Coffee,2016-02-11 12:18:15,Afternoon,Weekday
300.0,Coffee,2016-02-11 12:18:15,Afternoon,Weekday
301.0,Juice,2016-02-11 12:24:06,,Weekday
301.0,Mineral water,2016-02-11 12:24:06,Afternoon,Weekday
301.0,Soup,2016-02-11 12:24:06,Afternoon,Weekday
302.0,Soup,2016-02-11 12:27:31,Afternoon,Weekday
302.0,Tea,2016-02-11 12:27:31,Afternoon,Weekday
303.0,Juice,2016-02-11 12:30:42,Afternoon,Weekday
303.0,Tea,2016-02-11 12:30:42,Afternoon,Weekday
303.0,,2016-02-11 12:30:42,Afternoon,Weekday
303.0,Soup,2016-02-11 12:30:42,Afternoon,Weekday
304.0,Hearty & Seasonal,2016-02-11 12:33:51,Afternoon,
304.0,Tea,2016-02-11 12:33:51,Afternoon,Weekday
305.0,Fudge,2016-02-11 12:35:41,Afternoon,Weekday
306.0,Coffee,2016-02-11 12:39:02,Afternoon,Weekday
306.0,Mineral water,2016-02-11 12:39:02,Afternoon,Weekday
306.0,Juice,2016-02-11 12:39:02,Afternoon,Weekday
306.0,Soup,2016-02-11 12:39:02,Afternoon,Weekday
307.0,Hearty & Seasonal,2016-02-11 12:52:44,Afternoon,Weekday
308.0,Hearty & Seasonal,2016-02-11 12:54:49,Afternoon,Weekday
308.0,Smoothies,2016-02-11 12:54:49,Afternoon,Weekday
309.0,Hearty & Seasonal,2016-02-11 12:56:40,Afternoon,Weekday
309.0,Tea,2016-02-11 12:56:40,Afternoon,Weekday
310.0,Coffee,2016-02-11 13:02:57,Afternoon,Weekday
310.0,Sandwich,2016-02-11 13:02:57,Afternoon,Weekday
310.0,Sandwich,2016-02-11 13:02:57,Afternoon,Weekday
311.0,Cookies,2016-02-11 13:09:40,Afternoon,Weekday
311.0,Farm House,2016-02-11 13:09:40,Afternoon,Weekday
312.0,Soup,2016-02-11 13:11:57,Afternoon,Weekday
312.0,Tea,2016-02-11 13:11:57,Afternoon,Weekday
312.0,Juice,2016-02-11 13:11:57,Afternoon,Weekday
313.0,Soup,2016-02-11 13:12:44,Afternoon,Weekday
314.0,Coffee,2016-02-11 13:16:48,Afternoon,Weekday
316.0,Bread,2016-02-11 13:23:56,Afternoon,Weekday
317.0,Cookies,2016-02-11 13:42:15,Afternoon,Weekday
317.0,Tea,2016-02-11 13:42:15,Afternoon,Weekday
318.0,Soup,2016-02-11 13:46:42,Afternoon,Weekday
318.0,Hearty & Seasonal,2016-02-11 13:46:42,Afternoon,Weekday
318.0,Bread,2016-02-11 13:46:42,Afternoon,Weekday
319.0,Coffee,2016-02-11 13:50:59,Afternoon,Weekday
320.0,Coffee,2016-02-11 13:58:39,Afternoon,Weekday
321.0,Coffee,2016-02-11 14:00:37,Afternoon,Weekday
321.0,Tea,2016-02-11 14:00:37,Afternoon,Weekday
322.0,Bread,2016-02-11 14:01:20,Afternoon,Weekday
323.0,Tea,2016-02-11 14:05:20,Afternoon,Weekday
324.0,Coffee,2016-02-11 14:11:14,Afternoon,Weekday
324.0,Tea,2016-02-11 14:11:14,Afternoon,Weekday
325.0,Coffee,2016-02-11 14:11:50,Afternoon,Weekday
326.0,Fudge,2016-02-11 14:34:44,Afternoon,Weekday
327.0,Tea,2016-02-11 15:03:25,Afternoon,Weekday
328.0,Soup,2016-02-11 15:25:57,Afternoon,Weekday
328.0,Tea,2016-02-11 15:25:57,Afternoon,Weekday
329.0,Juice,,Afternoon,Weekday
330.0,Alfajores,2016-02-11 15:46:22,Afternoon,Weekday
331.0,,2016-02-11 15:57:42,Afternoon,Weekday
332.0,Coffee,2016-02-11 16:25:49,Afternoon,Weekday
332.0,Alfajores,2016-02-11 16:25:49,Afternoon,Weekday
333.0,Juice,2016-02-11 16:54:35,Afternoon,Weekday
333.0,Alfajores,2016-02-11 16:54:35,Afternoon,Weekday
333.0,Cookies,2016-02-11 16:54:35,Afternoon,Weekday
,Pick and Mix Bowls,2016-02-11 16:54:35,Afternoon,Weekday
333.0,Mineral water,2016-02-11 16:54:35,Afternoon,Weekday
334.0,Coffee,2016-02-11 17:01:56,Evening,Weekday
334.0,Alfajores,2016-02-11 17:01:56,Evening,Weekday
335.0,Fudge,2016-02-11 17:41:01,Evening,Weekday
336.0,Mighty Protein,2016-02-11 18:08:40,Evening,Weekday
336.0,Juice,2016-02-11 18:08:40,Evening,Weekday
337.0,Coffee,2016-02-11 18:13:04,Evening,Weekday
337.0,Mineral water,2016-02-11 18:13:04,Evening,Weekday
337.0,Alfajores,2016-02-11 18:13:04,Evening,Weekday
338.0,Mighty Protein,2016-02-11 18:19:43,Evening,Weekday
338.0,Coffee,2016-02-11 18:19:43,Evening,Weekday
339.0,Alfajores,2016-02-11 18:40:02,Evening,Weekday
340.0,Coffee,2016-03-11 07:46:50,Morning,Weekday
340.0,Bread,2016-03-11 07:46:50,Morning,Weekday
341.0,Medialuna,2016-03-11 07:50:50,Morning,Weekday
341.0,Medialuna,2016-03-11 07:50:50,,Weekday
342.0,Medialuna,2016-03-11 08:01:08,Morning,Weekday
342.0,Bread,2016-03-11 08:01:08,Morning,Weekday
343.0,Farm House,2016-03-11 08:07:16,Morning,Weekday
344.0,Coffee,2016-03-11 08:08:26,Morning,Weekday
344.0,Pastry,2016-03-11 08:08:26,Morning,Weekday
345.0,Farm House,2016-03-11 08:09:59,Morning,Weekday
346.0,Coffee,2016-03-11 08:15:21,Morning,Weekday
346.0,Coffee,2016-03-11 08:15:21,Morning,Weekday
346.0,Pastry,2016-03-11 08:15:21,Morning,Weekday
346.0,Pastry,,Morning,Weekday
346.0,Coffee,2016-03-11 08:15:21,Morning,Weekday
347.0,Medialuna,2016-03-11 08:40:43,Morning,Weekday
348.0,Bread,2016-03-11 08:49:23,Morning,Weekday
348.0,Tea,2016-03-11 08:49:23,Morning,Weekday
348.0,Sandwich,2016-03-11 08:49:23,Morning,Weekday
349.0,Bread,2016-03-11 08:54:40,Morning,Weekday
350.0,Jam,2016-03-11 09:00:24,Morning,Weekday
350.0,Coffee,2016-03-11 09:00:24,Morning,Weekday
350.0,Farm House,2016-03-11 09:00:24,Morning,Weekday
351.0,Focaccia,2016-03-11 09:02:32,Morning,Weekday
352.0,Bread,2016-03-11 09:06:17,Morning,Weekday
353.0,Tartine,2016-03-11 09:08:32,Morning,Weekday
353.0,Pastry,2016-03-11 09:08:32,Morning,
353.0,Bread,2016-03-11 09:08:32,Morning,Weekday
353.0,My-5 Fruit Shoot,2016-03-11 09:08:32,Morning,Weekday
354.0,Farm House,2016-03-11 09:13:37,Morning,Weekday
354.0,Pastry,2016-03-11 09:13:37,Morning,Weekday
355.0,Bread,2016-03-11 09:19:54,Morning,Weekday
355.0,Pastry,2016-03-11 09:19:54,Morning,Weekday
356.0,,2016-03-11 09:24:38,Morning,Weekday
356.0,,2016-03-11 09:24:38,Morning,Weekday
357.0,Jam,2016-03-11 09:31:19,Morning,Weekday
357.0,Coffee,2016-03-11 09:31:19,Morning,Weekday
358.0,Farm House,2016-03-11 09:34:00,Morning,Weekday
359.0,Bread,2016-03-11 09:34:56,Morning,Weekday
359.0,Pastry,2016-03-11 09:34:56,Morning,Weekday
360.0,Coffee,2016-03-11 09:44:36,Morning,Weekday
360.0,Tea,2016-03-11 09:44:36,Morning,Weekday
360.0,Bread,2016-03-11 09:44:36,Morning,Weekday
361.0,Jam,2016-03-11 09:45:20,Morning,Weekday
363.0,Pastry,2016-03-11 09:57:55,Morning,Weekday
363.0,Medialuna,2016-03-11 09:57:55,Morning,
363.0,Medialuna,2016-03-11 09:57:55,Morning,Weekday
364.0,Coffee,2016-03-11 09:59:18,Morning,Weekday
365.0,Tea,2016-03-11 10:01:12,Morning,Weekday
366.0,Bread,2016-03-11 10:04:37,Morning,Weekday
367.0,Bread,2016-03-11 10:10:26,Morning,Weekday
367.0,Pastry,2016-03-11 10:10:26,Morning,Weekday
368.0,Pastry,2016-03-11 10:13:05,Morning,Weekday
369.0,Farm House,2016-03-11 10:26:03,Morning,Weekday
370.0,Tea,2016-03-11 10:27:05,Morning,Weekday
371.0,Coffee,2016-03-11 10:39:12,Morning,Weekday
371.0,Brownie,2016-03-11 10:39:12,Morning,Weekday
371.0,Alfajores,2016-03-11 10:39:12,Morning,Weekday
371.0,Fudge,2016-03-11 10:39:12,Morning,Weekday
372.0,Bread,2016-03-11 10:48:46,Morning,Weekday
372.0,Fudge,2016-03-11 10:48:46,Morning,Weekday
372.0,Cookies,2016-03-11 10:48:46,Morning,Weekday
373.0,Coffee,2016-03-11 11:03:49,Morning,Weekday
374.0,Bread,2016-03-11 11:05:44,Morning,Weekday
375.0,Coffee,2016-03-11 11:15:14,Morning,Weekday
375.0,Coffee,2016-03-11 11:15:14,Morning,Weekday
375.0,Jam,2016-03-11 11:15:14,Morning,Weekday
375.0,Pastry,2016-03-11 11:15:14,Morning,Weekday
376.0,Soup,2016-03-11 11:20:31,Morning,Weekday
376.0,Coffee,2016-03-11 11:20:31,Morning,Weekday
377.0,Smoothies,2016-03-11 11:23:16,Morning,Weekday
377.0,Soup,2016-03-11 11:23:16,Morning,Weekday
377.0,Hearty & Seasonal,2016-03-11 11:23:16,Morning,Weekday
377.0,Pastry,2016-03-11 11:23:16,Morning,Weekday
378.0,Pastry,2016-03-11 11:31:01,Morning,Weekday
378.0,Bread,2016-03-11 11:31:01,Morning,Weekday
379.0,Pastry,2016-03-11 11:47:18,Morning,Weekday
379.0,Medialuna,2016-03-11 11:47:18,Morning,Weekday
380.0,Tea,2016-03-11 11:51:52,Morning,Weekday
380.0,Coffee,2016-03-11 11:51:52,Morning,Weekday
381.0,Bread,2016-03-11 11:53:09,Morning,Weekday
381.0,Cookies,2016-03-11 11:53:09,Morning,Weekday
382.0,Coffee,2016-03-11 12:01:18,,Weekday
382.0,Coffee,2016-03-11 12:01:18,Afternoon,Weekday
382.0,Bread,2016-03-11 12:01:18,Afternoon,Weekday
382.0,Hearty & Seasonal,2016-03-11 12:01:18,Afternoon,Weekday
382.0,Pick and Mix Bowls,2016-03-11 12:01:18,Afternoon,Weekday
382.0,Sandwich,2016-03-11 12:01:18,Afternoon,Weekday
382.0,Focaccia,2016-03-11 12:01:18,Afternoon,Weekday
383.0,Coffee,2016-03-11 12:02:49,Afternoon,Weekday
384.0,Coffee,2016-03-11 12:05:25,Afternoon,Weekday
384.0,Sandwich,2016-03-11 12:05:25,Afternoon,Weekday
384.0,Brownie,2016-03-11 12:05:25,Afternoon,Weekday
385.0,Brownie,2016-03-11 12:07:24,Afternoon,Weekday
385.0,Cookies,2016-03-11 12:07:24,Afternoon,Weekday
386.0,Coffee,2016-03-11 12:12:03,Afternoon,Weekday
387.0,Coffee,2016-03-11 12:16:15,Afternoon,Weekday
388.0,Sandwich,2016-03-11 12:23:47,Afternoon,Weekday
388.0,Bread,2016-03-11 12:23:47,Afternoon,Weekday
388.0,Coffee,2016-03-11 12:23:47,Afternoon,Weekday
389.0,Coffee,2016-03-11 12:37:58,Afternoon,Weekday
389.0,Hot chocolate,2016-03-11 12:37:58,Afternoon,Weekday
390.0,Tea,,Afternoon,Weekday
391.0,,2016-03-11 13:02:37,Afternoon,Weekday
391.0,Coffee,2016-03-11 13:02:37,Afternoon,Weekday
391.0,Brownie,2016-03-11 13:02:37,Afternoon,Weekday
392.0,Brownie,2016-03-11 13:19:57,Afternoon,Weekday
392.0,Pastry,2016-03-11 13:19:57,Afternoon,Weekday
392.0,Focaccia,2016-03-11 13:19:57,Afternoon,Weekday
392.0,Farm House,2016-03-11 13:19:57,Afternoon,Weekday
393.0,Cake,2016-03-11 13:30:57,Afternoon,Weekday
393.0,Focaccia,2016-03-11 13:30:57,Afternoon,Weekday
394.0,Soup,2016-03-11 13:35:48,Afternoon,Weekday
394.0,Hearty & Seasonal,2016-03-11 13:35:48,Afternoon,Weekday
394.0,Mineral water,2016-03-11 13:35:48,Afternoon,Weekday
395.0,Hearty & Seasonal,2016-03-11 13:36:09,Afternoon,Weekday
396.0,Hearty & Seasonal,2016-03-11 13:37:53,Afternoon,Weekday
397.0,Coffee,2016-03-11 13:41:42,Afternoon,Weekday
397.0,Coffee,2016-03-11 13:41:42,Afternoon,Weekday
397.0,Pastry,2016-03-11 13:41:42,Afternoon,Weekday
398.0,Coffee,2016-03-11 14:00:26,Afternoon,Weekday
399.0,Tea,2016-03-11 14:03:07,Afternoon,Weekday
399.0,Cake,2016-03-11 14:03:07,Afternoon,Weekday
400.0,Coffee,2016-03-11 14:09:44,Afternoon,Weekday
400.0,Soup,2016-03-11 14:09:44,Afternoon,Weekday
401.0,Bread,2016-03-11 14:14:56,Afternoon,Weekday
401.0,Focaccia,2016-03-11 14:14:56,Afternoon,Weekday
401.0,Fudge,2016-03-11 14:14:56,Afternoon,Weekday
402.0,Hot chocolate,2016-03-11 14:16:50,Afternoon,Weekday
402.0,Coffee,2016-03-11 14:16:50,Afternoon,Weekday
402.0,Alfajores,2016-03-11 14:16:50,Afternoon,Weekday
403.0,Brownie,2016-03-11 14:26:27,Afternoon,Weekday
403.0,Pastry,2016-03-11 14:26:27,Afternoon,Weekday
403.0,Cake,2016-03-11 14:26:27,Afternoon,Weekday
404.0,Medialuna,2016-03-11 14:40:15,Afternoon,Weekday
404.0,Alfajores,2016-03-11 14:40:15,Afternoon,Weekday
404.0,Dulce de Leche,2016-03-11 14:40:15,Afternoon,Weekday
405.0,Dulce de Leche,2016-03-11 14:41:13,Afternoon,Weekday
405.0,Alfajores,2016-03-11 14:41:13,Afternoon,Weekday
406.0,Bread,2016-03-11 14:48:35,Afternoon,Weekday
406.0,Cake,2016-03-11 14:48:35,Afternoon,Weekday
407.0,Cake,,Afternoon,Weekday
407.0,Coffee,2016-03-11 14:51:45,Afternoon,Weekday
408.0,Bread,2016-03-11 15:00:24,Afternoon,Weekday
409.0,Sandwich,2016-03-11 15:01:52,Afternoon,Weekday
410.0,Bread,2016-03-11 15:06:48,Afternoon,Weekday
410.0,Coffee,2016-03-11 15:06:48,Afternoon,Weekday
410.0,Alfajores,2016-03-11 15:06:48,Afternoon,Weekday
410.0,Medialuna,2016-03-11 15:06:48,Afternoon,Weekday
411.0,Coffee,2016-03-11 15:19:41,Afternoon,Weekday
412.0,Bread,2016-03-11 15:23:33,Afternoon,Weekday
412.0,Alfajores,2016-03-11 15:23:33,Afternoon,Weekday
413.0,Tea,2016-03-11 15:27:03,Afternoon,Weekday
413.0,Coffee,2016-03-11 15:27:03,Afternoon,Weekday
414.0,Bread,2016-03-11 15:33:17,Afternoon,Weekday
415.0,Dulce de Leche,2016-03-11 15:33:40,Afternoon,Weekday
416.0,Farm House,2016-03-11 15:40:11,Afternoon,Weekday
417.0,Fudge,2016-03-11 15:41:18,Afternoon,Weekday
418.0,Coffee,2016-03-11 15:42:41,Afternoon,Weekday
419.0,Coffee,2016-03-11 15:55:46,Afternoon,Weekday
419.0,Alfajores,2016-03-11 15:55:46,Afternoon,Weekday
419.0,Juice,2016-03-11 15:55:46,Afternoon,Weekday
419.0,Ella's Kitchen Pouches,2016-03-11 15:55:46,Afternoon,Weekday
419.0,Brownie,2016-03-11 15:55:46,Afternoon,Weekday
420.0,Alfajores,2016-03-11 15:59:29,,Weekday
421.0,Alfajores,,Afternoon,Weekday
421.0,Brownie,2016-03-11 16:06:19,Afternoon,Weekday
421.0,Cookies,2016-03-11 16:06:19,Afternoon,Weekday
421.0,Bread,2016-03-11 16:06:19,Afternoon,Weekday
421.0,Juice,2016-03-11 16:06:19,Afternoon,Weekday
422.0,Cake,,Afternoon,Weekday
422.0,Cookies,2016-03-11 16:10:01,Afternoon,Weekday
423.0,Pick and Mix Bowls,2016-03-11 16:17:24,Afternoon,Weekday
424.0,Coffee,2016-03-11 16:28:32,Afternoon,Weekday
425.0,Farm House,2016-03-11 16:42:40,Afternoon,Weekday
426.0,Tea,2016-03-11 17:15:20,Evening,Weekday
427.0,Coffee,2016-03-11 17:25:09,Evening,Weekday
428.0,Focaccia,2016-03-11 17:29:00,Evening,Weekday
428.0,Farm House,2016-03-11 17:29:00,Evening,Weekday
429.0,Dulce de Leche,2016-03-11 17:32:25,Evening,Weekday
430.0,Juice,2016-03-11 17:40:05,Evening,Weekday
430.0,My-5 Fruit Shoot,2016-03-11 17:40:05,Evening,Weekday
430.0,Ella's Kitchen Pouches,2016-03-11 17:40:05,Evening,Weekday
430.0,Cookies,2016-03-11 17:40:05,Evening,Weekday
431.0,Bread,2016-03-11 17:45:07,Evening,Weekday
432.0,Hot chocolate,2016-03-11 18:07:31,Evening,Weekday
433.0,Coffee,2016-03-11 18:08:19,Evening,Weekday
435.0,Coffee,2016-03-11 18:51:13,Evening,Weekday
436.0,Coffee,2016-03-11 19:00:19,Evening,Weekday
437.0,Medialuna,2016-04-11 07:32:33,Morning,Weekday
438.0,Bread,2016-04-11 08:34:28,Morning,Weekday
438.0,Tea,2016-04-11 08:34:28,Morning,Weekday
438.0,Jam,2016-04-11 08:34:28,Morning,Weekday
439.0,Farm House,2016-04-11 08:36:49,Morning,Weekday
440.0,Bread,2016-04-11 08:40:07,Morning,Weekday
441.0,Coffee,2016-04-11 08:45:42,Morning,Weekday
442.0,Medialuna,2016-04-11 08:53:11,Morning,Weekday
442.0,Coffee,2016-04-11 08:53:11,Morning,Weekday
443.0,Bread,2016-04-11 09:02:15,Morning,Weekday
444.0,Medialuna,2016-04-11 09:05:15,Morning,Weekday
444.0,Pastry,2016-04-11 09:05:15,Morning,Weekday
444.0,Medialuna,2016-04-11 09:05:15,Morning,Weekday
445.0,Coffee,2016-04-11 09:07:34,Morning,Weekday
445.0,Coffee,2016-04-11 09:07:34,Morning,Weekday
445.0,Jam,2016-04-11 09:07:34,Morning,Weekday
446.0,Bread,2016-04-11 09:08:17,Morning,Weekday
446.0,Coffee,2016-04-11 09:08:17,Morning,Weekday
447.0,Coffee,2016-04-11 09:09:54,Morning,Weekday
447.0,Coffee,2016-04-11 09:09:54,Morning,Weekday
448.0,Bread,2016-04-11 09:11:33,Morning,Weekday
449.0,Hot chocolate,2016-04-11 09:13:17,Morning,Weekday
450.0,Bread,2016-04-11 09:14:38,Morning,Weekday
450.0,Medialuna,2016-04-11 09:14:38,Morning,Weekday
451.0,Bread,2016-04-11 09:22:21,Morning,Weekday
451.0,Jam,2016-04-11 09:22:21,Morning,Weekday
452.0,Jam,2016-04-11 09:23:35,Morning,Weekday
452.0,Bread,2016-04-11 09:23:35,Morning,Weekday
453.0,Coffee,2016-04-11 09:24:29,Morning,Weekday
453.0,Bread,2016-04-11 09:24:29,Morning,Weekday
454.0,Bread,2016-04-11 09:29:16,Morning,Weekday
454.0,Farm House,2016-04-11 09:29:16,Morning,Weekday
455.0,,2016-04-11 09:30:11,Morning,Weekday
455.0,Coffee,2016-04-11 09:30:11,Morning,Weekday
455.0,Coffee,2016-04-11 09:30:11,Morning,Weekday
456.0,Tea,2016-04-11 09:38:45,Morning,Weekday
456.0,Pastry,2016-04-11 09:38:45,Morning,Weekday
457.0,Coffee,2016-04-11 09:40:56,Morning,Weekday
457.0,Coffee,2016-04-11 09:40:56,Morning,Weekday
458.0,Bread,2016-04-11 09:52:19,Morning,Weekday
459.0,Pastry,2016-04-11 09:55:18,Morning,Weekday
459.0,Brownie,2016-04-11 09:55:18,Morning,Weekday
460.0,Farm House,2016-04-11 10:01:40,Morning,Weekday
461.0,Coffee,2016-04-11 10:01:57,Morning,Weekday
462.0,Tea,2016-04-11 10:10:37,Morning,Weekday
462.0,Coffee,2016-04-11 10:10:37,Morning,Weekday
462.0,Honey,2016-04-11 10:10:37,Morning,Weekday
462.0,Cookies,2016-04-11 10:10:37,Morning,Weekday
463.0,Tea,2016-04-11 10:14:10,Morning,Weekday
464.0,Bread,2016-04-11 10:24:15,Morning,Weekday
465.0,Brownie,2016-04-11 10:25:24,Morning,Weekday
466.0,Bread,2016-04-11 10:35:23,Morning,Weekday
466.0,Coffee,2016-04-11 10:35:23,Morning,Weekday
467.0,Bread,2016-04-11 10:36:59,Morning,Weekday
468.0,Coffee,2016-04-11 10:41:46,Morning,Weekday
,Tea,2016-04-11 10:48:39,Morning,Weekday
469.0,Tea,2016-04-11 10:48:39,Morning,Weekday
470.0,Tea,2016-04-11 10:51:01,Morning,Weekday
471.0,Coffee,2016-04-11 10:54:43,Morning,Weekday
471.0,Coffee,2016-04-11 10:54:43,Morning,Weekday
473.0,Bread,2016-04-11 11:00:57,Morning,Weekday
473.0,Coffee,2016-04-11 11:00:57,Morning,Weekday
474.0,Bread,,Morning,Weekday
474.0,Bread,2016-04-11 11:06:54,Morning,Weekday
475.0,Bread,2016-04-11 11:10:13,Morning,Weekday
475.0,The BART,2016-04-11 11:10:13,Morning,Weekday
476.0,Coffee,2016-04-11 11:12:22,Morning,Weekday
476.0,Brownie,2016-04-11 11:12:22,Morning,Weekday
477.0,Coffee,2016-04-11 11:13:28,Morning,Weekday
478.0,Coffee,2016-04-11 11:17:35,Morning,Weekday
478.0,Brownie,2016-04-11 11:17:35,Morning,Weekday
479.0,Mineral water,2016-04-11 11:25:41,Morning,Weekday
479.0,Coffee,2016-04-11 11:25:41,Morning,Weekday
479.0,Coffee,2016-04-11 11:25:41,Morning,Weekday
479.0,Tartine,2016-04-11 11:25:41,Morning,Weekday
480.0,Brownie,2016-04-11 11:33:11,Morning,Weekday
480.0,Coffee,2016-04-11 11:33:11,Morning,Weekday
481.0,Brownie,2016-04-11 11:36:07,Morning,Weekday
481.0,Juice,2016-04-11 11:36:07,Morning,Weekday
482.0,Coffee,2016-04-11 11:42:12,Morning,Weekday
482.0,Coffee,2016-04-11 11:42:12,Morning,Weekday
482.0,Bread,2016-04-11 11:42:12,Morning,Weekday
482.0,Tea,2016-04-11 11:42:12,Morning,Weekday
482.0,Alfajores,2016-04-11 11:42:12,Morning,Weekday
482.0,Medialuna,2016-04-11 11:42:12,Morning,Weekday
482.0,Pastry,2016-04-11 11:42:12,Morning,Weekday
482.0,Jam,2016-04-11 11:42:12,Morning,Weekday
483.0,Bread,2016-04-11 12:09:05,Afternoon,Weekday
484.0,Fudge,2016-04-11 12:13:14,Afternoon,Weekday
484.0,Fudge,2016-04-11 12:13:14,Afternoon,Weekday
485.0,Coffee,2016-04-11 12:17:15,Afternoon,Weekday
485.0,Pick and Mix Bowls,2016-04-11 12:17:15,Afternoon,Weekday
486.0,Pastry,2016-04-11 12:34:45,Afternoon,Weekday
486.0,Bread,2016-04-11 12:34:45,Afternoon,Weekday
487.0,Soup,2016-04-11 12:45:42,Afternoon,Weekday
487.0,Scandinavian,2016-04-11 12:45:42,Afternoon,Weekday
487.0,Coffee,2016-04-11 12:45:42,Afternoon,Weekday
,Mineral water,2016-04-11 12:45:42,Afternoon,Weekday
488.0,Juice,2016-04-11 12:51:54,Afternoon,Weekday
488.0,Mineral water,2016-04-11 12:51:54,Afternoon,Weekday
488.0,Sandwich,2016-04-11 12:51:54,Afternoon,Weekday
488.0,Pick and Mix Bowls,2016-04-11 12:51:54,Afternoon,Weekday
489.0,Bread,2016-04-11 12:54:15,Afternoon,Weekday
489.0,Pastry,2016-04-11 12:54:15,Afternoon,Weekday
489.0,Bread,2016-04-11 12:54:15,Afternoon,Weekday
490.0,Hearty & Seasonal,2016-04-11 12:56:51,Afternoon,Weekday
490.0,Hearty & Seasonal,2016-04-11 12:56:51,Afternoon,Weekday
490.0,Coffee,2016-04-11 12:56:51,Afternoon,Weekday
490.0,Coffee,2016-04-11 12:56:51,Afternoon,Weekday
491.0,Bread,2016-04-11 13:01:38,Afternoon,Weekday
491.0,Hearty & Seasonal,2016-04-11 13:01:38,Afternoon,Weekday
491.0,Coffee,2016-04-11 13:01:38,Afternoon,Weekday
491.0,Mineral water,2016-04-11 13:01:38,Afternoon,Weekday
492.0,Coffee,2016-04-11 13:04:40,Afternoon,Weekday
492.0,Tartine,2016-04-11 13:04:40,Afternoon,Weekday
492.0,Sandwich,2016-04-11 13:04:40,Afternoon,Weekday
492.0,Brownie,2016-04-11 13:04:40,Afternoon,Weekday
493.0,Coffee,2016-04-11 13:15:24,Afternoon,Weekday
493.0,Brownie,2016-04-11 13:15:24,Afternoon,Weekday
494.0,Alfajores,2016-04-11 13:39:44,Afternoon,Weekday
494.0,Coffee,2016-04-11 13:39:44,Afternoon,Weekday
494.0,Tartine,2016-04-11 13:39:44,Afternoon,Weekday
495.0,Mighty Protein,2016-04-11 13:55:51,Afternoon,Weekday
495.0,Coffee,2016-04-11 13:55:51,Afternoon,Weekday
497.0,Coffee,2016-04-11 14:04:31,Afternoon,Weekday
497.0,Hot chocolate,2016-04-11 14:04:31,Afternoon,Weekday
498.0,Soup,2016-04-11 14:16:07,Afternoon,Weekday
498.0,Jam,2016-04-11 14:16:07,Afternoon,Weekday
498.0,Coffee,2016-04-11 14:16:07,Afternoon,Weekday
498.0,Coffee,2016-04-11 14:16:07,Afternoon,Weekday
499.0,Mineral water,2016-04-11 14:17:39,Afternoon,Weekday
499.0,Brownie,2016-04-11 14:17:39,Afternoon,Weekday
500.0,Scandinavian,2016-04-11 14:24:36,Afternoon,Weekday
500.0,Coffee,2016-04-11 14:24:36,Afternoon,Weekday
501.0,Scandinavian,2016-04-11 14:30:08,Afternoon,Weekday
501.0,Coffee,2016-04-11 14:30:08,Afternoon,Weekday
502.0,Coffee,2016-04-11 14:49:02,Afternoon,Weekday
502.0,Coffee,2016-04-11 14:49:02,Afternoon,Weekday
503.0,Coffee,2016-04-11 14:51:22,Afternoon,Weekday
503.0,Coffee,2016-04-11 14:51:22,Afternoon,Weekday
503.0,Hot chocolate,2016-04-11 14:51:22,Afternoon,Weekday
503.0,Brownie,2016-04-11 14:51:22,Afternoon,Weekday
503.0,Hearty & Seasonal,2016-04-11 14:51:22,Afternoon,Weekday
504.0,Tea,2016-04-11 15:18:24,Afternoon,Weekday
504.0,Cake,2016-04-11 15:18:24,Afternoon,Weekday
505.0,Medialuna,2016-04-11 15:20:23,,Weekday
506.0,Alfajores,,Afternoon,Weekday
506.0,Tea,2016-04-11 15:31:51,Afternoon,Weekday
506.0,Coffee,2016-04-11 15:31:51,Afternoon,Weekday
507.0,Coffee,2016-04-11 15:35:06,Afternoon,Weekday
507.0,Juice,2016-04-11 15:35:06,Afternoon,Weekday
507.0,Brownie,2016-04-11 15:35:06,Afternoon,Weekday
507.0,Alfajores,2016-04-11 15:35:06,Afternoon,Weekday
508.0,Coffee,2016-04-11 15:35:49,Afternoon,Weekday
508.0,Sandwich,2016-04-11 15:35:49,Afternoon,Weekday
509.0,Bread,2016-04-11 15:36:38,Afternoon,Weekday
509.0,Soup,2016-04-11 15:36:38,Afternoon,Weekday
510.0,,2016-04-11 15:37:02,Afternoon,Weekday
510.0,Bread,2016-04-11 15:37:02,Afternoon,Weekday
511.0,Bread,2016-04-11 15:38:27,Afternoon,Weekday
512.0,Tea,2016-04-11 15:39:57,Afternoon,Weekday
512.0,Brownie,2016-04-11 15:39:57,Afternoon,Weekday
512.0,Cookies,2016-04-11 15:39:57,Afternoon,Weekday
513.0,Coffee,2016-04-11 15:41:06,Afternoon,Weekday
513.0,Bread,2016-04-11 15:41:06,Afternoon,Weekday
513.0,Brownie,2016-04-11 15:41:06,Afternoon,Weekday
514.0,Brownie,2016-04-11 15:51:24,Afternoon,Weekday
515.0,Cookies,2016-04-11 15:57:56,Afternoon,Weekday
515.0,Bread,2016-04-11 15:57:56,Afternoon,Weekday
515.0,Jam,2016-04-11 15:57:56,Afternoon,Weekday
516.0,Coffee,2016-04-11 16:04:23,Afternoon,Weekday
517.0,Tea,2016-04-11 16:14:01,Afternoon,Weekday
517.0,Brownie,2016-04-11 16:14:01,Afternoon,Weekday
517.0,Tea,2016-04-11 16:14:01,Afternoon,Weekday
518.0,Alfajores,2016-04-11 16:56:18,Afternoon,Weekday
518.0,Medialuna,2016-04-11 16:56:18,Afternoon,Weekday
518.0,Scandinavian,2016-04-11 16:56:18,Afternoon,Weekday
519.0,Hot chocolate,2016-04-11 17:52:34,Evening,Weekday
519.0,Coffee,2016-04-11 17:52:34,Evening,Weekday
519.0,Alfajores,2016-04-11 17:52:34,Evening,Weekday
519.0,Cookies,2016-04-11 17:52:34,Evening,Weekday
520.0,Brownie,2016-04-11 17:58:43,Evening,Weekday
521.0,Fudge,2016-04-11 18:48:37,Evening,Weekday
522.0,Tea,2016-04-11 19:02:45,Evening,Weekday
522.0,Brownie,2016-04-11 19:02:45,Evening,Weekday
523.0,Dulce de Leche,2016-04-11 20:00:47,Evening,Weekday
523.0,Fudge,2016-04-11 20:00:47,Evening,Weekday
524.0,Bread,2016-05-11 08:29:32,Morning,Weekend
524.0,Scandinavian,2016-05-11 08:29:32,Morning,Weekend
524.0,Fudge,2016-05-11 08:29:32,Morning,
524.0,Granola,2016-05-11 08:29:32,Morning,Weekend
524.0,Pastry,2016-05-11 08:29:32,Morning,Weekend
524.0,Coffee,2016-05-11 08:29:32,Morning,Weekend
525.0,Bread,2016-05-11 08:32:12,Morning,Weekend
525.0,Fudge,2016-05-11 08:32:12,Morning,Weekend
526.0,Hot chocolate,2016-05-11 08:36:10,Morning,Weekend
526.0,Coffee,2016-05-11 08:36:10,Morning,Weekend
526.0,Medialuna,2016-05-11 08:36:10,Morning,Weekend
526.0,Medialuna,2016-05-11 08:36:10,Morning,Weekend
527.0,,2016-05-11 08:39:13,Morning,Weekend
528.0,Bread,2016-05-11 08:42:16,Morning,Weekend
528.0,Medialuna,2016-05-11 08:42:16,Morning,Weekend
529.0,Bread,2016-05-11 08:50:09,Morning,Weekend
529.0,Coffee,2016-05-11 08:50:09,Morning,Weekend
529.0,Medialuna,2016-05-11 08:50:09,Morning,Weekend
529.0,Jam,2016-05-11 08:50:09,Morning,Weekend
530.0,Jam,2016-05-11 08:51:08,Morning,Weekend
530.0,Coffee,2016-05-11 08:51:08,Morning,Weekend
530.0,Brownie,2016-05-11 08:51:08,Morning,Weekend
531.0,Bread,2016-05-11 08:53:55,Morning,Weekend
531.0,Coffee,2016-05-11 08:53:55,Morning,Weekend
531.0,Jam,2016-05-11 08:53:55,Morning,Weekend
532.0,Scandinavian,2016-05-11 08:57:49,Morning,Weekend
533.0,Coffee,2016-05-11 09:00:47,Morning,Weekend
533.0,Cookies,2016-05-11 09:00:47,Morning,Weekend
534.0,Coffee,2016-05-11 09:03:58,Morning,Weekend
534.0,Coffee,2016-05-11 09:03:58,Morning,Weekend
534.0,Scandinavian,2016-05-11 09:03:58,Morning,Weekend
535.0,Bread,2016-05-11 09:09:16,Morning,Weekend
536.0,Bread,2016-05-11 09:10:36,Morning,Weekend
537.0,Jam,2016-05-11 09:18:53,Morning,Weekend
537.0,Brownie,2016-05-11 09:18:53,Morning,Weekend
537.0,Coffee,2016-05-11 09:18:53,Morning,Weekend
537.0,Coffee,2016-05-11 09:18:53,Morning,Weekend
538.0,Coffee,2016-05-11 09:19:59,Morning,Weekend
539.0,Brownie,2016-05-11 09:26:27,Morning,Weekend
539.0,Hot chocolate,2016-05-11 09:26:27,Morning,Weekend
540.0,Bread,2016-05-11 09:27:36,Morning,Weekend
541.0,Bread,2016-05-11 09:33:49,Morning,Weekend
541.0,Bread,2016-05-11 09:33:49,Morning,Weekend
541.0,Medialuna,2016-05-11 09:33:49,Morning,Weekend
542.0,Coffee,2016-05-11 09:34:43,Morning,Weekend
542.0,Hot chocolate,2016-05-11 09:34:43,Morning,Weekend
542.0,Brownie,2016-05-11 09:34:43,Morning,Weekend
543.0,Scandinavian,2016-05-11 09:36:48,Morning,Weekend
544.0,Basket,2016-05-11 09:40:12,Morning,Weekend
544.0,Bread,2016-05-11 09:40:12,Morning,Weekend
545.0,Coffee,2016-05-11 09:41:44,Morning,Weekend
545.0,Bread,2016-05-11 09:41:44,Morning,Weekend
545.0,Brownie,2016-05-11 09:41:44,Morning,Weekend
546.0,Cake,2016-05-11 09:43:52,Morning,Weekend
546.0,Fudge,2016-05-11 09:43:52,Morning,Weekend
547.0,Coffee,2016-05-11 09:47:53,Morning,Weekend
547.0,Hot chocolate,2016-05-11 09:47:53,Morning,Weekend
547.0,Coffee,2016-05-11 09:47:53,Morning,Weekend
547.0,Basket,2016-05-11 09:47:53,Morning,Weekend
548.0,Scandinavian,2016-05-11 10:01:24,Morning,Weekend
549.0,Scandinavian,2016-05-11 10:07:32,Morning,Weekend
550.0,Coffee,2016-05-11 10:14:02,Morning,Weekend
550.0,Bread,2016-05-11 10:14:02,Morning,Weekend
550.0,Coffee,2016-05-11 10:14:02,Morning,Weekend
550.0,Cake,2016-05-11 10:14:02,Morning,Weekend
550.0,Medialuna,2016-05-11 10:14:02,Morning,Weekend
551.0,Coffee,2016-05-11 10:17:23,Morning,Weekend
551.0,Coffee,2016-05-11 10:17:23,Morning,Weekend
551.0,Medialuna,2016-05-11 10:17:23,Morning,
552.0,Bread,2016-05-11 10:19:59,Morning,Weekend
552.0,Pastry,2016-05-11 10:19:59,Morning,Weekend
553.0,Bread,2016-05-11 10:20:46,Morning,Weekend
553.0,Brownie,2016-05-11 10:20:46,Morning,Weekend
554.0,Medialuna,2016-05-11 10:23:02,Morning,Weekend
554.0,Farm House,2016-05-11 10:23:02,Morning,Weekend
555.0,Bread,2016-05-11 10:24:34,Morning,Weekend
555.0,Medialuna,2016-05-11 10:24:34,Morning,Weekend
556.0,,2016-05-11 10:26:16,Morning,Weekend
556.0,Medialuna,,Morning,Weekend
556.0,Hot chocolate,2016-05-11 10:26:16,Morning,Weekend
556.0,Smoothies,2016-05-11 10:26:16,Morning,Weekend
556.0,Coffee,2016-05-11 10:26:16,Morning,Weekend
557.0,Bread,2016-05-11 10:29:41,Morning,Weekend
557.0,Tea,2016-05-11 10:29:41,Morning,Weekend
557.0,Coffee,2016-05-11 10:29:41,Morning,Weekend
557.0,Brownie,2016-05-11 10:29:41,Morning,Weekend
557.0,Medialuna,2016-05-11 10:29:41,Morning,Weekend
558.0,Medialuna,2016-05-11 10:32:09,Morning,Weekend
558.0,Medialuna,2016-05-11 10:32:09,Morning,Weekend
558.0,Cookies,2016-05-11 10:32:09,Morning,Weekend
559.0,Coffee,2016-05-11 10:33:20,Morning,Weekend
559.0,Medialuna,2016-05-11 10:33:20,Morning,Weekend
560.0,Bread,2016-05-11 10:35:12,Morning,Weekend
560.0,Fudge,2016-05-11 10:35:12,Morning,Weekend
562.0,Coffee,2016-05-11 10:38:58,Morning,Weekend
562.0,Tea,2016-05-11 10:38:58,Morning,Weekend
563.0,Coffee,2016-05-11 10:40:35,Morning,Weekend
563.0,Cookies,2016-05-11 10:40:35,Morning,Weekend
564.0,Pastry,2016-05-11 10:43:10,Morning,Weekend
564.0,Bread,2016-05-11 10:43:10,Morning,Weekend
564.0,Brownie,2016-05-11 10:43:10,Morning,Weekend
565.0,Bread,2016-05-11 10:44:58,Morning,Weekend
565.0,Coffee,2016-05-11 10:44:58,Morning,Weekend
565.0,Bread,2016-05-11 10:44:58,Morning,Weekend
566.0,Coffee,2016-05-11 10:52:09,Morning,Weekend
566.0,Coffee,2016-05-11 10:52:09,Morning,Weekend
566.0,Tea,2016-05-11 10:52:09,Morning,Weekend
567.0,Bread,2016-05-11 10:53:49,Morning,Weekend
568.0,Medialuna,2016-05-11 10:57:31,Morning,Weekend
568.0,Coffee,2016-05-11 10:57:31,Morning,Weekend
569.0,My-5 Fruit Shoot,2016-05-11 11:03:33,Morning,Weekend
569.0,Coffee,2016-05-11 11:03:33,Morning,Weekend
569.0,Brownie,2016-05-11 11:03:33,Morning,Weekend
570.0,Coffee,2016-05-11 11:07:57,Morning,Weekend
570.0,Fudge,2016-05-11 11:07:57,Morning,Weekend
571.0,Coffee,,Morning,Weekend
572.0,Coffee,2016-05-11 11:20:07,Morning,Weekend
572.0,Basket,2016-05-11 11:20:07,Morning,Weekend
573.0,Farm House,2016-05-11 11:20:30,Morning,Weekend
574.0,Farm House,2016-05-11 11:21:31,Morning,Weekend
575.0,Coffee,2016-05-11 11:22:49,Morning,Weekend
575.0,Brownie,2016-05-11 11:22:49,Morning,Weekend
576.0,Scandinavian,2016-05-11 11:24:17,Morning,Weekend
576.0,Brownie,2016-05-11 11:24:17,Morning,Weekend
576.0,My-5 Fruit Shoot,2016-05-11 11:24:17,Morning,Weekend
577.0,Tartine,2016-05-11 11:26:56,Morning,Weekend
577.0,Coffee,2016-05-11 11:26:56,Morning,Weekend
577.0,Hot chocolate,2016-05-11 11:26:56,Morning,Weekend
577.0,Brownie,2016-05-11 11:26:56,Morning,Weekend
578.0,Brownie,2016-05-11 11:31:33,Morning,Weekend
578.0,Bread,2016-05-11 11:31:33,Morning,Weekend
578.0,Hot chocolate,2016-05-11 11:31:33,Morning,Weekend
579.0,Jam,2016-05-11 11:34:15,Morning,Weekend
579.0,Fudge,2016-05-11 11:34:15,Morning,Weekend
580.0,Coffee,2016-05-11 11:35:46,Morning,Weekend
581.0,Fudge,2016-05-11 11:37:53,Morning,Weekend
583.0,Mighty Protein,2016-05-11 11:49:10,Morning,Weekend
583.0,Hearty & Seasonal,2016-05-11 11:49:10,Morning,Weekend
583.0,Coffee,2016-05-11 11:49:10,Morning,Weekend
583.0,Tea,2016-05-11 11:49:10,Morning,Weekend
583.0,Cake,2016-05-11 11:49:10,Morning,Weekend
584.0,Coffee,2016-05-11 11:49:56,Morning,Weekend
585.0,Scandinavian,2016-05-11 11:50:54,Morning,Weekend
586.0,Cake,2016-05-11 11:53:38,Morning,Weekend
586.0,Victorian Sponge,2016-05-11 11:53:38,Morning,Weekend
586.0,Scandinavian,2016-05-11 11:53:38,Morning,Weekend
587.0,Tea,2016-05-11 11:56:57,Morning,Weekend
587.0,Cake,2016-05-11 11:56:57,Morning,Weekend
588.0,Coffee,2016-05-11 11:58:21,Morning,Weekend
588.0,Coffee,2016-05-11 11:58:21,Morning,Weekend
589.0,Coffee,2016-05-11 12:14:47,Afternoon,Weekend
589.0,Coffee,2016-05-11 12:14:47,Afternoon,Weekend
590.0,Bread,2016-05-11 12:15:45,Afternoon,Weekend
591.0,Frittata,2016-05-11 12:18:04,Afternoon,Weekend
592.0,Coffee,2016-05-11 12:19:48,Afternoon,Weekend
592.0,Coffee,2016-05-11 12:19:48,Afternoon,Weekend
592.0,My-5 Fruit Shoot,2016-05-11 12:19:48,Afternoon,Weekend
592.0,Brownie,2016-05-11 12:19:48,Afternoon,Weekend
593.0,Focaccia,2016-05-11 12:22:00,Afternoon,Weekend
593.0,Fairy Doors,2016-05-11 12:22:00,Afternoon,Weekend
594.0,Tea,2016-05-11 12:27:50,Afternoon,Weekend
594.0,Coffee,2016-05-11 12:27:50,Afternoon,Weekend
594.0,Coffee,2016-05-11 12:27:50,Afternoon,Weekend
595.0,Hot chocolate,2016-05-11 12:31:46,Afternoon,Weekend
595.0,Hearty & Seasonal,2016-05-11 12:31:46,Afternoon,Weekend
595.0,Pick and Mix Bowls,2016-05-11 12:31:46,Afternoon,Weekend
595.0,Brownie,2016-05-11 12:31:46,Afternoon,Weekend
596.0,Frittata,2016-05-11 12:35:28,Afternoon,Weekend
596.0,Coffee,2016-05-11 12:35:28,Afternoon,Weekend
597.0,Bread,2016-05-11 12:37:20,Afternoon,Weekend
597.0,Brownie,2016-05-11 12:37:20,Afternoon,Weekend
598.0,Frittata,2016-05-11 12:44:11,Afternoon,Weekend
599.0,Scandinavian,2016-05-11 12:46:04,Afternoon,Weekend
600.0,Bread,2016-05-11 12:52:29,Afternoon,Weekend
601.0,Farm House,2016-05-11 12:57:51,Afternoon,Weekend
602.0,Pick and Mix Bowls,2016-05-11 12:58:46,Afternoon,Weekend
602.0,Jam,2016-05-11 12:58:46,Afternoon,Weekend
602.0,Soup,2016-05-11 12:58:46,Afternoon,Weekend
602.0,Brownie,2016-05-11 12:58:46,Afternoon,Weekend
603.0,Hearty & Seasonal,2016-05-11 13:01:28,Afternoon,Weekend
603.0,Coffee,2016-05-11 13:01:28,Afternoon,Weekend
603.0,Tea,2016-05-11 13:01:28,Afternoon,Weekend
604.0,Bread,2016-05-11 13:03:55,Afternoon,Weekend
605.0,Bread,2016-05-11 13:05:23,Afternoon,Weekend
605.0,Frittata,2016-05-11 13:05:23,Afternoon,Weekend
606.0,Scandinavian,2016-05-11 13:12:16,Afternoon,Weekend
608.0,Tartine,2016-05-11 13:23:34,Afternoon,Weekend
608.0,Hot chocolate,2016-05-11 13:23:34,Afternoon,Weekend
608.0,Coffee,2016-05-11 13:23:34,Afternoon,Weekend
609.0,Coffee,2016-05-11 13:25:20,Afternoon,Weekend
609.0,Mighty Protein,2016-05-11 13:25:20,Afternoon,Weekend
610.0,Frittata,2016-05-11 13:27:11,Afternoon,Weekend
610.0,Coffee,2016-05-11 13:27:11,Afternoon,Weekend
611.0,Scandinavian,2016-05-11 13:29:26,Afternoon,Weekend
612.0,Hearty & Seasonal,2016-05-11 13:31:32,Afternoon,Weekend
612.0,Coffee,2016-05-11 13:31:32,Afternoon,Weekend
612.0,Mineral water,2016-05-11 13:31:32,Afternoon,Weekend
613.0,Scandinavian,2016-05-11 13:43:24,Afternoon,Weekend
615.0,Bread,2016-05-11 13:45:35,Afternoon,Weekend
615.0,Coffee,2016-05-11 13:45:35,Afternoon,Weekend
616.0,Hearty & Seasonal,2016-05-11 13:57:58,Afternoon,Weekend
616.0,Soup,2016-05-11 13:57:58,Afternoon,Weekend
616.0,Bread,2016-05-11 13:57:58,Afternoon,Weekend
616.0,Coffee,2016-05-11 13:57:58,Afternoon,Weekend
617.0,Brownie,2016-05-11 14:03:14,Afternoon,Weekend
617.0,Cake,2016-05-11 14:03:14,Afternoon,Weekend
617.0,Tea,2016-05-11 14:03:14,Afternoon,Weekend
618.0,Mighty Protein,2016-05-11 14:08:03,Afternoon,Weekend
618.0,Coffee,2016-05-11 14:08:03,Afternoon,
620.0,Coffee,2016-05-11 14:12:41,Afternoon,Weekend
620.0,Tea,2016-05-11 14:12:41,Afternoon,Weekend
620.0,Brownie,2016-05-11 14:12:41,Afternoon,Weekend
620.0,Soup,2016-05-11 14:12:41,Afternoon,Weekend
621.0,Cake,2016-05-11 14:14:11,Afternoon,Weekend
622.0,Hot chocolate,2016-05-11 14:32:52,Afternoon,Weekend
622.0,Coffee,2016-05-11 14:32:52,Afternoon,Weekend
622.0,Cake,2016-05-11 14:32:52,Afternoon,Weekend
623.0,Hearty & Seasonal,2016-05-11 14:48:55,Afternoon,Weekend
623.0,Coffee,2016-05-11 14:48:55,Afternoon,Weekend
624.0,Coffee,2016-05-11 14:49:57,Afternoon,Weekend
625.0,Frittata,2016-05-11 15:14:47,Afternoon,Weekend
625.0,Coffee,2016-05-11 15:14:47,Afternoon,Weekend
625.0,Brownie,2016-05-11 15:14:47,Afternoon,Weekend
626.0,Sandwich,2016-05-11 15:17:20,Afternoon,Weekend
626.0,Frittata,2016-05-11 15:17:20,Afternoon,Weekend
626.0,Coke,2016-05-11 15:17:20,Afternoon,Weekend
626.0,Mineral water,2016-05-11 15:17:20,Afternoon,Weekend
626.0,Brownie,2016-05-11 15:17:20,Afternoon,Weekend
627.0,Granola,2016-05-11 15:18:59,Afternoon,Weekend
,Scandinavian,2016-05-11 15:18:59,Afternoon,Weekend
628.0,Coffee,2016-05-11 15:21:16,Afternoon,Weekend
628.0,Coke,2016-05-11 15:21:16,Afternoon,Weekend
628.0,Coffee,2016-05-11 15:21:16,Afternoon,Weekend
629.0,Tea,2016-05-11 15:24:18,Afternoon,Weekend
629.0,Tea,2016-05-11 15:24:18,Afternoon,
629.0,Brownie,2016-05-11 15:24:18,Afternoon,Weekend
629.0,Cake,2016-05-11 15:24:18,Afternoon,Weekend
630.0,Fudge,2016-05-11 15:36:57,Afternoon,Weekend
631.0,Coffee,2016-05-11 15:40:12,Afternoon,Weekend
632.0,Brownie,2016-05-11 15:43:51,Afternoon,Weekend
633.0,Cake,2016-05-11 15:45:29,Afternoon,
634.0,Tea,2016-05-11 15:46:54,Afternoon,Weekend
635.0,Coffee,2016-05-11 15:53:52,Afternoon,Weekend
635.0,Coffee,2016-05-11 15:53:52,Afternoon,Weekend
635.0,,2016-05-11 15:53:52,Afternoon,Weekend
635.0,Soup,2016-05-11 15:53:52,Afternoon,Weekend
635.0,Sandwich,2016-05-11 15:53:52,Afternoon,Weekend
635.0,Cake,2016-05-11 15:53:52,Afternoon,Weekend
636.0,Coffee,2016-05-11 15:56:06,Afternoon,Weekend
636.0,Bread,2016-05-11 15:56:06,Afternoon,Weekend
636.0,Brownie,2016-05-11 15:56:06,Afternoon,Weekend
637.0,Bread,2016-05-11 16:00:53,Afternoon,Weekend
637.0,Coffee,2016-05-11 16:00:53,Afternoon,Weekend
637.0,Brownie,2016-05-11 16:00:53,Afternoon,Weekend
638.0,Coffee,2016-05-11 16:04:24,Afternoon,Weekend
638.0,Bread,,Afternoon,Weekend
638.0,Brownie,2016-05-11 16:04:24,Afternoon,Weekend
639.0,Brownie,2016-05-11 16:05:47,Afternoon,
639.0,Coffee,2016-05-11 16:05:47,Afternoon,Weekend
640.0,Coffee,2016-05-11 16:12:04,Afternoon,
640.0,Soup,2016-05-11 16:12:04,Afternoon,Weekend
640.0,Brownie,2016-05-11 16:12:04,Afternoon,Weekend
641.0,Fudge,2016-05-11 16:20:37,Afternoon,Weekend
642.0,Bread,2016-05-11 16:20:45,Afternoon,Weekend
642.0,Focaccia,2016-05-11 16:20:45,Afternoon,Weekend
643.0,Bread,2016-05-11 16:33:28,Afternoon,Weekend
643.0,Farm House,2016-05-11 16:33:28,Afternoon,Weekend
643.0,Jam,2016-05-11 16:33:28,Afternoon,Weekend
644.0,Hot chocolate,2016-05-11 16:37:10,Afternoon,Weekend
644.0,,2016-05-11 16:37:10,Afternoon,Weekend
645.0,Hot chocolate,2016-05-11 16:43:30,Afternoon,Weekend
646.0,Coffee,2016-05-11 16:45:21,Afternoon,Weekend
646.0,Brownie,2016-05-11 16:45:21,Afternoon,Weekend
647.0,Medialuna,2016-05-11 18:45:24,Evening,Weekend
647.0,Pastry,2016-05-11 18:45:24,Evening,Weekend
648.0,Bread,2016-06-11 09:17:36,Morning,Weekend
650.0,Coffee,2016-06-11 09:42:55,Morning,Weekend
650.0,Pastry,2016-06-11 09:42:55,Morning,Weekend
650.0,Bread,2016-06-11 09:42:55,Morning,Weekend
651.0,Coffee,2016-06-11 09:56:06,Morning,Weekend
651.0,Mineral water,2016-06-11 09:56:06,Morning,Weekend
652.0,Pastry,2016-06-11 10:09:41,Morning,Weekend
652.0,Bread,2016-06-11 10:09:41,Morning,Weekend
652.0,Hot chocolate,2016-06-11 10:09:41,Morning,Weekend
653.0,Bread,2016-06-11 10:11:49,Morning,Weekend
654.0,Bread,2016-06-11 10:12:09,Morning,Weekend
655.0,Jam,2016-06-11 10:14:22,Morning,Weekend
655.0,Coffee,2016-06-11 10:14:22,Morning,Weekend
655.0,Coffee,2016-06-11 10:14:22,Morning,Weekend
655.0,Bread,2016-06-11 10:14:22,Morning,Weekend
656.0,Coffee,2016-06-11 10:15:14,Morning,Weekend
656.0,Coffee,2016-06-11 10:15:14,Morning,Weekend
656.0,Pastry,2016-06-11 10:15:14,Morning,Weekend
657.0,Medialuna,2016-06-11 10:18:08,Morning,Weekend
657.0,Coffee,2016-06-11 10:18:08,Morning,Weekend
657.0,Coffee,2016-06-11 10:18:08,Morning,Weekend
657.0,Focaccia,2016-06-11 10:18:08,Morning,Weekend
657.0,Hearty & Seasonal,2016-06-11 10:18:08,Morning,Weekend
658.0,Bread,2016-06-11 10:21:51,Morning,Weekend
658.0,Farm House,2016-06-11 10:21:51,Morning,Weekend
658.0,Coffee,2016-06-11 10:21:51,Morning,Weekend
658.0,Jam,2016-06-11 10:21:51,Morning,Weekend
659.0,Farm House,2016-06-11 10:24:23,Morning,Weekend
660.0,Coffee,2016-06-11 10:43:58,Morning,Weekend
660.0,Tea,2016-06-11 10:43:58,Morning,Weekend
660.0,Pastry,2016-06-11 10:43:58,Morning,Weekend
660.0,Medialuna,2016-06-11 10:43:58,Morning,Weekend
661.0,Pastry,2016-06-11 10:45:59,Morning,Weekend
661.0,Medialuna,2016-06-11 10:45:59,Morning,Weekend
661.0,Coffee,2016-06-11 10:45:59,Morning,Weekend
662.0,Coffee,2016-06-11 10:49:53,Morning,Weekend
662.0,Hot chocolate,2016-06-11 10:49:53,Morning,Weekend
662.0,Basket,2016-06-11 10:49:53,Morning,Weekend
662.0,Farm House,2016-06-11 10:49:53,Morning,Weekend
663.0,Pastry,2016-06-11 10:54:06,Morning,Weekend
663.0,Farm House,2016-06-11 10:54:06,Morning,Weekend
664.0,Hot chocolate,2016-06-11 10:56:49,Morning,Weekend
664.0,Coffee,2016-06-11 10:56:49,Morning,Weekend
664.0,My-5 Fruit Shoot,2016-06-11 10:56:49,Morning,Weekend
665.0,Pastry,2016-06-11 10:58:14,Morning,Weekend
665.0,Medialuna,2016-06-11 10:58:14,Morning,Weekend
665.0,Muffin,2016-06-11 10:58:14,Morning,Weekend
666.0,Farm House,2016-06-11 11:02:43,Morning,Weekend
667.0,Muffin,2016-06-11 11:06:26,Morning,Weekend
667.0,Pastry,2016-06-11 11:06:26,Morning,Weekend
667.0,Focaccia,2016-06-11 11:06:26,Morning,Weekend
668.0,Coffee,2016-06-11 11:07:51,Morning,Weekend
668.0,Tea,2016-06-11 11:07:51,Morning,Weekend
669.0,Bread,2016-06-11 11:09:23,Morning,Weekend
670.0,,2016-06-11 11:11:13,Morning,Weekend
671.0,Coffee,2016-06-11 11:14:18,Morning,Weekend
671.0,Hot chocolate,2016-06-11 11:14:18,Morning,Weekend
671.0,Pastry,2016-06-11 11:14:18,Morning,Weekend
671.0,Jam,2016-06-11 11:14:18,Morning,Weekend
672.0,Bread,2016-06-11 11:16:02,Morning,Weekend
673.0,Coffee,2016-06-11 11:17:47,Morning,Weekend
673.0,,2016-06-11 11:17:47,Morning,Weekend
673.0,Bread,2016-06-11 11:17:47,Morning,Weekend
674.0,Tea,2016-06-11 11:19:02,Morning,Weekend
675.0,Hot chocolate,2016-06-11 11:20:27,Morning,Weekend
675.0,Coffee,2016-06-11 11:20:27,Morning,Weekend
675.0,Mineral water,2016-06-11 11:20:27,Morning,Weekend
676.0,Coffee,2016-06-11 11:21:18,Morning,Weekend
676.0,Coffee,2016-06-11 11:21:18,Morning,Weekend
677.0,Coffee,2016-06-11 11:22:40,Morning,Weekend
678.0,Jam,2016-06-11 11:24:38,Morning,Weekend
678.0,Coffee,2016-06-11 11:24:38,Morning,Weekend
678.0,Coffee,2016-06-11 11:24:38,,Weekend
680.0,Muffin,2016-06-11 11:33:18,Morning,Weekend
681.0,Bread,2016-06-11 11:35:49,Morning,Weekend
682.0,Bread,2016-06-11 11:42:26,Morning,Weekend
683.0,Bread,2016-06-11 11:43:40,Morning,Weekend
684.0,Muffin,2016-06-11 11:47:12,Morning,Weekend
684.0,Hot chocolate,2016-06-11 11:47:12,Morning,Weekend
684.0,Coffee,2016-06-11 11:47:12,Morning,Weekend
685.0,Muffin,2016-06-11 11:55:10,Morning,Weekend
685.0,Fudge,2016-06-11 11:55:10,Morning,Weekend
686.0,Bread,2016-06-11 11:57:28,Morning,Weekend
687.0,Bread,2016-06-11 12:04:08,Afternoon,Weekend
688.0,Farm House,2016-06-11 12:07:19,Afternoon,Weekend
689.0,Coffee,2016-06-11 12:11:20,Afternoon,Weekend
689.0,Muffin,2016-06-11 12:11:20,Afternoon,Weekend
690.0,Focaccia,2016-06-11 12:19:31,Afternoon,Weekend
691.0,Bread,2016-06-11 12:22:28,Afternoon,Weekend
691.0,Tea,2016-06-11 12:22:28,Afternoon,Weekend
692.0,Coffee,2016-06-11 12:23:34,Afternoon,Weekend
692.0,Hot chocolate,2016-06-11 12:23:34,Afternoon,Weekend
693.0,Coffee,2016-06-11 12:31:44,Afternoon,Weekend
693.0,Tartine,2016-06-11 12:31:44,Afternoon,Weekend
693.0,Coffee,2016-06-11 12:31:44,Afternoon,Weekend
693.0,Pick and Mix Bowls,2016-06-11 12:31:44,Afternoon,Weekend
693.0,Jam,2016-06-11 12:31:44,Afternoon,Weekend
695.0,Jam,2016-06-11 12:38:33,Afternoon,Weekend
696.0,Tartine,2016-06-11 12:39:03,Afternoon,Weekend
697.0,Bread,2016-06-11 12:39:57,Afternoon,Weekend
697.0,Coffee,2016-06-11 12:39:57,Afternoon,Weekend
698.0,Coffee,2016-06-11 12:42:42,Afternoon,Weekend
698.0,Coffee,2016-06-11 12:42:42,Afternoon,Weekend
698.0,Mineral water,2016-06-11 12:42:42,Afternoon,Weekend
698.0,Juice,2016-06-11 12:42:42,Afternoon,Weekend
698.0,Tartine,2016-06-11 12:42:42,Afternoon,Weekend
698.0,Pick and Mix Bowls,2016-06-11 12:42:42,Afternoon,Weekend
699.0,Bread,2016-06-11 12:50:29,Afternoon,Weekend
699.0,Tea,2016-06-11 12:50:29,Afternoon,Weekend
699.0,Juice,2016-06-11 12:50:29,Afternoon,Weekend
700.0,Coffee,2016-06-11 12:53:15,Afternoon,Weekend
700.0,Coffee,2016-06-11 12:53:15,Afternoon,Weekend
700.0,Cake,2016-06-11 12:53:15,Afternoon,Weekend
701.0,Farm House,2016-06-11 12:57:40,Afternoon,Weekend
702.0,Farm House,2016-06-11 12:58:12,Afternoon,Weekend
703.0,Cake,2016-06-11 13:14:44,Afternoon,Weekend
703.0,Brownie,2016-06-11 13:14:44,Afternoon,Weekend
703.0,Coffee,2016-06-11 13:14:44,Afternoon,Weekend
703.0,Coffee,2016-06-11 13:14:44,Afternoon,Weekend
704.0,,2016-06-11 13:28:44,Afternoon,Weekend
704.0,Coffee,2016-06-11 13:28:44,Afternoon,Weekend
705.0,Tea,2016-06-11 13:29:28,Afternoon,Weekend
705.0,Coffee,2016-06-11 13:29:28,Afternoon,Weekend
705.0,Muffin,2016-06-11 13:29:28,Afternoon,Weekend
706.0,Coffee,2016-06-11 13:31:34,Afternoon,Weekend
707.0,Tea,2016-06-11 13:45:10,Afternoon,
707.0,Coffee,2016-06-11 13:45:10,Afternoon,Weekend
708.0,Hearty & Seasonal,2016-06-11 13:47:12,Afternoon,Weekend
708.0,Cake,2016-06-11 13:47:12,Afternoon,Weekend
708.0,Coffee,2016-06-11 13:47:12,Afternoon,Weekend
,Bread,2016-06-11 13:50:28,Afternoon,Weekend
709.0,Tea,2016-06-11 13:50:28,Afternoon,Weekend
709.0,Cake,2016-06-11 13:50:28,Afternoon,Weekend
710.0,Mighty Protein,2016-06-11 13:57:57,Afternoon,Weekend
710.0,Coffee,2016-06-11 13:57:57,Afternoon,Weekend
711.0,Hot chocolate,2016-06-11 14:00:33,Afternoon,Weekend
711.0,Muffin,2016-06-11 14:00:33,Afternoon,Weekend
712.0,Coffee,2016-06-11 14:10:19,Afternoon,Weekend
712.0,Coffee,2016-06-11 14:10:19,Afternoon,Weekend
712.0,Soup,2016-06-11 14:10:19,Afternoon,Weekend
712.0,Mighty Protein,2016-06-11 14:10:19,Afternoon,Weekend
713.0,Jam,2016-06-11 14:17:10,Afternoon,Weekend
714.0,Coffee,2016-06-11 14:37:39,Afternoon,Weekend
714.0,Alfajores,2016-06-11 14:37:39,Afternoon,Weekend
715.0,Cake,2016-06-11 14:44:24,Afternoon,Weekend
715.0,Hot chocolate,2016-06-11 14:44:24,Afternoon,Weekend
715.0,Alfajores,2016-06-11 14:44:24,Afternoon,Weekend
716.0,Hot chocolate,2016-06-11 14:50:44,Afternoon,Weekend
716.0,Tea,2016-06-11 14:50:44,Afternoon,Weekend
716.0,Muffin,2016-06-11 14:50:44,Afternoon,Weekend
717.0,Brownie,2016-06-11 14:53:44,Afternoon,Weekend
718.0,Cake,2016-06-11 14:54:24,Afternoon,Weekend
718.0,Coffee,2016-06-11 14:54:24,Afternoon,Weekend
719.0,,2016-06-11 14:55:50,Afternoon,Weekend
719.0,Alfajores,2016-06-11 14:55:50,Afternoon,Weekend
719.0,Tea,2016-06-11 14:55:50,Afternoon,Weekend
720.0,Bread,2016-06-11 14:56:49,Afternoon,Weekend
721.0,Tartine,2016-06-11 15:04:15,Afternoon,Weekend
721.0,Tea,2016-06-11 15:04:15,Afternoon,Weekend
721.0,Tartine,2016-06-11 15:04:15,Afternoon,Weekend
722.0,Mighty Protein,2016-06-11 15:12:51,Afternoon,Weekend
722.0,Tea,2016-06-11 15:12:51,Afternoon,Weekend
723.0,Bread,2016-06-11 15:15:18,Afternoon,Weekend
723.0,Fudge,2016-06-11 15:15:18,Afternoon,Weekend
724.0,Medialuna,2016-06-11 15:32:12,Afternoon,Weekend
724.0,Tartine,2016-06-11 15:32:12,Afternoon,Weekend
724.0,Coffee,2016-06-11 15:32:12,Afternoon,Weekend
725.0,Pastry,2016-06-11 15:42:40,Afternoon,Weekend
725.0,Bread,2016-06-11 15:42:40,Afternoon,Weekend
726.0,Pastry,2016-06-11 15:44:21,Afternoon,Weekend
726.0,Bread,2016-06-11 15:44:21,Afternoon,Weekend
727.0,Coffee,2016-06-11 15:47:13,Afternoon,Weekend
727.0,Tea,2016-06-11 15:47:13,Afternoon,
727.0,Alfajores,2016-06-11 15:47:13,Afternoon,Weekend
727.0,Alfajores,2016-06-11 15:47:13,Afternoon,Weekend
728.0,Alfajores,2016-06-11 15:50:44,Afternoon,Weekend
728.0,Alfajores,2016-06-11 15:50:44,Afternoon,Weekend
728.0,Coffee,2016-06-11 15:50:44,Afternoon,Weekend
729.0,Coffee,2016-06-11 15:52:34,Afternoon,Weekend
729.0,Alfajores,2016-06-11 15:52:34,Afternoon,Weekend
730.0,Alfajores,2016-06-11 15:56:59,Afternoon,Weekend
730.0,Pastry,2016-06-11 15:56:59,Afternoon,Weekend
732.0,Alfajores,2016-06-11 16:11:45,Afternoon,Weekend
733.0,Pastry,2016-06-11 16:15:53,Afternoon,Weekend
733.0,Tea,2016-06-11 16:15:53,Afternoon,Weekend
733.0,Alfajores,2016-06-11 16:15:53,Afternoon,Weekend
733.0,Hearty & Seasonal,2016-06-11 16:15:53,Afternoon,Weekend
734.0,Tea,2016-06-11 16:23:01,Afternoon,Weekend
734.0,Sandwich,2016-06-11 16:23:01,Afternoon,Weekend
735.0,Empanadas,2016-06-11 16:29:15,Afternoon,Weekend
735.0,Tea,2016-06-11 16:29:15,Afternoon,Weekend
736.0,Alfajores,2016-06-11 16:51:30,Afternoon,Weekend
736.0,Alfajores,2016-06-11 16:51:30,Afternoon,Weekend
736.0,Tea,2016-06-11 16:51:30,Afternoon,Weekend
737.0,Alfajores,2016-06-11 17:15:54,Evening,Weekend
738.0,Pastry,2016-06-11 17:19:48,Evening,Weekend
738.0,Dulce de Leche,2016-06-11 17:19:48,Evening,Weekend
739.0,Coffee,2016-07-11 08:13:03,Morning,Weekday
739.0,Pastry,2016-07-11 08:13:03,Morning,Weekday
740.0,Farm House,2016-07-11 09:04:36,Morning,Weekday
740.0,Coffee,2016-07-11 09:04:36,Morning,Weekday
741.0,Bread,2016-07-11 09:14:07,Morning,Weekday
741.0,Scandinavian,2016-07-11 09:14:07,Morning,Weekday
741.0,Medialuna,2016-07-11 09:14:07,Morning,Weekday
742.0,Bread,2016-07-11 09:16:13,Morning,Weekday
743.0,Pastry,2016-07-11 09:29:14,Morning,Weekday
743.0,Tea,2016-07-11 09:29:14,Morning,Weekday
743.0,Alfajores,2016-07-11 09:29:14,Morning,Weekday
744.0,Pastry,2016-07-11 09:31:03,Morning,Weekday
744.0,Coffee,2016-07-11 09:31:03,Morning,Weekday
745.0,Bread,2016-07-11 09:34:03,Morning,Weekday
745.0,Pastry,2016-07-11 09:34:03,Morning,Weekday
745.0,Muffin,2016-07-11 09:34:03,Morning,Weekday
745.0,Farm House,2016-07-11 09:34:03,Morning,Weekday
746.0,Medialuna,2016-07-11 09:50:01,Morning,Weekday
746.0,Tea,2016-07-11 09:50:01,Morning,Weekday
747.0,Alfajores,2016-07-11 09:52:43,Morning,Weekday
748.0,Sandwich,2016-07-11 09:57:09,Morning,Weekday
748.0,Tea,2016-07-11 09:57:09,Morning,Weekday
749.0,Tea,2016-07-11 10:04:23,Morning,Weekday
749.0,Bread,2016-07-11 10:04:23,Morning,Weekday
750.0,Bread,2016-07-11 10:14:15,Morning,Weekday
750.0,Coffee,2016-07-11 10:14:15,Morning,Weekday
750.0,Pastry,2016-07-11 10:14:15,Morning,Weekday
751.0,Coffee,2016-07-11 10:25:13,Morning,Weekday
751.0,Coffee,2016-07-11 10:25:13,Morning,Weekday
751.0,Muffin,2016-07-11 10:25:13,Morning,Weekday
751.0,Alfajores,2016-07-11 10:25:13,Morning,Weekday
751.0,Empanadas,2016-07-11 10:25:13,Morning,Weekday
752.0,Coffee,2016-07-11 10:29:47,Morning,Weekday
753.0,Bread,2016-07-11 10:30:06,Morning,Weekday
754.0,Coffee,2016-07-11 10:34:25,Morning,Weekday
755.0,Coffee,2016-07-11 10:40:42,Morning,Weekday
756.0,Bread,2016-07-11 10:43:30,Morning,Weekday
757.0,Bread,2016-07-11 10:45:13,Morning,Weekday
757.0,Pastry,2016-07-11 10:45:13,Morning,Weekday
757.0,Medialuna,2016-07-11 10:45:13,Morning,Weekday
757.0,Tea,2016-07-11 10:45:13,Morning,Weekday
758.0,Tea,2016-07-11 10:49:31,Morning,Weekday
758.0,Bread,2016-07-11 10:49:31,Morning,Weekday
759.0,Muffin,2016-07-11 10:57:41,Morning,Weekday
760.0,Coffee,2016-07-11 10:59:55,Morning,Weekday
760.0,Muffin,2016-07-11 10:59:55,Morning,Weekday
761.0,Coffee,2016-07-11 11:00:44,Morning,Weekday
761.0,Bread,2016-07-11 11:00:44,Morning,Weekday
761.0,Pastry,2016-07-11 11:00:44,Morning,Weekday
761.0,Medialuna,2016-07-11 11:00:44,Morning,Weekday
762.0,Coffee,2016-07-11 11:06:44,Morning,Weekday
762.0,Coffee,2016-07-11 11:06:44,Morning,Weekday
762.0,Muffin,2016-07-11 11:06:44,Morning,Weekday
763.0,Muffin,2016-07-11 11:14:01,Morning,Weekday
763.0,Hot chocolate,2016-07-11 11:14:01,Morning,Weekday
763.0,Scandinavian,2016-07-11 11:14:01,Morning,Weekday
763.0,Bread,2016-07-11 11:14:01,Morning,Weekday
764.0,Farm House,2016-07-11 11:17:55,Morning,Weekday
765.0,Muffin,2016-07-11 11:22:48,Morning,Weekday
766.0,Coffee,2016-07-11 11:24:12,Morning,Weekday
767.0,Bread,2016-07-11 11:28:29,Morning,Weekday
768.0,Coffee,2016-07-11 11:29:47,Morning,Weekday
768.0,Coffee,2016-07-11 11:29:47,Morning,Weekday
768.0,Cookies,2016-07-11 11:29:47,Morning,Weekday
769.0,Coffee,2016-07-11 11:31:35,Morning,Weekday
769.0,Coffee,2016-07-11 11:31:35,Morning,Weekday
770.0,Muffin,2016-07-11 11:33:55,Morning,Weekday
771.0,Coffee,2016-07-11 11:34:39,Morning,Weekday
771.0,Tea,2016-07-11 11:34:39,Morning,Weekday
771.0,Keeping It Local,2016-07-11 11:34:39,Morning,Weekday
772.0,Coffee,2016-07-11 11:40:01,Morning,Weekday
772.0,Medialuna,2016-07-11 11:40:01,Morning,Weekday
773.0,Bread,2016-07-11 11:44:36,Morning,Weekday
774.0,Tartine,2016-07-11 11:59:40,Morning,Weekday
774.0,Scandinavian,2016-07-11 11:59:40,Morning,Weekday
775.0,Coffee,2016-07-11 12:04:33,Afternoon,Weekday
775.0,Tea,2016-07-11 12:04:33,Afternoon,Weekday
776.0,Bread,2016-07-11 12:16:19,Afternoon,Weekday
777.0,Coffee,2016-07-11 12:18:13,Afternoon,Weekday
777.0,Coke,2016-07-11 12:18:13,Afternoon,Weekday
778.0,Coffee,2016-07-11 12:19:39,Afternoon,Weekday
778.0,Muffin,2016-07-11 12:19:39,Afternoon,Weekday
779.0,Coffee,2016-07-11 12:37:54,Afternoon,Weekday
779.0,Bread,2016-07-11 12:37:54,Afternoon,Weekday
779.0,Coffee,2016-07-11 12:37:54,Afternoon,Weekday
779.0,Medialuna,2016-07-11 12:37:54,Afternoon,Weekday
779.0,Muffin,2016-07-11 12:37:54,Afternoon,Weekday
779.0,Scandinavian,2016-07-11 12:37:54,Afternoon,Weekday
780.0,Bread,2016-07-11 12:44:18,Afternoon,Weekday
781.0,Coke,2016-07-11 12:52:52,Afternoon,Weekday
782.0,Bread,2016-07-11 13:00:03,Afternoon,Weekday
782.0,Scandinavian,2016-07-11 13:00:03,Afternoon,Weekday
783.0,Coffee,2016-07-11 13:01:39,Afternoon,Weekday
784.0,Bread,2016-07-11 13:09:02,Afternoon,Weekday
785.0,Scandinavian,2016-07-11 13:12:51,Afternoon,Weekday
785.0,Bread,2016-07-11 13:12:51,,Weekday
786.0,Fudge,2016-07-11 13:28:28,Afternoon,Weekday
786.0,Fudge,2016-07-11 13:28:28,Afternoon,Weekday
787.0,Soup,2016-07-11 13:36:49,Afternoon,Weekday
787.0,Hearty & Seasonal,2016-07-11 13:36:49,Afternoon,Weekday
787.0,Coffee,2016-07-11 13:36:49,Afternoon,Weekday
788.0,Coke,2016-07-11 13:42:36,Afternoon,Weekday
789.0,Coffee,2016-07-11 13:45:52,Afternoon,Weekday
789.0,Cookies,2016-07-11 13:45:52,Afternoon,Weekday
789.0,Tea,2016-07-11 13:45:52,Afternoon,Weekday
790.0,Pastry,2016-07-11 13:57:34,Afternoon,Weekday
790.0,Tea,,Afternoon,Weekday
790.0,Coffee,2016-07-11 13:57:34,Afternoon,Weekday
791.0,Bread,2016-07-11 14:00:32,Afternoon,Weekday
792.0,Coffee,2016-07-11 14:08:35,Afternoon,Weekday
792.0,Medialuna,2016-07-11 14:08:35,Afternoon,Weekday
793.0,Coffee,2016-07-11 14:15:29,Afternoon,Weekday
793.0,Coffee,2016-07-11 14:15:29,Afternoon,Weekday
793.0,Muffin,2016-07-11 14:15:29,Afternoon,Weekday
793.0,Sandwich,2016-07-11 14:15:29,Afternoon,Weekday
793.0,Soup,2016-07-11 14:15:29,Afternoon,Weekday
794.0,Tea,2016-07-11 14:19:36,Afternoon,Weekday
794.0,Coffee,2016-07-11 14:19:36,Afternoon,Weekday
794.0,Muffin,2016-07-11 14:19:36,Afternoon,Weekday
795.0,Alfajores,2016-07-11 14:30:37,Afternoon,Weekday
796.0,Bread,2016-07-11 14:35:18,Afternoon,Weekday
797.0,Coffee,2016-07-11 14:36:10,Afternoon,Weekday
797.0,Medialuna,2016-07-11 14:36:10,Afternoon,Weekday
798.0,Coffee,2016-07-11 14:37:40,Afternoon,Weekday
799.0,Coffee,2016-07-11 14:40:37,Afternoon,Weekday
800.0,Medialuna,2016-07-11 14:41:38,Afternoon,Weekday
802.0,Empanadas,2016-07-11 14:54:34,Afternoon,Weekday
802.0,Bread,2016-07-11 14:54:34,Afternoon,Weekday
802.0,Scandinavian,2016-07-11 14:54:34,Afternoon,Weekday
803.0,Coffee,2016-07-11 15:08:12,Afternoon,Weekday
803.0,Tartine,2016-07-11 15:08:12,Afternoon,Weekday
804.0,Tea,2016-07-11 15:08:55,Afternoon,Weekday
805.0,Scandinavian,2016-07-11 15:11:04,Afternoon,Weekday
806.0,Muffin,2016-07-11 15:29:01,Afternoon,Weekday
807.0,Scandinavian,2016-07-11 15:40:48,Afternoon,Weekday
807.0,Bread,2016-07-11 15:40:48,Afternoon,Weekday
808.0,Bread,2016-07-11 15:55:35,Afternoon,Weekday
809.0,Coffee,2016-07-11 16:01:38,Afternoon,Weekday
810.0,Bread,2016-07-11 16:33:17,Afternoon,Weekday
811.0,Bread,2016-07-11 16:40:12,Afternoon,Weekday
812.0,Coffee,2016-07-11 17:04:07,Evening,Weekday
812.0,Coffee,2016-07-11 17:04:07,,Weekday
813.0,Cookies,2016-07-11 17:18:06,Evening,Weekday
813.0,Scandinavian,2016-07-11 17:18:06,Evening,Weekday
814.0,Coffee,2016-07-11 18:28:32,Evening,Weekday
814.0,Bread,2016-07-11 18:28:32,Evening,Weekday
814.0,Empanadas,2016-07-11 18:28:32,Evening,Weekday
814.0,Medialuna,2016-07-11 18:28:32,Evening,Weekday
815.0,Coffee,2016-08-11 08:17:58,Morning,Weekday
815.0,Pastry,2016-08-11 08:17:58,Morning,Weekday
816.0,Bread,2016-08-11 08:37:02,Morning,Weekday
817.0,Pastry,2016-08-11 09:07:18,Morning,Weekday
817.0,Tea,2016-08-11 09:07:18,Morning,Weekday
818.0,Coffee,2016-08-11 09:08:37,Morning,Weekday
818.0,Coffee,2016-08-11 09:08:37,Morning,Weekday
818.0,Pastry,2016-08-11 09:08:37,Morning,Weekday
819.0,Coffee,2016-08-11 09:15:49,Morning,Weekday
819.0,Bread,2016-08-11 09:15:49,Morning,Weekday
820.0,Coffee,2016-08-11 09:21:52,Morning,Weekday
820.0,Keeping It Local,2016-08-11 09:21:52,Morning,Weekday
821.0,Fudge,2016-08-11 09:23:54,Morning,Weekday
822.0,Tartine,2016-08-11 09:47:08,Morning,Weekday
822.0,Coffee,2016-08-11 09:47:08,Morning,Weekday
822.0,Coffee,2016-08-11 09:47:08,,Weekday
824.0,Hot chocolate,2016-08-11 09:55:36,Morning,Weekday
824.0,Coffee,2016-08-11 09:55:36,Morning,Weekday
824.0,Pastry,2016-08-11 09:55:36,Morning,Weekday
824.0,Medialuna,2016-08-11 09:55:36,Morning,Weekday
825.0,Alfajores,2016-08-11 10:07:31,Morning,Weekday
825.0,Coffee,2016-08-11 10:07:31,Morning,Weekday
826.0,Coffee,2016-08-11 10:09:35,Morning,Weekday
828.0,Coffee,2016-08-11 10:31:58,Morning,Weekday
828.0,Coffee,2016-08-11 10:31:58,Morning,Weekday
828.0,Medialuna,2016-08-11 10:31:58,Morning,Weekday
829.0,Coke,2016-08-11 10:39:29,Morning,Weekday
830.0,Coffee,2016-08-11 10:43:03,Morning,Weekday
830.0,Coffee,2016-08-11 10:43:03,Morning,Weekday
830.0,Alfajores,2016-08-11 10:43:03,Morning,Weekday
831.0,Muffin,2016-08-11 10:45:21,Morning,Weekday
832.0,Farm House,2016-08-11 10:50:47,Morning,Weekday
832.0,Brownie,2016-08-11 10:50:47,Morning,Weekday
832.0,Fudge,2016-08-11 10:50:47,Morning,Weekday
833.0,Coffee,2016-08-11 10:59:58,Morning,Weekday
833.0,Coffee,2016-08-11 10:59:58,Morning,Weekday
834.0,Tea,2016-08-11 11:02:32,Morning,Weekday
834.0,Muffin,2016-08-11 11:02:32,Morning,Weekday
834.0,Farm House,2016-08-11 11:02:32,Morning,Weekday
835.0,Coffee,2016-08-11 11:09:29,Morning,Weekday
835.0,Pastry,2016-08-11 11:09:29,Morning,Weekday
836.0,Pastry,2016-08-11 11:11:42,Morning,Weekday
836.0,Brownie,2016-08-11 11:11:42,Morning,Weekday
837.0,Medialuna,2016-08-11 11:17:11,Morning,Weekday
838.0,Coffee,2016-08-11 11:19:09,Morning,Weekday
839.0,Pastry,2016-08-11 11:22:27,Morning,Weekday
839.0,Coffee,2016-08-11 11:22:27,Morning,Weekday
839.0,Juice,2016-08-11 11:22:27,Morning,Weekday
840.0,Coffee,2016-08-11 11:26:43,Morning,Weekday
840.0,Bread,2016-08-11 11:26:43,Morning,Weekday
841.0,Tea,2016-08-11 11:33:27,Morning,Weekday
841.0,Coffee,2016-08-11 11:33:27,Morning,Weekday
842.0,Tea,2016-08-11 11:35:23,Morning,Weekday
842.0,,2016-08-11 11:35:23,Morning,Weekday
843.0,Alfajores,2016-08-11 11:36:17,Morning,Weekday
843.0,Coffee,2016-08-11 11:36:17,Morning,Weekday
844.0,Scandinavian,2016-08-11 11:47:50,Morning,Weekday
845.0,Pastry,2016-08-11 12:10:13,Afternoon,Weekday
845.0,Medialuna,2016-08-11 12:10:13,Afternoon,Weekday
846.0,Brownie,2016-08-11 12:13:34,Afternoon,Weekday
847.0,Farm House,2016-08-11 12:15:10,Afternoon,Weekday
848.0,Coffee,2016-08-11 12:17:33,Afternoon,Weekday
848.0,Cookies,2016-08-11 12:17:33,Afternoon,Weekday
849.0,Soup,2016-08-11 12:18:29,Afternoon,Weekday
850.0,Art Tray,2016-08-11 12:23:11,Afternoon,Weekday
850.0,Coffee,2016-08-11 12:23:11,Afternoon,Weekday
850.0,Coffee,2016-08-11 12:23:11,Afternoon,Weekday
850.0,Brownie,2016-08-11 12:23:11,Afternoon,Weekday
851.0,Coffee,2016-08-11 12:24:24,Afternoon,Weekday
852.0,Farm House,2016-08-11 12:27:23,Afternoon,Weekday
853.0,Soup,2016-08-11 12:33:17,Afternoon,Weekday
853.0,Art Tray,2016-08-11 12:33:17,Afternoon,Weekday
853.0,Alfajores,2016-08-11 12:33:17,Afternoon,Weekday
853.0,Frittata,2016-08-11 12:33:17,Afternoon,Weekday
854.0,Sandwich,2016-08-11 12:34:38,Afternoon,Weekday
854.0,Coffee,2016-08-11 12:34:38,Afternoon,Weekday
855.0,,2016-08-11 12:35:35,Afternoon,Weekday
856.0,Farm House,2016-08-11 12:40:50,Afternoon,Weekday
857.0,Scandinavian,2016-08-11 12:48:45,Afternoon,Weekday
857.0,Muffin,2016-08-11 12:48:45,Afternoon,Weekday
858.0,Farm House,2016-08-11 13:00:04,Afternoon,Weekday
859.0,Scandinavian,2016-08-11 13:04:05,Afternoon,Weekday
860.0,Soup,2016-08-11 13:16:55,Afternoon,Weekday
861.0,Hearty & Seasonal,2016-08-11 13:25:27,Afternoon,Weekday
861.0,Tea,2016-08-11 13:25:27,Afternoon,Weekday
861.0,Bread,2016-08-11 13:25:27,Afternoon,Weekday
862.0,Hot chocolate,2016-08-11 13:28:15,Afternoon,Weekday
,Coffee,2016-08-11 13:29:47,Afternoon,Weekday
863.0,Sandwich,2016-08-11 13:29:47,Afternoon,Weekday
863.0,Hearty & Seasonal,2016-08-11 13:29:47,Afternoon,Weekday
864.0,Brownie,2016-08-11 13:37:01,Afternoon,Weekday
864.0,Hearty & Seasonal,2016-08-11 13:37:01,Afternoon,Weekday
864.0,Sandwich,2016-08-11 13:37:01,Afternoon,Weekday
864.0,Coffee,2016-08-11 13:37:01,Afternoon,Weekday
865.0,Medialuna,2016-08-11 14:01:59,Afternoon,Weekday
865.0,Coffee,2016-08-11 14:01:59,Afternoon,Weekday
866.0,Coffee,2016-08-11 14:06:22,Afternoon,Weekday
866.0,Brownie,2016-08-11 14:06:22,Afternoon,Weekday
866.0,Soup,2016-08-11 14:06:22,Afternoon,Weekday
867.0,Sandwich,2016-08-11 14:16:07,Afternoon,Weekday
867.0,Sandwich,2016-08-11 14:16:07,Afternoon,Weekday
867.0,Alfajores,2016-08-11 14:16:07,Afternoon,Weekday
867.0,Alfajores,2016-08-11 14:16:07,Afternoon,Weekday
867.0,Focaccia,2016-08-11 14:16:07,Afternoon,Weekday
868.0,Farm House,2016-08-11 14:22:20,Afternoon,Weekday
868.0,Tartine,2016-08-11 14:22:20,Afternoon,Weekday
,Bread,2016-08-11 14:22:59,Afternoon,Weekday
870.0,Coffee,2016-08-11 14:26:51,Afternoon,Weekday
871.0,Hot chocolate,2016-08-11 14:28:30,Afternoon,Weekday
871.0,Tea,2016-08-11 14:28:30,Afternoon,Weekday
871.0,Muffin,2016-08-11 14:28:30,Afternoon,Weekday
872.0,Pastry,2016-08-11 14:31:31,Afternoon,Weekday
873.0,Coffee,2016-08-11 14:36:39,Afternoon,Weekday
873.0,Brownie,2016-08-11 14:36:39,Afternoon,Weekday
873.0,Hearty & Seasonal,,Afternoon,Weekday
873.0,Soup,2016-08-11 14:36:39,Afternoon,Weekday
873.0,Bowl Nic Pitt,2016-08-11 14:36:39,Afternoon,Weekday
874.0,Coffee,2016-08-11 14:45:38,Afternoon,Weekday
875.0,Alfajores,2016-08-11 14:51:53,Afternoon,Weekday
875.0,Medialuna,2016-08-11 14:51:53,Afternoon,Weekday
875.0,Scandinavian,2016-08-11 14:51:53,Afternoon,Weekday
875.0,Farm House,2016-08-11 14:51:53,Afternoon,Weekday
876.0,Soup,2016-08-11 14:56:14,Afternoon,Weekday
876.0,Coffee,2016-08-11 14:56:14,Afternoon,Weekday
877.0,Tea,2016-08-11 15:04:45,Afternoon,Weekday
877.0,,2016-08-11 15:04:45,Afternoon,Weekday
878.0,Coffee,2016-08-11 15:08:34,Afternoon,Weekday
878.0,,2016-08-11 15:08:34,Afternoon,Weekday
878.0,Cookies,2016-08-11 15:08:34,Afternoon,Weekday
879.0,Tea,2016-08-11 15:34:42,Afternoon,Weekday
879.0,Muffin,2016-08-11 15:34:42,Afternoon,Weekday
880.0,Coffee,2016-08-11 15:50:56,Afternoon,Weekday
880.0,Coffee,2016-08-11 15:50:56,Afternoon,Weekday
880.0,Brownie,2016-08-11 15:50:56,Afternoon,Weekday
881.0,Coffee,2016-08-11 16:00:32,Afternoon,Weekday
882.0,Coffee,2016-08-11 16:02:27,Afternoon,Weekday
883.0,Coffee,2016-08-11 16:03:43,Afternoon,
884.0,Farm House,2016-08-11 16:05:45,Afternoon,Weekday
885.0,Coffee,2016-08-11 16:35:19,Afternoon,Weekday
885.0,Bread Pudding,2016-08-11 16:35:19,Afternoon,Weekday
886.0,Coffee,2016-08-11 17:01:15,Evening,Weekday
886.0,Medialuna,2016-08-11 17:01:15,Evening,
887.0,Hot chocolate,2016-08-11 17:04:46,Evening,Weekday
888.0,Coffee,2016-08-11 17:10:06,Evening,Weekday
888.0,Hot chocolate,2016-08-11 17:10:06,Evening,Weekday
888.0,Farm House,2016-08-11 17:10:06,Evening,Weekday
889.0,Pastry,2016-09-11 08:07:12,Morning,Weekday
889.0,Coffee,2016-09-11 08:07:12,Morning,Weekday
890.0,Bread,2016-09-11 08:37:48,Morning,Weekday
891.0,Pastry,2016-09-11 09:24:38,Morning,Weekday
891.0,Coffee,2016-09-11 09:24:38,Morning,Weekday
892.0,Coffee,2016-09-11 09:40:29,Morning,Weekday
892.0,Coffee,2016-09-11 09:40:29,Morning,Weekday
893.0,Coffee,2016-09-11 10:07:40,,Weekday
893.0,Pastry,2016-09-11 10:07:40,Morning,Weekday
894.0,Farm House,2016-09-11 10:15:09,Morning,Weekday
895.0,Bread,2016-09-11 10:36:01,Morning,Weekday
896.0,Coffee,2016-09-11 10:56:53,Morning,Weekday
896.0,Hot chocolate,2016-09-11 10:56:53,Morning,Weekday
897.0,Bread,2016-09-11 11:00:54,Morning,Weekday
898.0,Coffee,2016-09-11 11:03:38,Morning,Weekday
898.0,Focaccia,2016-09-11 11:03:38,Morning,Weekday
898.0,Coffee,2016-09-11 11:03:38,Morning,Weekday
898.0,Medialuna,2016-09-11 11:03:38,Morning,Weekday
898.0,Bread,2016-09-11 11:03:38,Morning,Weekday
899.0,Coffee,2016-09-11 11:12:22,Morning,Weekday
900.0,Bread,2016-09-11 11:15:12,Morning,Weekday
900.0,Keeping It Local,2016-09-11 11:15:12,Morning,Weekday
901.0,Bread,2016-09-11 11:20:01,Morning,Weekday
901.0,Coffee,2016-09-11 11:20:01,Morning,Weekday
902.0,Bread,2016-09-11 11:23:55,Morning,Weekday
903.0,Bread,2016-09-11 11:28:39,Morning,Weekday
903.0,Medialuna,2016-09-11 11:28:39,Morning,Weekday
904.0,Coffee,2016-09-11 11:31:04,Morning,Weekday
905.0,Coffee,2016-09-11 11:32:50,Morning,Weekday
905.0,Coffee,2016-09-11 11:32:50,Morning,Weekday
905.0,Medialuna,2016-09-11 11:32:50,Morning,Weekday
,Coffee,2016-09-11 11:35:07,Morning,Weekday
906.0,Cookies,2016-09-11 11:35:07,Morning,Weekday
906.0,Tartine,2016-09-11 11:35:07,Morning,Weekday
907.0,Tea,2016-09-11 11:58:20,Morning,Weekday
907.0,Bread,2016-09-11 11:58:20,Morning,Weekday
908.0,Bread,2016-09-11 11:59:56,Morning,Weekday
908.0,Keeping It Local,2016-09-11 11:59:56,Morning,Weekday
908.0,Coffee,2016-09-11 11:59:56,Morning,Weekday
909.0,Coffee,2016-09-11 12:04:03,Afternoon,Weekday
909.0,Medialuna,2016-09-11 12:04:03,Afternoon,Weekday
910.0,Coffee,2016-09-11 12:06:35,Afternoon,Weekday
910.0,Medialuna,2016-09-11 12:06:35,Afternoon,Weekday
911.0,Tea,2016-09-11 12:12:31,Afternoon,Weekday
912.0,Juice,2016-09-11 12:20:42,Afternoon,Weekday
912.0,Coke,2016-09-11 12:20:42,Afternoon,Weekday
912.0,Soup,2016-09-11 12:20:42,Afternoon,Weekday
913.0,Bread,2016-09-11 12:22:35,Afternoon,Weekday
914.0,Brownie,2016-09-11 12:24:49,Afternoon,Weekday
915.0,Brownie,2016-09-11 12:33:07,Afternoon,Weekday
915.0,Bread,2016-09-11 12:33:07,Afternoon,Weekday
915.0,Coffee,2016-09-11 12:33:07,Afternoon,Weekday
916.0,Coffee,2016-09-11 12:38:43,Afternoon,Weekday
916.0,Pastry,2016-09-11 12:38:43,Afternoon,Weekday
916.0,Bread,2016-09-11 12:38:43,Afternoon,Weekday
916.0,Hearty & Seasonal,2016-09-11 12:38:43,Afternoon,Weekday
917.0,Bread,2016-09-11 12:50:36,Afternoon,Weekday
917.0,Coffee,2016-09-11 12:50:36,Afternoon,Weekday
917.0,Brownie,2016-09-11 12:50:36,Afternoon,Weekday
918.0,Coffee,2016-09-11 13:00:17,Afternoon,Weekday
919.0,Bread,2016-09-11 13:02:19,Afternoon,Weekday
919.0,Cookies,2016-09-11 13:02:19,Afternoon,Weekday
920.0,Fudge,2016-09-11 13:07:56,Afternoon,Weekday
920.0,Eggs,2016-09-11 13:07:56,Afternoon,Weekday
921.0,Bread,2016-09-11 13:15:01,Afternoon,Weekday
922.0,Bread,2016-09-11 13:16:34,Afternoon,Weekday
922.0,Muffin,2016-09-11 13:16:34,Afternoon,Weekday
923.0,Soup,2016-09-11 13:22:17,Afternoon,Weekday
924.0,Coffee,2016-09-11 13:24:11,Afternoon,Weekday
924.0,Bread Pudding,2016-09-11 13:24:11,Afternoon,Weekday
925.0,Bread,2016-09-11 13:44:09,Afternoon,Weekday
925.0,Tartine,2016-09-11 13:44:09,Afternoon,Weekday
926.0,Sandwich,2016-09-11 14:15:05,Afternoon,Weekday
926.0,Coffee,2016-09-11 14:15:05,Afternoon,Weekday
926.0,Fudge,2016-09-11 14:15:05,Afternoon,Weekday
926.0,Jam,2016-09-11 14:15:05,Afternoon,Weekday
926.0,Bread Pudding,2016-09-11 14:15:05,Afternoon,Weekday
927.0,Bread Pudding,2016-09-11 14:16:15,Afternoon,Weekday
927.0,Soup,2016-09-11 14:16:15,Afternoon,Weekday
927.0,Coffee,2016-09-11 14:16:15,Afternoon,Weekday
928.0,Hearty & Seasonal,2016-09-11 14:21:56,Afternoon,Weekday
928.0,Bread,2016-09-11 14:21:56,Afternoon,Weekday
929.0,Coffee,2016-09-11 14:26:30,Afternoon,Weekday
929.0,Coffee,2016-09-11 14:26:30,Afternoon,Weekday
929.0,Cookies,2016-09-11 14:26:30,Afternoon,Weekday
930.0,Coffee,2016-09-11 14:33:53,Afternoon,Weekday
931.0,Bread,2016-09-11 14:45:12,Afternoon,Weekday
932.0,Coffee,2016-09-11 15:17:08,Afternoon,Weekday
932.0,Bread,2016-09-11 15:17:08,Afternoon,Weekday
932.0,Soup,2016-09-11 15:17:08,Afternoon,Weekday
933.0,Soup,2016-09-11 15:22:10,Afternoon,Weekday
933.0,Tea,2016-09-11 15:22:10,Afternoon,Weekday
933.0,Focaccia,2016-09-11 15:22:10,Afternoon,Weekday
934.0,Coffee,2016-09-11 16:02:24,Afternoon,Weekday
934.0,My-5 Fruit Shoot,2016-09-11 16:02:24,Afternoon,Weekday
934.0,Cookies,2016-09-11 16:02:24,Afternoon,Weekday
935.0,Coffee,2016-09-11 16:31:15,Afternoon,Weekday
935.0,Coffee,2016-09-11 16:31:15,Afternoon,Weekday
936.0,Coffee,2016-09-11 18:04:13,Evening,Weekday
936.0,Sandwich,2016-09-11 18:04:13,Evening,Weekday
936.0,Tea,2016-09-11 18:04:13,Evening,Weekday
937.0,Scandinavian,2016-09-11 18:09:59,Evening,Weekday
938.0,Adjustment,2016-09-11 19:49:22,Evening,Weekday
939.0,Coffee,2016-10-11 08:51:02,Morning,Weekday
940.0,Medialuna,2016-10-11 08:52:27,Morning,
940.0,Coffee,2016-10-11 08:52:27,Morning,Weekday
941.0,Bread,2016-10-11 08:59:29,Morning,Weekday
942.0,Bread,2016-10-11 09:00:15,Morning,Weekday
943.0,Coffee,2016-10-11 09:06:46,Morning,Weekday
943.0,Pastry,2016-10-11 09:06:46,Morning,Weekday
944.0,Farm House,2016-10-11 09:12:14,Morning,Weekday
945.0,Medialuna,2016-10-11 09:15:08,Morning,Weekday
945.0,Brownie,2016-10-11 09:15:08,Morning,Weekday
946.0,Bread,2016-10-11 09:19:23,Morning,Weekday
946.0,Pastry,2016-10-11 09:19:23,Morning,Weekday
946.0,Brownie,2016-10-11 09:19:23,Morning,Weekday
947.0,Pastry,2016-10-11 09:24:34,Morning,Weekday
947.0,Bread,2016-10-11 09:24:34,Morning,Weekday
947.0,Cookies,2016-10-11 09:24:34,Morning,Weekday
948.0,Bread,2016-10-11 09:29:36,Morning,Weekday
948.0,Bread,2016-10-11 09:29:36,Morning,Weekday
949.0,Cookies,2016-10-11 09:32:14,Morning,Weekday
949.0,Pastry,2016-10-11 09:32:14,Morning,Weekday
949.0,Coffee,2016-10-11 09:32:14,Morning,Weekday
949.0,Juice,2016-10-11 09:32:14,Morning,Weekday
950.0,Pastry,2016-10-11 09:37:37,Morning,Weekday
950.0,Cookies,2016-10-11 09:37:37,Morning,Weekday
950.0,Coffee,2016-10-11 09:37:37,Morning,Weekday
951.0,Coffee,2016-10-11 09:38:27,Morning,Weekday
951.0,Medialuna,2016-10-11 09:38:27,Morning,Weekday
952.0,Bread,2016-10-11 09:48:11,Morning,Weekday
953.0,Tartine,2016-10-11 09:53:32,Morning,Weekday
953.0,Coffee,2016-10-11 09:53:32,Morning,Weekday
954.0,Coffee,2016-10-11 09:54:58,Morning,Weekday
954.0,Medialuna,2016-10-11 09:54:58,Morning,Weekday
955.0,Bread,2016-10-11 10:00:41,Morning,Weekday
956.0,Bread,2016-10-11 10:03:59,Morning,Weekday
956.0,Coffee,2016-10-11 10:03:59,Morning,Weekday
956.0,Alfajores,2016-10-11 10:03:59,Morning,Weekday
956.0,Cookies,2016-10-11 10:03:59,Morning,Weekday
957.0,Bread,2016-10-11 10:05:29,Morning,
957.0,Coffee,2016-10-11 10:05:29,Morning,Weekday
957.0,Coffee,2016-10-11 10:05:29,Morning,Weekday
958.0,Bread,2016-10-11 10:34:41,Morning,Weekday
959.0,Bread,2016-10-11 10:50:04,Morning,Weekday
959.0,Coffee,2016-10-11 10:50:04,Morning,Weekday
959.0,Tea,2016-10-11 10:50:04,,Weekday
959.0,Keeping It Local,2016-10-11 10:50:04,Morning,Weekday
959.0,Jam,2016-10-11 10:50:04,Morning,Weekday
959.0,Cookies,2016-10-11 10:50:04,Morning,Weekday
960.0,Pastry,2016-10-11 10:51:27,Morning,Weekday
960.0,Coffee,2016-10-11 10:51:27,Morning,Weekday
960.0,Juice,2016-10-11 10:51:27,Morning,Weekday
961.0,Medialuna,2016-10-11 10:57:11,Morning,Weekday
961.0,Bread,2016-10-11 10:57:11,Morning,Weekday
961.0,Focaccia,2016-10-11 10:57:11,Morning,Weekday
962.0,Pastry,2016-10-11 10:58:34,Morning,Weekday
962.0,Medialuna,2016-10-11 10:58:34,Morning,Weekday
962.0,Coffee,2016-10-11 10:58:34,Morning,Weekday
963.0,Coffee,2016-10-11 11:10:16,Morning,Weekday
964.0,Coffee,2016-10-11 11:19:37,Morning,Weekday
965.0,Coffee,2016-10-11 11:23:12,Morning,Weekday
965.0,Cookies,2016-10-11 11:23:12,Morning,Weekday
965.0,Truffles,2016-10-11 11:23:12,Morning,Weekday
965.0,Brownie,2016-10-11 11:23:12,Morning,Weekday
965.0,Bread,2016-10-11 11:23:12,Morning,Weekday
966.0,Art Tray,2016-10-11 11:32:07,Morning,Weekday
966.0,Tea,2016-10-11 11:32:07,Morning,Weekday
967.0,Bread,2016-10-11 11:34:35,Morning,Weekday
968.0,Coffee,2016-10-11 11:46:37,Morning,Weekday
969.0,Coffee,2016-10-11 11:54:44,Morning,Weekday
969.0,Cookies,2016-10-11 11:54:44,Morning,Weekday
970.0,Brownie,2016-10-11 12:01:44,Afternoon,Weekday
971.0,Bread,2016-10-11 12:02:40,Afternoon,Weekday
971.0,Tea,2016-10-11 12:02:40,Afternoon,Weekday
971.0,Empanadas,2016-10-11 12:02:40,Afternoon,Weekday
972.0,Bread,2016-10-11 12:06:47,Afternoon,Weekday
972.0,Hot chocolate,2016-10-11 12:06:47,Afternoon,Weekday
973.0,Coffee,2016-10-11 12:08:23,Afternoon,Weekday
973.0,Cookies,2016-10-11 12:08:23,Afternoon,Weekday
974.0,Bread,2016-10-11 12:11:14,Afternoon,Weekday
975.0,Tartine,2016-10-11 12:35:55,Afternoon,Weekday
975.0,Sandwich,2016-10-11 12:35:55,Afternoon,Weekday
975.0,Tea,2016-10-11 12:35:55,Afternoon,Weekday
975.0,Bread,2016-10-11 12:35:55,Afternoon,Weekday
976.0,Soup,2016-10-11 12:38:17,Afternoon,Weekday
976.0,Sandwich,2016-10-11 12:38:17,Afternoon,Weekday
976.0,Bread,2016-10-11 12:38:17,Afternoon,Weekday
977.0,Soup,2016-10-11 12:42:29,Afternoon,Weekday
977.0,Bread,2016-10-11 12:42:29,Afternoon,Weekday
978.0,Fudge,2016-10-11 12:44:08,Afternoon,Weekday
979.0,Coffee,2016-10-11 13:05:54,Afternoon,Weekday
980.0,Coffee,2016-10-11 13:10:58,Afternoon,Weekday
,Empanadas,2016-10-11 13:10:58,Afternoon,Weekday
980.0,Soup,2016-10-11 13:10:58,Afternoon,Weekday
981.0,Bread,2016-10-11 13:14:56,Afternoon,Weekday
981.0,Coffee,2016-10-11 13:14:56,Afternoon,Weekday
981.0,Brownie,2016-10-11 13:14:56,Afternoon,Weekday
982.0,Coffee,2016-10-11 13:24:36,Afternoon,Weekday
982.0,Smoothies,2016-10-11 13:24:36,Afternoon,Weekday
982.0,Juice,2016-10-11 13:24:36,Afternoon,Weekday
982.0,Soup,2016-10-11 13:24:36,Afternoon,Weekday
982.0,Hearty & Seasonal,2016-10-11 13:24:36,Afternoon,Weekday
983.0,Alfajores,2016-10-11 13:43:08,Afternoon,Weekday
983.0,Sandwich,2016-10-11 13:43:08,Afternoon,Weekday
983.0,Hot chocolate,2016-10-11 13:43:08,Afternoon,
983.0,Coffee,2016-10-11 13:43:08,Afternoon,Weekday
983.0,Scandinavian,2016-10-11 13:43:08,Afternoon,Weekday
983.0,Cookies,2016-10-11 13:43:08,Afternoon,Weekday
984.0,Tea,2016-10-11 13:52:16,Afternoon,Weekday
984.0,,2016-10-11 13:52:16,Afternoon,Weekday
985.0,Bread,2016-10-11 13:59:34,Afternoon,Weekday
985.0,Cookies,2016-10-11 13:59:34,Afternoon,Weekday
986.0,Alfajores,2016-10-11 14:04:40,Afternoon,Weekday
986.0,Cookies,2016-10-11 14:04:40,Afternoon,Weekday
986.0,Bread,2016-10-11 14:04:40,Afternoon,Weekday
986.0,Bread,2016-10-11 14:04:40,Afternoon,Weekday
987.0,Tea,2016-10-11 14:06:21,Afternoon,Weekday
987.0,Brownie,2016-10-11 14:06:21,Afternoon,Weekday
988.0,Tea,2016-10-11 14:08:30,Afternoon,Weekday
988.0,Bread,2016-10-11 14:08:30,Afternoon,Weekday
989.0,Coffee,2016-10-11 14:09:27,Afternoon,Weekday
989.0,Alfajores,2016-10-11 14:09:27,Afternoon,Weekday
990.0,Bread,2016-10-11 14:38:58,Afternoon,Weekday
991.0,Empanadas,2016-10-11 14:42:20,Afternoon,Weekday
991.0,Coffee,2016-10-11 14:42:20,Afternoon,Weekday
992.0,Bread,2016-10-11 15:01:19,Afternoon,Weekday
993.0,Coffee,2016-10-11 15:03:37,Afternoon,Weekday
993.0,Hot chocolate,2016-10-11 15:03:37,Afternoon,Weekday
994.0,Coffee,2016-10-11 15:10:08,Afternoon,Weekday
995.0,Coffee,2016-10-11 15:14:10,Afternoon,Weekday
995.0,Brownie,2016-10-11 15:14:10,Afternoon,Weekday
996.0,Tea,2016-10-11 15:22:10,Afternoon,Weekday
996.0,Hot chocolate,2016-10-11 15:22:10,Afternoon,Weekday
996.0,Brownie,2016-10-11 15:22:10,Afternoon,Weekday
996.0,Truffles,2016-10-11 15:22:10,Afternoon,Weekday
997.0,Coffee,2016-10-11 15:40:42,Afternoon,Weekday
997.0,Keeping It Local,2016-10-11 15:40:42,Afternoon,Weekday
998.0,Coffee,2016-10-11 15:54:50,Afternoon,Weekday
999.0,Alfajores,2016-10-11 16:04:37,Afternoon,Weekday
1000.0,Scandinavian,2016-10-11 16:11:49,Afternoon,Weekday
1000.0,Chimichurri Oil,2016-10-11 16:11:49,Afternoon,Weekday
1001.0,Bread,2016-10-11 16:14:15,Afternoon,Weekday
1001.0,Truffles,2016-10-11 16:14:15,Afternoon,Weekday
1002.0,Brownie,2016-10-11 16:15:33,Afternoon,Weekday
1002.0,Focaccia,2016-10-11 16:15:33,Afternoon,Weekday
1003.0,Coffee,2016-10-11 16:17:39,Afternoon,Weekday
1003.0,Bread,2016-10-11 16:17:39,Afternoon,Weekday
1004.0,Coffee,2016-10-11 16:21:05,Afternoon,Weekday
1004.0,Tea,2016-10-11 16:21:05,Afternoon,Weekday
1004.0,Art Tray,2016-10-11 16:21:05,Afternoon,Weekday
1004.0,Cookies,2016-10-11 16:21:05,Afternoon,Weekday
1005.0,Coffee,2016-10-11 16:22:38,Afternoon,Weekday
1006.0,Bread,2016-10-11 16:31:23,Afternoon,Weekday
1007.0,Coffee,2016-10-11 17:23:27,Evening,Weekday
1007.0,Alfajores,2016-10-11 17:23:27,Evening,Weekday
1007.0,Alfajores,2016-10-11 17:23:27,Evening,Weekday
1007.0,Coke,2016-10-11 17:23:27,Evening,Weekday
1008.0,Bread,2016-11-11 08:23:11,Morning,Weekday
1009.0,Bread,2016-11-11 08:23:36,Morning,Weekday
1010.0,Bread,2016-11-11 08:26:56,Morning,Weekday
1010.0,Pastry,2016-11-11 08:26:56,Morning,Weekday
1010.0,Medialuna,2016-11-11 08:26:56,Morning,Weekday
1010.0,Coffee,2016-11-11 08:26:56,Morning,Weekday
1011.0,Coffee,2016-11-11 08:27:39,Morning,Weekday
1012.0,Bread,2016-11-11 08:40:30,Morning,Weekday
1012.0,Keeping It Local,2016-11-11 08:40:30,Morning,Weekday
1013.0,Bread,2016-11-11 08:42:08,Morning,Weekday
1014.0,Coffee,2016-11-11 08:53:11,Morning,Weekday
1014.0,Scandinavian,2016-11-11 08:53:11,Morning,Weekday
1015.0,Bread,2016-11-11 08:56:42,Morning,Weekday
,Farm House,2016-11-11 08:56:42,Morning,Weekday
1015.0,Pastry,2016-11-11 08:56:42,Morning,Weekday
1015.0,Medialuna,2016-11-11 08:56:42,Morning,Weekday
1016.0,Medialuna,2016-11-11 08:58:33,Morning,Weekday
1017.0,Coffee,2016-11-11 09:08:56,Morning,Weekday
1018.0,Bread,2016-11-11 09:11:49,Morning,Weekday
1018.0,Farm House,2016-11-11 09:11:49,Morning,Weekday
1019.0,Bread,2016-11-11 09:13:15,Morning,Weekday
1020.0,Keeping It Local,2016-11-11 09:16:17,Morning,Weekday
1020.0,Bread,2016-11-11 09:16:17,Morning,Weekday
,Bread,2016-11-11 09:18:02,Morning,Weekday
1021.0,Medialuna,2016-11-11 09:18:02,Morning,Weekday
1022.0,Tea,2016-11-11 09:22:39,Morning,Weekday
1023.0,Coffee,2016-11-11 09:25:15,Morning,Weekday
1023.0,Coffee,2016-11-11 09:25:15,Morning,Weekday
1023.0,Pastry,2016-11-11 09:25:15,Morning,Weekday
1023.0,Keeping It Local,2016-11-11 09:25:15,Morning,Weekday
1024.0,Coffee,2016-11-11 09:28:49,Morning,Weekday
1025.0,Tea,2016-11-11 09:29:24,Morning,Weekday
1026.0,Hot chocolate,2016-11-11 09:33:03,Morning,Weekday
1027.0,Tea,2016-11-11 09:39:26,Morning,Weekday
1027.0,Sandwich,2016-11-11 09:39:26,Morning,
1028.0,Bread,2016-11-11 09:51:19,Morning,Weekday
1029.0,Medialuna,2016-11-11 09:57:15,Morning,Weekday
1029.0,Muffin,2016-11-11 09:57:15,Morning,Weekday
1029.0,Brownie,2016-11-11 09:57:15,Morning,Weekday
1030.0,Coffee,2016-11-11 10:03:29,Morning,Weekday
1030.0,Muffin,2016-11-11 10:03:29,Morning,Weekday
1031.0,Bread,2016-11-11 10:06:14,Morning,Weekday
1032.0,Coffee,2016-11-11 10:07:17,Morning,Weekday
1032.0,Medialuna,2016-11-11 10:07:17,Morning,Weekday
1033.0,Coffee,2016-11-11 10:09:17,Morning,Weekday
1034.0,Coffee,2016-11-11 10:09:58,Morning,Weekday
1034.0,Medialuna,2016-11-11 10:09:58,Morning,Weekday
1035.0,Coffee,2016-11-11 10:12:35,Morning,Weekday
1036.0,Coffee,2016-11-11 10:18:22,Morning,Weekday
1036.0,Hot chocolate,2016-11-11 10:18:22,Morning,Weekday
1036.0,Brownie,2016-11-11 10:18:22,Morning,Weekday
1036.0,Bread,2016-11-11 10:18:22,Morning,Weekday
1037.0,Bread,2016-11-11 10:21:19,Morning,Weekday
1037.0,Bread,2016-11-11 10:21:19,Morning,Weekday
1038.0,Bread,2016-11-11 10:24:19,Morning,Weekday
1039.0,Coffee,2016-11-11 10:31:43,Morning,Weekday
1039.0,Brownie,2016-11-11 10:31:43,Morning,Weekday
1040.0,Ella's Kitchen Pouches,2016-11-11 10:34:21,Morning,Weekday
1040.0,Coffee,2016-11-11 10:34:21,Morning,Weekday
1040.0,Coffee,2016-11-11 10:34:21,Morning,Weekday
1040.0,Medialuna,2016-11-11 10:34:21,Morning,Weekday
1040.0,Pastry,2016-11-11 10:34:21,Morning,Weekday
1041.0,Jam,2016-11-11 10:35:55,Morning,Weekday
1042.0,Bread,2016-11-11 10:38:05,Morning,Weekday
1043.0,Ella's Kitchen Pouches,2016-11-11 10:44:56,Morning,Weekday
1044.0,Coffee,2016-11-11 10:46:42,Morning,Weekday
1044.0,Coffee,2016-11-11 10:46:42,Morning,Weekday
1044.0,Muffin,2016-11-11 10:46:42,Morning,Weekday
1046.0,Tea,2016-11-11 11:13:24,Morning,Weekday
1046.0,Coffee,2016-11-11 11:13:24,Morning,Weekday
1046.0,Truffles,2016-11-11 11:13:24,Morning,Weekday
1047.0,Coffee,2016-11-11 11:14:57,Morning,Weekday
1048.0,Pastry,2016-11-11 11:18:38,Morning,Weekday
1048.0,Brownie,2016-11-11 11:18:38,Morning,Weekday
1049.0,Brownie,2016-11-11 11:20:04,Morning,Weekday
1049.0,Bread,2016-11-11 11:20:04,Morning,Weekday
1050.0,Bread,2016-11-11 11:21:23,Morning,Weekday
1050.0,Coffee,2016-11-11 11:21:23,Morning,
1051.0,Bread,2016-11-11 11:23:36,Morning,Weekday
1051.0,Pastry,2016-11-11 11:23:36,Morning,
1052.0,Alfajores,2016-11-11 11:25:11,Morning,Weekday
1052.0,Bread,2016-11-11 11:25:11,Morning,Weekday
1053.0,Brownie,2016-11-11 11:31:09,Morning,Weekday
1053.0,Muffin,2016-11-11 11:31:09,Morning,Weekday
1053.0,Scandinavian,2016-11-11 11:31:09,Morning,Weekday
1054.0,Coffee,2016-11-11 11:32:44,Morning,Weekday
1055.0,Fudge,2016-11-11 11:34:40,Morning,Weekday
1056.0,Tea,,Morning,Weekday
1056.0,Brownie,2016-11-11 11:41:37,Morning,Weekday
1057.0,Bread,2016-11-11 11:42:49,Morning,Weekday
1058.0,,2016-11-11 11:45:01,Morning,Weekday
1058.0,Muffin,2016-11-11 11:45:01,Morning,Weekday
1059.0,Scandinavian,2016-11-11 11:56:17,Morning,Weekday
1060.0,Bread,2016-11-11 11:56:35,Morning,Weekday
1061.0,Coffee,2016-11-11 11:56:57,Morning,Weekday
1062.0,Bread,2016-11-11 12:02:21,Afternoon,Weekday
1063.0,Coffee,2016-11-11 12:07:00,Afternoon,Weekday
1063.0,Soup,2016-11-11 12:07:00,Afternoon,Weekday
1064.0,Soup,2016-11-11 12:17:23,Afternoon,Weekday
1065.0,Coffee,2016-11-11 12:19:46,Afternoon,Weekday
1065.0,Bread,2016-11-11 12:19:46,Afternoon,Weekday
1065.0,Coffee,2016-11-11 12:19:46,Afternoon,Weekday
1065.0,Alfajores,2016-11-11 12:19:46,Afternoon,Weekday
1065.0,Alfajores,2016-11-11 12:19:46,Afternoon,Weekday
1066.0,Farm House,2016-11-11 12:21:37,Afternoon,Weekday
1068.0,Farm House,2016-11-11 12:40:32,Afternoon,Weekday
1068.0,Chimichurri Oil,2016-11-11 12:40:32,Afternoon,Weekday
1069.0,Farm House,2016-11-11 12:55:18,Afternoon,Weekday
1070.0,Sandwich,2016-11-11 12:58:54,Afternoon,Weekday
1071.0,Soup,2016-11-11 13:05:58,Afternoon,Weekday
1071.0,Bread,2016-11-11 13:05:58,Afternoon,Weekday
1072.0,Coffee,2016-11-11 13:32:26,Afternoon,Weekday
1072.0,Art Tray,2016-11-11 13:32:26,Afternoon,Weekday
1072.0,Frittata,2016-11-11 13:32:26,Afternoon,Weekday
1072.0,Sandwich,2016-11-11 13:32:26,Afternoon,Weekday
1073.0,Scandinavian,2016-11-11 13:46:24,Afternoon,Weekday
1073.0,Fairy Doors,2016-11-11 13:46:24,Afternoon,Weekday
1074.0,Mineral water,2016-11-11 13:49:12,Afternoon,Weekday
1074.0,Cookies,2016-11-11 13:49:12,Afternoon,
1075.0,Brownie,2016-11-11 13:50:43,Afternoon,Weekday
1075.0,Coffee,2016-11-11 13:50:43,Afternoon,Weekday
1075.0,Coffee,2016-11-11 13:50:43,Afternoon,Weekday
1076.0,Bread,2016-11-11 13:59:45,Afternoon,Weekday
1076.0,Hearty & Seasonal,2016-11-11 13:59:45,Afternoon,Weekday
1077.0,Hearty & Seasonal,2016-11-11 14:00:15,Afternoon,Weekday
1077.0,Bread,2016-11-11 14:00:15,Afternoon,Weekday
1078.0,Scandinavian,2016-11-11 14:15:49,Afternoon,Weekday
1078.0,Focaccia,2016-11-11 14:15:49,Afternoon,Weekday
1080.0,Fudge,2016-11-11 14:17:27,Afternoon,Weekday
1081.0,Coffee,2016-11-11 14:20:49,Afternoon,Weekday
1081.0,Tea,2016-11-11 14:20:49,Afternoon,Weekday
1081.0,Cake,2016-11-11 14:20:49,Afternoon,Weekday
1082.0,Coffee,2016-11-11 14:34:49,Afternoon,Weekday
1083.0,Truffles,2016-11-11 14:40:30,Afternoon,Weekday
1084.0,Coffee,2016-11-11 14:55:51,Afternoon,Weekday
1084.0,,2016-11-11 14:55:51,Afternoon,Weekday
1084.0,Brownie,2016-11-11 14:55:51,Afternoon,Weekday
1085.0,Scandinavian,2016-11-11 14:56:31,Afternoon,Weekday
1086.0,Muffin,2016-11-11 14:58:05,Afternoon,Weekday
1086.0,Coffee,2016-11-11 14:58:05,Afternoon,Weekday
1087.0,Soup,2016-11-11 15:08:39,Afternoon,Weekday
1087.0,Coke,2016-11-11 15:08:39,Afternoon,Weekday
1087.0,Hot chocolate,2016-11-11 15:08:39,Afternoon,Weekday
1087.0,Fudge,2016-11-11 15:08:39,Afternoon,Weekday
1088.0,Sandwich,2016-11-11 15:09:27,Afternoon,Weekday
1088.0,Juice,2016-11-11 15:09:27,Afternoon,Weekday
1088.0,Alfajores,2016-11-11 15:09:27,Afternoon,Weekday
1089.0,Coffee,2016-11-11 16:08:37,Afternoon,Weekday
1089.0,Alfajores,2016-11-11 16:08:37,Afternoon,Weekday
1090.0,Brownie,2016-11-11 16:20:18,Afternoon,Weekday
1090.0,Coffee,2016-11-11 16:20:18,Afternoon,Weekday
1090.0,Hot chocolate,2016-11-11 16:20:18,Afternoon,Weekday
1090.0,Coffee,2016-11-11 16:20:18,Afternoon,Weekday
1090.0,Juice,2016-11-11 16:20:18,Afternoon,Weekday
1091.0,Scandinavian,2016-11-11 16:29:37,Afternoon,Weekday
1092.0,Coffee,2016-11-11 16:35:27,Afternoon,Weekday
1093.0,Hot chocolate,2016-11-11 16:37:17,Afternoon,Weekday
1093.0,My-5 Fruit Shoot,2016-11-11 16:37:17,Afternoon,Weekday
1093.0,Cake,2016-11-11 16:37:17,Afternoon,Weekday
1094.0,Soup,2016-11-11 16:39:33,Afternoon,Weekday
1094.0,Sandwich,2016-11-11 16:39:33,Afternoon,Weekday
1094.0,Tea,2016-11-11 16:39:33,Afternoon,Weekday
1094.0,Alfajores,2016-11-11 16:39:33,Afternoon,
1094.0,Alfajores,2016-11-11 16:39:33,Afternoon,Weekday
1095.0,Mineral water,2016-11-11 16:40:34,Afternoon,Weekday
1096.0,Bread,2016-11-11 16:52:27,Afternoon,Weekday
1097.0,Scandinavian,2016-11-11 17:03:43,Evening,Weekday
1098.0,Tea,,Evening,Weekday
1099.0,Tea,2016-11-11 17:11:10,Evening,Weekday
1100.0,Fudge,2016-11-11 17:13:33,Evening,Weekday
1101.0,Scandinavian,2016-11-11 17:24:59,Evening,Weekday
1102.0,Coffee,2016-11-11 17:33:05,Evening,Weekday
1103.0,Coffee,2016-11-11 17:33:24,Evening,Weekday
1104.0,Medialuna,2016-12-11 08:44:48,Morning,Weekend
1104.0,Coffee,2016-12-11 08:44:48,Morning,Weekend
1105.0,Bread,2016-12-11 09:03:16,,Weekend
1106.0,Bread,2016-12-11 09:14:49,Morning,Weekend
1106.0,Pastry,2016-12-11 09:14:49,Morning,Weekend
1106.0,Medialuna,2016-12-11 09:14:49,Morning,Weekend
,Coffee,2016-12-11 09:14:49,Morning,Weekend
1107.0,Pastry,2016-12-11 09:25:06,Morning,Weekend
1107.0,Bread,2016-12-11 09:25:06,Morning,Weekend
1108.0,Coffee,2016-12-11 09:38:40,Morning,Weekend
1108.0,Coffee,2016-12-11 09:38:40,Morning,Weekend
1108.0,Hot chocolate,2016-12-11 09:38:40,Morning,Weekend
1108.0,Bread,2016-12-11 09:38:40,Morning,Weekend
1108.0,Pastry,2016-12-11 09:38:40,Morning,Weekend
1108.0,Medialuna,,Morning,Weekend
1109.0,Coffee,2016-12-11 09:46:49,Morning,Weekend
1110.0,Jam,2016-12-11 09:48:28,Morning,Weekend
1110.0,Bread,2016-12-11 09:48:28,Morning,Weekend
1111.0,Medialuna,2016-12-11 09:49:58,Morning,Weekend
1112.0,Medialuna,2016-12-11 09:53:48,Morning,Weekend
1112.0,,2016-12-11 09:53:48,Morning,Weekend
1112.0,Bread,2016-12-11 09:53:48,Morning,Weekend
1114.0,Coffee,2016-12-11 09:59:05,Morning,Weekend
1115.0,Coffee,2016-12-11 10:00:52,Morning,Weekend
1116.0,Bread,2016-12-11 10:07:20,Morning,Weekend
1117.0,Coffee,2016-12-11 10:09:57,Morning,Weekend
1117.0,Muffin,2016-12-11 10:09:57,Morning,Weekend
1118.0,Medialuna,2016-12-11 10:11:46,Morning,Weekend
1118.0,Bread,2016-12-11 10:11:46,Morning,Weekend
1119.0,Bread,2016-12-11 10:12:56,Morning,Weekend
1120.0,Bread,2016-12-11 10:20:58,Morning,Weekend
1120.0,Medialuna,2016-12-11 10:20:58,Morning,Weekend
1121.0,Coffee,2016-12-11 10:23:48,Morning,Weekend
1121.0,Pastry,2016-12-11 10:23:48,Morning,Weekend
1121.0,Brownie,2016-12-11 10:23:48,Morning,Weekend
1122.0,Medialuna,2016-12-11 10:24:36,,Weekend
1122.0,Scandinavian,2016-12-11 10:24:36,Morning,Weekend
1123.0,Bread,2016-12-11 10:26:38,Morning,Weekend
1124.0,,2016-12-11 10:28:23,Morning,Weekend
1124.0,Muffin,2016-12-11 10:28:23,Morning,Weekend
1125.0,Bread,2016-12-11 10:33:21,Morning,Weekend
1126.0,Coffee,2016-12-11 10:34:04,Morning,Weekend
1127.0,Medialuna,2016-12-11 10:40:15,Morning,Weekend
1127.0,Muffin,2016-12-11 10:40:15,Morning,Weekend
1128.0,Bread,2016-12-11 10:45:49,Morning,Weekend
1129.0,Coffee,2016-12-11 10:53:19,Morning,Weekend
1130.0,Alfajores,2016-12-11 10:57:06,Morning,Weekend
1130.0,Bread,2016-12-11 10:57:06,Morning,Weekend
1130.0,Scandinavian,2016-12-11 10:57:06,Morning,Weekend
1131.0,Coffee,2016-12-11 11:01:36,Morning,
1132.0,Bread,2016-12-11 11:03:41,Morning,Weekend
1133.0,Medialuna,2016-12-11 11:05:30,Morning,Weekend
1134.0,Coffee,2016-12-11 11:12:40,Morning,Weekend
1134.0,Scandinavian,2016-12-11 11:12:40,Morning,Weekend
1135.0,Coffee,2016-12-11 11:15:30,Morning,Weekend
1135.0,Tea,2016-12-11 11:15:30,Morning,Weekend
1135.0,Brownie,2016-12-11 11:15:30,Morning,Weekend
1135.0,Truffles,2016-12-11 11:15:30,Morning,Weekend
1135.0,Muffin,2016-12-11 11:15:30,Morning,Weekend
1136.0,Tartine,2016-12-11 11:17:06,Morning,Weekend
1136.0,Coffee,2016-12-11 11:17:06,Morning,Weekend
1137.0,Coffee,2016-12-11 11:18:45,Morning,Weekend
1137.0,Coffee,2016-12-11 11:18:45,Morning,Weekend
1138.0,Alfajores,2016-12-11 11:21:17,Morning,Weekend
1138.0,Scandinavian,2016-12-11 11:21:17,Morning,Weekend
1139.0,Coffee,2016-12-11 11:29:49,Morning,Weekend
1139.0,Medialuna,2016-12-11 11:29:49,Morning,Weekend
1139.0,Hot chocolate,2016-12-11 11:29:49,Morning,Weekend
1140.0,Coffee,2016-12-11 11:31:17,Morning,Weekend
1140.0,Muffin,2016-12-11 11:31:17,Morning,Weekend
1140.0,Alfajores,2016-12-11 11:31:17,Morning,Weekend
,Farm House,2016-12-11 11:38:14,Morning,Weekend
1141.0,Coffee,2016-12-11 11:38:14,Morning,Weekend
1141.0,Coffee,2016-12-11 11:38:14,Morning,Weekend
1141.0,Muffin,2016-12-11 11:38:14,Morning,Weekend
1141.0,Brownie,2016-12-11 11:38:14,Morning,Weekend
1142.0,Bread,2016-12-11 11:45:48,Morning,Weekend
1142.0,Coffee,2016-12-11 11:45:48,Morning,Weekend
1142.0,Medialuna,2016-12-11 11:45:48,Morning,Weekend
1142.0,Farm House,2016-12-11 11:45:48,Morning,Weekend
1143.0,Farm House,2016-12-11 11:47:45,Morning,Weekend
1143.0,Scandinavian,2016-12-11 11:47:45,Morning,Weekend
1144.0,Truffles,2016-12-11 11:50:34,Morning,Weekend
1144.0,Bread,2016-12-11 11:50:34,Morning,Weekend
1144.0,Coffee,2016-12-11 11:50:34,Morning,Weekend
1145.0,Frittata,2016-12-11 12:00:46,Afternoon,Weekend
1145.0,Soup,2016-12-11 12:00:46,Afternoon,Weekend
1145.0,Coffee,2016-12-11 12:00:46,Afternoon,Weekend
1145.0,Coffee,2016-12-11 12:00:46,Afternoon,Weekend
1146.0,Scandinavian,2016-12-11 12:01:37,Afternoon,Weekend
1146.0,Eggs,2016-12-11 12:01:37,Afternoon,Weekend
1147.0,Brownie,2016-12-11 12:03:08,Afternoon,Weekend
1147.0,Truffles,2016-12-11 12:03:08,Afternoon,Weekend
1147.0,Coffee,2016-12-11 12:03:08,Afternoon,Weekend
1147.0,Coffee,2016-12-11 12:03:08,Afternoon,Weekend
1148.0,Scandinavian,2016-12-11 12:09:35,Afternoon,Weekend
,Coke,2016-12-11 12:19:47,Afternoon,Weekend
1150.0,Sandwich,2016-12-11 12:22:37,Afternoon,Weekend
1150.0,Soup,2016-12-11 12:22:37,Afternoon,Weekend
1150.0,Coffee,2016-12-11 12:22:37,Afternoon,Weekend
1150.0,Alfajores,2016-12-11 12:22:37,Afternoon,Weekend
1151.0,Tea,2016-12-11 12:38:17,Afternoon,Weekend
1151.0,Juice,2016-12-11 12:38:17,Afternoon,Weekend
1151.0,Hearty & Seasonal,2016-12-11 12:38:17,Afternoon,Weekend
1151.0,Hearty & Seasonal,2016-12-11 12:38:17,,Weekend
1152.0,Truffles,2016-12-11 12:40:44,Afternoon,Weekend
1153.0,Coffee,2016-12-11 12:45:16,Afternoon,Weekend
1153.0,Coffee,2016-12-11 12:45:16,Afternoon,
1153.0,Muffin,2016-12-11 12:45:16,Afternoon,Weekend
1153.0,Brownie,2016-12-11 12:45:16,Afternoon,Weekend
1154.0,Bread,2016-12-11 13:00:40,Afternoon,Weekend
1155.0,Bowl Nic Pitt,2016-12-11 13:05:00,Afternoon,Weekend
1155.0,Frittata,2016-12-11 13:05:00,Afternoon,Weekend
1155.0,Muffin,2016-12-11 13:05:00,Afternoon,Weekend
1155.0,Coffee,2016-12-11 13:05:00,Afternoon,Weekend
1156.0,Soup,2016-12-11 13:10:34,Afternoon,Weekend
1156.0,Frittata,2016-12-11 13:10:34,Afternoon,Weekend
1156.0,Brownie,2016-12-11 13:10:34,Afternoon,Weekend
1156.0,Coffee,2016-12-11 13:10:34,Afternoon,Weekend
1156.0,Tea,2016-12-11 13:10:34,Afternoon,Weekend
1157.0,Hot chocolate,2016-12-11 13:12:14,Afternoon,Weekend
1157.0,Coffee,2016-12-11 13:12:14,Afternoon,Weekend
1157.0,Muffin,2016-12-11 13:12:14,Afternoon,Weekend
1157.0,Alfajores,2016-12-11 13:12:14,Afternoon,Weekend
1158.0,Scandinavian,2016-12-11 13:16:38,Afternoon,Weekend
1158.0,Keeping It Local,2016-12-11 13:16:38,Afternoon,Weekend
1158.0,Tea,2016-12-11 13:16:38,Afternoon,Weekend
1158.0,Coffee,2016-12-11 13:16:38,Afternoon,Weekend
1158.0,Alfajores,2016-12-11 13:16:38,Afternoon,Weekend
1159.0,Bread,2016-12-11 13:19:37,Afternoon,Weekend
1160.0,Fudge,2016-12-11 13:21:36,Afternoon,Weekend
1161.0,Farm House,2016-12-11 13:23:34,Afternoon,Weekend
1162.0,Farm House,2016-12-11 13:29:13,Afternoon,Weekend
1163.0,Coffee,2016-12-11 13:43:19,Afternoon,Weekend
1163.0,Coffee,,Afternoon,Weekend
1163.0,Brownie,2016-12-11 13:43:19,Afternoon,Weekend
1163.0,Muffin,2016-12-11 13:43:19,Afternoon,Weekend
1164.0,Soup,2016-12-11 13:55:38,Afternoon,Weekend
1164.0,Coffee,2016-12-11 13:55:38,Afternoon,Weekend
1164.0,Bread,2016-12-11 13:55:38,Afternoon,Weekend
1165.0,Frittata,2016-12-11 13:57:49,Afternoon,Weekend
1165.0,Bread,2016-12-11 13:57:49,Afternoon,Weekend
1165.0,Muffin,2016-12-11 13:57:49,Afternoon,Weekend
1166.0,Farm House,2016-12-11 14:00:25,Afternoon,Weekend
1166.0,Bread,2016-12-11 14:00:25,Afternoon,Weekend
1166.0,Muffin,2016-12-11 14:00:25,Afternoon,Weekend
1167.0,Bread,2016-12-11 14:06:37,Afternoon,Weekend
1168.0,Bread,2016-12-11 14:07:49,Afternoon,Weekend
1168.0,Coffee,2016-12-11 14:07:49,Afternoon,Weekend
1168.0,Bread,2016-12-11 14:07:49,Afternoon,Weekend
1169.0,Farm House,2016-12-11 14:08:25,Afternoon,Weekend
1170.0,Bread,2016-12-11 14:18:07,Afternoon,Weekend
1170.0,Coffee,2016-12-11 14:18:07,Afternoon,Weekend
1170.0,Muffin,2016-12-11 14:18:07,Afternoon,Weekend
1170.0,Cookies,,Afternoon,
1171.0,Hot chocolate,2016-12-11 14:19:22,Afternoon,Weekend
1171.0,Coffee,2016-12-11 14:19:22,Afternoon,Weekend
1172.0,Muffin,2016-12-11 14:20:07,Afternoon,Weekend
1172.0,Jam,2016-12-11 14:20:07,Afternoon,Weekend
1173.0,Coffee,2016-12-11 14:22:20,Afternoon,Weekend
1173.0,Hot chocolate,2016-12-11 14:22:20,Afternoon,Weekend
1173.0,Tea,2016-12-11 14:22:20,Afternoon,Weekend
1174.0,Coffee,2016-12-11 14:26:11,Afternoon,Weekend
1174.0,Coffee,2016-12-11 14:26:11,Afternoon,Weekend
1174.0,Alfajores,2016-12-11 14:26:11,Afternoon,Weekend
1175.0,Tea,2016-12-11 14:35:38,Afternoon,Weekend
1175.0,Hearty & Seasonal,2016-12-11 14:35:38,Afternoon,Weekend
1175.0,Farm House,2016-12-11 14:35:38,Afternoon,Weekend
1176.0,Bread,2016-12-11 14:42:31,Afternoon,Weekend
1176.0,Coffee,2016-12-11 14:42:31,Afternoon,Weekend
1176.0,Alfajores,2016-12-11 14:42:31,Afternoon,Weekend
1176.0,Cookies,2016-12-11 14:42:31,Afternoon,Weekend
1177.0,Hearty & Seasonal,2016-12-11 14:48:20,Afternoon,Weekend
1177.0,Sandwich,2016-12-11 14:48:20,Afternoon,Weekend
1177.0,Bread,2016-12-11 14:48:20,Afternoon,Weekend
1177.0,Muffin,2016-12-11 14:48:20,Afternoon,Weekend
1177.0,Brownie,2016-12-11 14:48:20,Afternoon,Weekend
1178.0,Coffee,2016-12-11 15:00:37,Afternoon,Weekend
1178.0,Truffles,2016-12-11 15:00:37,Afternoon,Weekend
1178.0,Brownie,2016-12-11 15:00:37,Afternoon,Weekend
1178.0,Alfajores,2016-12-11 15:00:37,Afternoon,Weekend
1179.0,Coffee,2016-12-11 15:03:00,Afternoon,Weekend
1179.0,Tea,2016-12-11 15:03:00,Afternoon,Weekend
1179.0,Bread,2016-12-11 15:03:00,Afternoon,Weekend
1180.0,Tea,2016-12-11 15:06:05,Afternoon,Weekend
1180.0,Coffee,2016-12-11 15:06:05,Afternoon,Weekend
1180.0,Muffin,2016-12-11 15:06:05,Afternoon,Weekend
1180.0,Keeping It Local,2016-12-11 15:06:05,Afternoon,Weekend
1181.0,Coffee,2016-12-11 15:09:52,Afternoon,Weekend
1181.0,Alfajores,2016-12-11 15:09:52,Afternoon,Weekend
1182.0,Bread,2016-12-11 15:15:47,Afternoon,Weekend
1183.0,Tea,2016-12-11 15:20:01,Afternoon,Weekend
1183.0,Hot chocolate,2016-12-11 15:20:01,Afternoon,Weekend
1183.0,Alfajores,2016-12-11 15:20:01,Afternoon,Weekend
1184.0,Bread,2016-12-11 15:25:12,Afternoon,Weekend
1185.0,Alfajores,2016-12-11 15:29:07,Afternoon,Weekend
1185.0,Truffles,2016-12-11 15:29:07,,Weekend
1186.0,Bread,2016-12-11 15:31:17,Afternoon,Weekend
1187.0,Bread,2016-12-11 15:32:29,Afternoon,Weekend
1187.0,Brownie,2016-12-11 15:32:29,Afternoon,Weekend
1187.0,Muffin,2016-12-11 15:32:29,Afternoon,Weekend
1188.0,Coffee,2016-12-11 15:35:24,Afternoon,Weekend
1188.0,Brownie,2016-12-11 15:35:24,Afternoon,Weekend
1188.0,Coffee,2016-12-11 15:35:24,Afternoon,Weekend
1189.0,Bread,2016-12-11 15:37:02,Afternoon,Weekend
1189.0,Bread,2016-12-11 15:37:02,Afternoon,Weekend
1190.0,Bread,2016-12-11 15:47:59,Afternoon,Weekend
1190.0,Alfajores,2016-12-11 15:47:59,Afternoon,Weekend
1190.0,Muffin,2016-12-11 15:47:59,Afternoon,Weekend
1191.0,Truffles,2016-12-11 15:53:47,Afternoon,Weekend
1191.0,Frittata,2016-12-11 15:53:47,Afternoon,Weekend
1192.0,Coffee,2016-12-11 15:54:58,Afternoon,Weekend
1193.0,Bread,2016-12-11 16:03:19,Afternoon,Weekend
1194.0,Coffee,2016-12-11 16:09:16,Afternoon,Weekend
1194.0,Muffin,2016-12-11 16:09:16,Afternoon,Weekend
1195.0,Muffin,2016-12-11 16:12:36,Afternoon,Weekend
1196.0,Juice,2016-12-11 16:13:45,Afternoon,Weekend
1197.0,Coffee,2016-12-11 16:14:10,Afternoon,Weekend
1198.0,Muffin,2016-12-11 16:36:12,Afternoon,Weekend
1199.0,Bread,2016-12-11 16:46:30,Afternoon,Weekend
1200.0,Coffee,2016-12-11 16:59:00,Afternoon,Weekend
1201.0,Tartine,2016-11-13 09:32:34,Morning,Weekend
1201.0,Coffee,2016-11-13 09:32:34,Morning,Weekend
1201.0,Tea,2016-11-13 09:32:34,Morning,Weekend
1202.0,Coffee,2016-11-13 09:47:12,Morning,Weekend
1203.0,Coffee,2016-11-13 09:48:58,Morning,Weekend
1203.0,Tea,2016-11-13 09:48:58,Morning,Weekend
1204.0,Medialuna,2016-11-13 09:50:39,Morning,Weekend
1204.0,Coffee,2016-11-13 09:50:39,Morning,Weekend
1205.0,Medialuna,2016-11-13 09:55:59,Morning,Weekend
1205.0,Bread,2016-11-13 09:55:59,Morning,Weekend
1205.0,Coffee,2016-11-13 09:55:59,Morning,Weekend
1205.0,Pastry,2016-11-13 09:55:59,Morning,Weekend
1205.0,Farm House,2016-11-13 09:55:59,Morning,Weekend
1206.0,Bread,2016-11-13 09:59:00,Morning,Weekend
1206.0,Pastry,2016-11-13 09:59:00,Morning,Weekend
1206.0,Bread,2016-11-13 09:59:00,Morning,Weekend
1207.0,Medialuna,2016-11-13 10:03:42,Morning,Weekend
,Coffee,2016-11-13 10:03:42,Morning,Weekend
1207.0,Bread,2016-11-13 10:03:42,Morning,Weekend
1208.0,Pastry,2016-11-13 10:15:17,Morning,Weekend
1209.0,Bread,2016-11-13 10:19:25,Morning,Weekend
1210.0,Medialuna,,Morning,Weekend
1210.0,Pastry,2016-11-13 10:21:02,Morning,Weekend
1210.0,Bread,2016-11-13 10:21:02,Morning,Weekend
1211.0,Coffee,2016-11-13 10:24:58,Morning,Weekend
1211.0,Keeping It Local,2016-11-13 10:24:58,Morning,Weekend
1212.0,Bread,,Morning,Weekend
1212.0,Farm House,2016-11-13 10:30:44,Morning,Weekend
1212.0,Jam,2016-11-13 10:30:44,Morning,Weekend
1212.0,Pastry,2016-11-13 10:30:44,Morning,Weekend
1213.0,Bread,2016-11-13 10:35:55,Morning,Weekend
,Coffee,,Morning,Weekend
1214.0,Medialuna,2016-11-13 10:45:21,Morning,Weekend
1215.0,Coffee,2016-11-13 10:53:17,Morning,Weekend
1216.0,Tea,2016-11-13 11:07:58,Morning,Weekend
1216.0,Bread,2016-11-13 11:07:58,Morning,Weekend
1217.0,Bread,2016-11-13 11:12:10,Morning,Weekend
1217.0,Pastry,2016-11-13 11:12:10,Morning,Weekend
1218.0,Hearty & Seasonal,2016-11-13 11:16:05,Morning,Weekend
1219.0,Scandinavian,2016-11-13 11:16:39,Morning,Weekend
1220.0,Coffee,2016-11-13 11:19:32,Morning,Weekend
1220.0,Hot chocolate,2016-11-13 11:19:32,Morning,Weekend
1220.0,Pastry,2016-11-13 11:19:32,Morning,Weekend
1221.0,Bread,2016-11-13 11:23:11,Morning,Weekend
1221.0,Muffin,2016-11-13 11:23:11,Morning,Weekend
1222.0,Coffee,2016-11-13 11:25:10,Morning,Weekend
,Keeping It Local,2016-11-13 11:25:10,Morning,Weekend
1223.0,Bread,2016-11-13 11:28:57,Morning,Weekend
1223.0,Coffee,2016-11-13 11:28:57,Morning,Weekend
1223.0,Medialuna,2016-11-13 11:28:57,Morning,Weekend
1224.0,Coffee,2016-11-13 11:31:06,Morning,Weekend
1224.0,Pastry,2016-11-13 11:31:06,Morning,Weekend
1224.0,Bread,2016-11-13 11:31:06,Morning,Weekend
1225.0,Medialuna,2016-11-13 11:33:56,Morning,Weekend
1226.0,Brownie,2016-11-13 11:34:54,Morning,Weekend
1227.0,Muffin,2016-11-13 11:37:33,Morning,Weekend
1228.0,Hearty & Seasonal,2016-11-13 11:41:45,Morning,Weekend
1229.0,Coffee,2016-11-13 11:42:45,Morning,Weekend
1229.0,Bread,2016-11-13 11:42:45,Morning,Weekend
1230.0,Coffee,2016-11-13 11:44:44,Morning,Weekend
1230.0,Alfajores,2016-11-13 11:44:44,Morning,Weekend
1231.0,Coffee,2016-11-13 11:48:20,Morning,Weekend
1231.0,Coffee,2016-11-13 11:48:20,Morning,Weekend
1231.0,Keeping It Local,2016-11-13 11:48:20,Morning,Weekend
1231.0,Bread,2016-11-13 11:48:20,Morning,Weekend
1232.0,Bread,2016-11-13 11:49:59,Morning,Weekend
1233.0,Coffee,2016-11-13 11:50:37,Morning,Weekend
1234.0,Coffee,2016-11-13 11:53:14,Morning,Weekend
1234.0,Coffee,2016-11-13 11:53:14,Morning,Weekend
1234.0,Hot chocolate,2016-11-13 11:53:14,Morning,Weekend
1234.0,Medialuna,2016-11-13 11:53:14,Morning,Weekend
1235.0,Brownie,2016-11-13 11:54:03,Morning,Weekend
1235.0,Bread,2016-11-13 11:54:03,Morning,Weekend
1236.0,Bread,2016-11-13 11:55:19,Morning,Weekend
1237.0,Sandwich,2016-11-13 11:57:47,Morning,Weekend
1237.0,Coffee,2016-11-13 11:57:47,,Weekend
1237.0,Coffee,2016-11-13 11:57:47,Morning,Weekend
,Bread,2016-11-13 11:59:58,Morning,Weekend
,Bread,2016-11-13 11:59:58,Morning,Weekend
1238.0,Brownie,2016-11-13 11:59:58,Morning,Weekend
1239.0,Brownie,2016-11-13 12:02:45,Afternoon,Weekend
1239.0,Coffee,2016-11-13 12:02:45,Afternoon,
1239.0,Bread,2016-11-13 12:02:45,Afternoon,Weekend
1240.0,Sandwich,2016-11-13 12:07:00,Afternoon,Weekend
1240.0,Brownie,2016-11-13 12:07:00,Afternoon,Weekend
1240.0,Hot chocolate,2016-11-13 12:07:00,Afternoon,Weekend
1240.0,Coffee,2016-11-13 12:07:00,Afternoon,Weekend
1241.0,Coffee,2016-11-13 12:07:59,Afternoon,Weekend
1242.0,Bread,2016-11-13 12:14:13,Afternoon,Weekend
1242.0,Mineral water,2016-11-13 12:14:13,Afternoon,Weekend
1243.0,Coffee,2016-11-13 12:16:32,Afternoon,Weekend
1243.0,Coffee,2016-11-13 12:16:32,Afternoon,Weekend
1244.0,Bread,2016-11-13 12:17:09,Afternoon,Weekend
1245.0,Bread,2016-11-13 12:28:48,Afternoon,Weekend
1246.0,Coffee,2016-11-13 12:45:22,Afternoon,Weekend
1247.0,Bread,2016-11-13 12:53:08,Afternoon,Weekend
1248.0,Bacon,2016-11-13 13:01:23,Afternoon,Weekend
1248.0,Art Tray,2016-11-13 13:01:23,Afternoon,Weekend
1248.0,Coffee,2016-11-13 13:01:23,Afternoon,Weekend
1248.0,Coffee,2016-11-13 13:01:23,Afternoon,Weekend
1248.0,Juice,2016-11-13 13:01:23,Afternoon,Weekend
1249.0,Bread,2016-11-13 13:04:04,Afternoon,Weekend
1250.0,Coffee,2016-11-13 13:13:15,Afternoon,Weekend
1251.0,Hearty & Seasonal,2016-11-13 13:17:17,Afternoon,Weekend
1251.0,Coffee,2016-11-13 13:17:17,Afternoon,Weekend
1251.0,Tea,2016-11-13 13:17:17,Afternoon,Weekend
1252.0,Brownie,2016-11-13 13:19:35,Afternoon,Weekend
1252.0,Medialuna,2016-11-13 13:19:35,Afternoon,Weekend
1252.0,Muffin,2016-11-13 13:19:35,Afternoon,Weekend
1253.0,Bread,2016-11-13 13:29:47,,Weekend
1254.0,Bread,2016-11-13 13:37:07,Afternoon,Weekend
1254.0,Brownie,2016-11-13 13:37:07,Afternoon,Weekend
1254.0,Muffin,2016-11-13 13:37:07,Afternoon,Weekend
1254.0,Bread,2016-11-13 13:37:07,Afternoon,Weekend
1254.0,My-5 Fruit Shoot,2016-11-13 13:37:07,Afternoon,Weekend
1255.0,Brownie,2016-11-13 13:39:25,Afternoon,Weekend
1255.0,Alfajores,2016-11-13 13:39:25,Afternoon,Weekend
1255.0,Coffee,2016-11-13 13:39:25,Afternoon,Weekend
1255.0,Bread,2016-11-13 13:39:25,Afternoon,Weekend
1256.0,Bread,2016-11-13 13:50:52,Afternoon,Weekend
1256.0,Jam,2016-11-13 13:50:52,Afternoon,Weekend
1256.0,Spread,2016-11-13 13:50:52,Afternoon,Weekend
1257.0,Brownie,2016-11-13 13:52:27,Afternoon,Weekend
1258.0,Coffee,2016-11-13 13:59:28,Afternoon,Weekend
1258.0,Hearty & Seasonal,2016-11-13 13:59:28,Afternoon,Weekend
1259.0,Bread,2016-11-13 14:14:28,Afternoon,Weekend
1259.0,Bread,2016-11-13 14:14:28,Afternoon,Weekend
1259.0,Keeping It Local,2016-11-13 14:14:28,Afternoon,Weekend
1259.0,Hearty & Seasonal,2016-11-13 14:14:28,Afternoon,Weekend
1259.0,Tea,2016-11-13 14:14:28,Afternoon,Weekend
1260.0,Coffee,2016-11-13 14:28:42,Afternoon,Weekend
1260.0,Coke,2016-11-13 14:28:42,Afternoon,Weekend
1260.0,Mineral water,2016-11-13 14:28:42,Afternoon,Weekend
1260.0,Bread,2016-11-13 14:28:42,Afternoon,Weekend
1260.0,Brownie,2016-11-13 14:28:42,Afternoon,Weekend
1261.0,,2016-11-13 14:36:10,Afternoon,Weekend
1261.0,Coffee,2016-11-13 14:36:10,Afternoon,Weekend
1261.0,Tea,2016-11-13 14:36:10,Afternoon,Weekend
1262.0,Bread,2016-11-13 14:39:17,Afternoon,Weekend
1263.0,Bread,2016-11-13 15:02:03,Afternoon,Weekend
1264.0,Coffee,2016-11-13 15:12:01,Afternoon,Weekend
1264.0,Coffee,2016-11-13 15:12:01,Afternoon,Weekend
1264.0,Tea,2016-11-13 15:12:01,Afternoon,Weekend
1264.0,Frittata,2016-11-13 15:12:01,Afternoon,Weekend
1264.0,Keeping It Local,2016-11-13 15:12:01,Afternoon,Weekend
1264.0,Bread,2016-11-13 15:12:01,Afternoon,Weekend
1265.0,Cookies,2016-11-13 15:23:40,Afternoon,Weekend
1266.0,Bread,2016-11-13 16:35:54,Afternoon,Weekend
1266.0,Cake,2016-11-13 16:35:54,Afternoon,Weekend
1267.0,Coffee,2016-11-13 16:39:20,Afternoon,Weekend
1267.0,Coffee,2016-11-13 16:39:20,Afternoon,Weekend
1267.0,Fudge,2016-11-13 16:39:20,Afternoon,Weekend
1267.0,Bread,2016-11-13 16:39:20,Afternoon,Weekend
,Muffin,2016-11-13 16:41:30,Afternoon,Weekend
1269.0,Coffee,2016-11-13 16:45:17,Afternoon,Weekend
1269.0,Kids biscuit,2016-11-13 16:45:17,Afternoon,Weekend
1270.0,Juice,2016-11-13 16:47:09,Afternoon,Weekend
1270.0,Muffin,2016-11-13 16:47:09,Afternoon,Weekend
1270.0,Brownie,2016-11-13 16:47:09,Afternoon,Weekend
1271.0,Kids biscuit,2016-11-13 16:47:49,Afternoon,Weekend
1272.0,Kids biscuit,2016-11-13 16:59:24,Afternoon,Weekend
1273.0,Art Tray,2016-11-13 17:42:47,Evening,Weekend
1273.0,Tartine,2016-11-13 17:42:47,Evening,Weekend
1274.0,Fudge,2016-11-13 17:47:29,Evening,Weekend
1274.0,My-5 Fruit Shoot,2016-11-13 17:47:29,Evening,Weekend
1274.0,Kids biscuit,2016-11-13 17:47:29,Evening,Weekend
1274.0,Muffin,2016-11-13 17:47:29,Evening,Weekend
1275.0,Coffee,2016-11-14 07:39:27,Morning,Weekday
1276.0,Coffee,2016-11-14 08:31:39,Morning,Weekday
1277.0,Tea,2016-11-14 08:57:31,Morning,Weekday
1277.0,Medialuna,2016-11-14 08:57:31,Morning,Weekday
1278.0,Medialuna,2016-11-14 08:58:51,Morning,Weekday
1278.0,Coffee,2016-11-14 08:58:51,,Weekday
1279.0,Coffee,2016-11-14 09:11:20,Morning,Weekday
1280.0,Coffee,2016-11-14 09:17:55,Morning,Weekday
1280.0,Medialuna,2016-11-14 09:17:55,Morning,Weekday
1281.0,Pastry,2016-11-14 09:31:00,Morning,Weekday
1281.0,Coffee,2016-11-14 09:31:00,Morning,Weekday
1282.0,Keeping It Local,2016-11-14 09:38:03,Morning,Weekday
1282.0,Tea,2016-11-14 09:38:03,Morning,Weekday
1282.0,Coffee,2016-11-14 09:38:03,Morning,Weekday
1282.0,Coffee,2016-11-14 09:38:03,Morning,Weekday
1283.0,Farm House,2016-11-14 09:59:56,Morning,Weekday
1284.0,Tea,2016-11-14 10:01:15,,Weekday
1284.0,Truffles,2016-11-14 10:01:15,Morning,Weekday
1285.0,Farm House,2016-11-14 10:05:05,Morning,Weekday
1286.0,Coffee,2016-11-14 10:06:17,Morning,Weekday
1286.0,Keeping It Local,2016-11-14 10:06:17,Morning,Weekday
1287.0,Medialuna,2016-11-14 10:12:01,Morning,Weekday
1287.0,Truffles,2016-11-14 10:12:01,Morning,Weekday
1287.0,Tea,2016-11-14 10:12:01,Morning,Weekday
1288.0,Tea,2016-11-14 10:13:05,Morning,Weekday
1288.0,Keeping It Local,2016-11-14 10:13:05,Morning,Weekday
1289.0,Medialuna,2016-11-14 10:14:51,Morning,Weekday
1289.0,Pastry,2016-11-14 10:14:51,Morning,Weekday
1289.0,Truffles,2016-11-14 10:14:51,Morning,Weekday
1290.0,Pastry,2016-11-14 10:18:40,Morning,Weekday
1291.0,Focaccia,2016-11-14 10:32:27,Morning,Weekday
1291.0,Farm House,2016-11-14 10:32:27,Morning,Weekday
1292.0,Coffee,2016-11-14 10:44:13,Morning,Weekday
1292.0,Bread,2016-11-14 10:44:13,Morning,Weekday
1293.0,Coffee,2016-11-14 10:49:38,Morning,Weekday
1293.0,Truffles,2016-11-14 10:49:38,Morning,Weekday
1294.0,Coffee,2016-11-14 10:59:34,Morning,Weekday
1294.0,Coffee,2016-11-14 10:59:34,Morning,Weekday
1294.0,Kids biscuit,2016-11-14 10:59:34,Morning,Weekday
1295.0,Coffee,2016-11-14 11:12:12,Morning,Weekday
1295.0,Tea,2016-11-14 11:12:12,Morning,Weekday
1296.0,Coffee,2016-11-14 11:17:05,Morning,Weekday
1296.0,Coffee,2016-11-14 11:17:05,Morning,Weekday
1297.0,Bread,2016-11-14 11:18:59,Morning,Weekday
1297.0,Bread,2016-11-14 11:18:59,Morning,Weekday
1298.0,Bread,2016-11-14 11:24:21,Morning,Weekday
1299.0,Medialuna,2016-11-14 11:35:44,Morning,Weekday
1300.0,Bread,2016-11-14 11:36:49,Morning,Weekday
1301.0,Tea,2016-11-14 11:40:40,Morning,Weekday
1301.0,Bread,2016-11-14 11:40:40,Morning,Weekday
1303.0,Mineral water,2016-11-14 12:00:22,Afternoon,Weekday
1303.0,Coffee,2016-11-14 12:00:22,Afternoon,Weekday
1303.0,Kids biscuit,2016-11-14 12:00:22,Afternoon,Weekday
1303.0,Muffin,2016-11-14 12:00:22,Afternoon,Weekday
1304.0,Pastry,2016-11-14 12:05:23,Afternoon,Weekday
1305.0,Coffee,2016-11-14 12:08:51,,Weekday
1305.0,Keeping It Local,2016-11-14 12:08:51,Afternoon,Weekday
1306.0,Bread,2016-11-14 12:20:23,Afternoon,Weekday
1306.0,Sandwich,2016-11-14 12:20:23,Afternoon,Weekday
1306.0,Tea,2016-11-14 12:20:23,Afternoon,Weekday
1307.0,Fudge,2016-11-14 12:22:39,Afternoon,Weekday
1307.0,Fudge,2016-11-14 12:22:39,Afternoon,Weekday
1307.0,Bread,2016-11-14 12:22:39,Afternoon,Weekday
1307.0,Truffles,2016-11-14 12:22:39,Afternoon,Weekday
1308.0,Sandwich,2016-11-14 12:28:32,Afternoon,Weekday
1308.0,Coffee,2016-11-14 12:28:32,Afternoon,Weekday
1309.0,Coffee,2016-11-14 12:29:09,Afternoon,Weekday
1309.0,Tea,2016-11-14 12:29:09,Afternoon,Weekday
1309.0,Truffles,2016-11-14 12:29:09,Afternoon,Weekday
1310.0,Bread,2016-11-14 12:39:12,Afternoon,Weekday
1311.0,Sandwich,2016-11-14 12:41:02,Afternoon,Weekday
1311.0,Coffee,2016-11-14 12:41:02,Afternoon,Weekday
1311.0,Tea,2016-11-14 12:41:02,Afternoon,Weekday
1313.0,Coffee,2016-11-14 12:52:11,Afternoon,Weekday
1314.0,Sandwich,2016-11-14 13:03:24,Afternoon,Weekday
1314.0,Bread,2016-11-14 13:03:24,Afternoon,Weekday
1315.0,Hearty & Seasonal,2016-11-14 13:09:13,Afternoon,Weekday
1315.0,Hearty & Seasonal,2016-11-14 13:09:13,Afternoon,Weekday
1315.0,Alfajores,2016-11-14 13:09:13,Afternoon,Weekday
1315.0,Truffles,2016-11-14 13:09:13,Afternoon,Weekday
1316.0,Frittata,2016-11-14 13:14:17,Afternoon,Weekday
1316.0,Muffin,2016-11-14 13:14:17,Afternoon,Weekday
1316.0,,2016-11-14 13:14:17,Afternoon,Weekday
1316.0,Coffee,2016-11-14 13:14:17,Afternoon,Weekday
1317.0,Sandwich,2016-11-14 13:19:14,Afternoon,Weekday
1317.0,Hot chocolate,2016-11-14 13:19:14,Afternoon,Weekday
1317.0,Coffee,2016-11-14 13:19:14,Afternoon,Weekday
1317.0,Hearty & Seasonal,2016-11-14 13:19:14,Afternoon,Weekday
1317.0,Cookies,2016-11-14 13:19:14,Afternoon,Weekday
1318.0,Bread,2016-11-14 13:20:35,Afternoon,Weekday
1318.0,Bread,2016-11-14 13:20:35,Afternoon,Weekday
1318.0,Sandwich,2016-11-14 13:20:35,Afternoon,Weekday
1319.0,Farm House,2016-11-14 13:35:47,Afternoon,Weekday
1320.0,Coffee,2016-11-14 13:36:40,Afternoon,Weekday
1320.0,Muffin,2016-11-14 13:36:40,Afternoon,Weekday
1321.0,Scandinavian,2016-11-14 13:38:42,Afternoon,Weekday
1321.0,Bread,2016-11-14 13:38:42,Afternoon,Weekday
1322.0,Sandwich,2016-11-14 13:41:26,Afternoon,Weekday
1322.0,Soup,2016-11-14 13:41:26,Afternoon,Weekday
1322.0,Coffee,2016-11-14 13:41:26,Afternoon,Weekday
1322.0,Tea,2016-11-14 13:41:26,Afternoon,Weekday
1323.0,Farm House,2016-11-14 13:45:05,Afternoon,Weekday
1324.0,Coffee,2016-11-14 13:49:16,Afternoon,Weekday
1324.0,Tea,2016-11-14 13:49:16,Afternoon,Weekday
1325.0,Soup,2016-11-14 14:01:15,Afternoon,Weekday
1325.0,Jam,2016-11-14 14:01:15,Afternoon,Weekday
1325.0,Muffin,2016-11-14 14:01:15,Afternoon,Weekday
1325.0,Coffee,2016-11-14 14:01:15,Afternoon,Weekday
1326.0,Bread,2016-11-14 14:02:19,Afternoon,Weekday
1327.0,Coffee,2016-11-14 14:06:07,Afternoon,Weekday
1327.0,Soup,2016-11-14 14:06:07,Afternoon,Weekday
1328.0,Coffee,2016-11-14 14:41:15,Afternoon,Weekday
1328.0,Coffee,2016-11-14 14:41:15,Afternoon,Weekday
1328.0,Muffin,2016-11-14 14:41:15,Afternoon,Weekday
1329.0,Bread,2016-11-14 14:43:40,Afternoon,Weekday
1329.0,Muffin,2016-11-14 14:43:40,Afternoon,Weekday
1329.0,Kids biscuit,2016-11-14 14:43:40,Afternoon,Weekday
1330.0,Coffee,2016-11-14 15:02:36,Afternoon,Weekday
1330.0,Bread,2016-11-14 15:02:36,Afternoon,Weekday
1331.0,Coffee,2016-11-14 15:14:46,Afternoon,Weekday
1332.0,Muffin,2016-11-14 15:29:08,Afternoon,Weekday
1333.0,Ella's Kitchen Pouches,2016-11-14 15:34:10,Afternoon,Weekday
1333.0,Bread,2016-11-14 15:34:10,Afternoon,Weekday
1333.0,Muffin,2016-11-14 15:34:10,Afternoon,Weekday
1334.0,Soup,2016-11-14 15:40:05,Afternoon,Weekday
1334.0,Sandwich,2016-11-14 15:40:05,Afternoon,Weekday
1334.0,Frittata,2016-11-14 15:40:05,Afternoon,Weekday
1335.0,Bread,2016-11-14 15:42:20,Afternoon,Weekday
1335.0,Sandwich,2016-11-14 15:42:20,Afternoon,Weekday
1336.0,Coffee,2016-11-14 15:56:19,Afternoon,Weekday
1336.0,Bread,2016-11-14 15:56:19,Afternoon,Weekday
1336.0,Coffee,2016-11-14 15:56:19,Afternoon,Weekday
1336.0,Bread,2016-11-14 15:56:19,Afternoon,Weekday
1336.0,Cookies,2016-11-14 15:56:19,Afternoon,Weekday
1337.0,Bread,2016-11-14 16:08:48,Afternoon,Weekday
1337.0,Art Tray,2016-11-14 16:08:48,Afternoon,Weekday
1337.0,Tea,2016-11-14 16:08:48,Afternoon,Weekday
1337.0,Hot chocolate,2016-11-14 16:08:48,Afternoon,Weekday
1338.0,Art Tray,2016-11-14 16:11:32,Afternoon,Weekday
1338.0,Coffee,2016-11-14 16:11:32,Afternoon,Weekday
1338.0,Hot chocolate,2016-11-14 16:11:32,Afternoon,Weekday
1338.0,Juice,2016-11-14 16:11:32,Afternoon,Weekday
1338.0,Muffin,2016-11-14 16:11:32,Afternoon,Weekday
1339.0,Hot chocolate,2016-11-14 16:26:53,Afternoon,Weekday
1339.0,Coffee,2016-11-14 16:26:53,Afternoon,Weekday
1340.0,Farm House,2016-11-14 17:12:26,Evening,Weekday
1341.0,Farm House,2016-11-14 18:17:07,Evening,Weekday
1341.0,Muffin,2016-11-14 18:17:07,Evening,Weekday
1342.0,Coffee,2016-11-15 07:42:27,Morning,Weekday
1342.0,Medialuna,2016-11-15 07:42:27,Morning,Weekday
1343.0,Bread,2016-11-15 08:14:31,Morning,Weekday
1343.0,Keeping It Local,2016-11-15 08:14:31,Morning,Weekday
1344.0,Coffee,2016-11-15 09:02:19,Morning,Weekday
1345.0,Bread,2016-11-15 09:07:38,Morning,Weekday
1346.0,Medialuna,2016-11-15 09:13:22,Morning,Weekday
1346.0,Tea,2016-11-15 09:13:22,Morning,
1346.0,Coffee,,Morning,Weekday
1347.0,Hot chocolate,2016-11-15 09:16:53,Morning,Weekday
1348.0,Coffee,2016-11-15 09:17:58,Morning,Weekday
1349.0,Coke,2016-11-15 09:19:02,Morning,Weekday
1350.0,Coffee,2016-11-15 09:23:39,Morning,Weekday
1351.0,Farm House,2016-11-15 09:36:13,Morning,Weekday
1352.0,Coffee,2016-11-15 10:01:55,Morning,Weekday
1352.0,Coffee,2016-11-15 10:01:55,Morning,Weekday
1352.0,Keeping It Local,2016-11-15 10:01:55,Morning,Weekday
1352.0,Bread,2016-11-15 10:01:55,Morning,Weekday
1353.0,Coffee,2016-11-15 10:07:20,Morning,Weekday
1353.0,Truffles,2016-11-15 10:07:20,Morning,Weekday
1354.0,Coffee,2016-11-15 10:09:45,Morning,Weekday
1355.0,Coffee,2016-11-15 10:18:15,Morning,Weekday
1355.0,Tea,2016-11-15 10:18:15,Morning,Weekday
1355.0,Keeping It Local,2016-11-15 10:18:15,Morning,Weekday
1356.0,Coffee,2016-11-15 10:46:13,Morning,Weekday
1356.0,Keeping It Local,2016-11-15 10:46:13,Morning,Weekday
1357.0,Coffee,2016-11-15 10:49:21,Morning,Weekday
1357.0,Tea,2016-11-15 10:49:21,Morning,Weekday
1358.0,Coffee,2016-11-15 10:52:23,Morning,Weekday
1359.0,Coffee,2016-11-15 11:02:54,Morning,Weekday
1360.0,Coffee,2016-11-15 11:04:23,Morning,Weekday
1360.0,Bread,2016-11-15 11:04:23,Morning,Weekday
1361.0,Coffee,2016-11-15 11:06:29,Morning,Weekday
1362.0,Bread,2016-11-15 11:10:30,Morning,Weekday
1363.0,Farm House,2016-11-15 11:15:32,Morning,Weekday
1364.0,Coffee,2016-11-15 11:37:16,Morning,Weekday
1364.0,Kids biscuit,2016-11-15 11:37:16,Morning,Weekday
1365.0,Tea,2016-11-15 11:41:36,Morning,Weekday
1365.0,Muffin,2016-11-15 11:41:36,Morning,Weekday
1366.0,Bread,2016-11-15 11:43:28,Morning,Weekday
1367.0,Coffee,2016-11-15 11:44:22,Morning,Weekday
1367.0,Pastry,2016-11-15 11:44:22,Morning,Weekday
1368.0,Scandinavian,2016-11-15 11:51:10,Morning,Weekday
1368.0,Coffee,,Morning,Weekday
1368.0,Soup,2016-11-15 11:51:10,Morning,Weekday
1369.0,Scandinavian,2016-11-15 11:56:51,Morning,Weekday
1369.0,Pastry,2016-11-15 11:56:51,Morning,Weekday
1369.0,Muffin,2016-11-15 11:56:51,Morning,Weekday
1370.0,Coffee,2016-11-15 12:00:24,Afternoon,Weekday
1370.0,Pastry,2016-11-15 12:00:24,,Weekday
1371.0,Soup,2016-11-15 12:08:55,Afternoon,Weekday
1371.0,Hearty & Seasonal,2016-11-15 12:08:55,Afternoon,Weekday
1371.0,Tea,2016-11-15 12:08:55,Afternoon,Weekday
1372.0,Bread,2016-11-15 12:13:28,Afternoon,Weekday
1372.0,Scandinavian,2016-11-15 12:13:28,Afternoon,Weekday
1373.0,Scandinavian,2016-11-15 12:18:46,Afternoon,Weekday
1373.0,Bread,2016-11-15 12:18:46,Afternoon,Weekday
1373.0,Truffles,2016-11-15 12:18:46,Afternoon,Weekday
1374.0,Coffee,2016-11-15 12:20:36,Afternoon,Weekday
1374.0,Coffee,2016-11-15 12:20:36,Afternoon,Weekday
1374.0,Soup,2016-11-15 12:20:36,Afternoon,Weekday
1375.0,Medialuna,2016-11-15 12:22:24,Afternoon,Weekday
1375.0,Medialuna,2016-11-15 12:22:24,Afternoon,Weekday
1376.0,Coffee,2016-11-15 12:28:25,Afternoon,Weekday
1376.0,Coffee,2016-11-15 12:28:25,Afternoon,Weekday
1376.0,Medialuna,2016-11-15 12:28:25,Afternoon,Weekday
1376.0,Medialuna,2016-11-15 12:28:25,Afternoon,Weekday
1376.0,Bread,2016-11-15 12:28:25,Afternoon,Weekday
1377.0,Bread,2016-11-15 12:36:12,Afternoon,Weekday
1378.0,Coffee,2016-11-15 12:37:47,Afternoon,Weekday
1378.0,Bread,2016-11-15 12:37:47,Afternoon,Weekday
1379.0,Soup,2016-11-15 12:50:18,Afternoon,Weekday
1379.0,Sandwich,2016-11-15 12:50:18,Afternoon,Weekday
1380.0,Sandwich,2016-11-15 13:02:04,Afternoon,Weekday
1380.0,Hearty & Seasonal,2016-11-15 13:02:04,Afternoon,Weekday
1380.0,Coffee,2016-11-15 13:02:04,Afternoon,Weekday
1381.0,Soup,2016-11-15 13:02:39,Afternoon,Weekday
1382.0,Bread,2016-11-15 13:11:28,Afternoon,Weekday
1383.0,Soup,2016-11-15 13:16:42,Afternoon,Weekday
,Coffee,2016-11-15 13:16:42,Afternoon,Weekday
1383.0,Pastry,2016-11-15 13:16:42,Afternoon,Weekday
1384.0,Pastry,2016-11-15 13:17:11,Afternoon,Weekday
1384.0,Coffee,2016-11-15 13:17:11,Afternoon,Weekday
1384.0,Coffee,2016-11-15 13:17:11,Afternoon,Weekday
1386.0,Coffee,2016-11-15 13:30:54,Afternoon,Weekday
1386.0,Coffee,2016-11-15 13:30:54,,Weekday
1386.0,Soup,2016-11-15 13:30:54,Afternoon,Weekday
1386.0,Bread,2016-11-15 13:30:54,Afternoon,Weekday
1387.0,Bread,2016-11-15 13:34:06,Afternoon,Weekday
1388.0,Coffee,2016-11-15 13:36:05,Afternoon,Weekday
1388.0,Coffee,2016-11-15 13:36:05,Afternoon,Weekday
1388.0,Sandwich,2016-11-15 13:36:05,Afternoon,Weekday
1388.0,Hearty & Seasonal,2016-11-15 13:36:05,Afternoon,Weekday
1389.0,Coffee,2016-11-15 13:43:28,Afternoon,Weekday
1389.0,Coffee,2016-11-15 13:43:28,Afternoon,Weekday
1389.0,Soup,2016-11-15 13:43:28,Afternoon,Weekday
1390.0,Bread,2016-11-15 13:46:27,Afternoon,Weekday
1391.0,Bread,2016-11-15 13:48:06,Afternoon,Weekday
1392.0,Bread,2016-11-15 14:04:23,Afternoon,Weekday
1393.0,Coffee,2016-11-15 14:14:15,Afternoon,Weekday
1394.0,Bread,2016-11-15 14:16:25,Afternoon,Weekday
1394.0,Soup,2016-11-15 14:16:25,Afternoon,Weekday
1395.0,Coffee,2016-11-15 14:40:51,Afternoon,Weekday
1395.0,Coffee,2016-11-15 14:40:51,Afternoon,Weekday
1395.0,Hearty & Seasonal,2016-11-15 14:40:51,Afternoon,Weekday
1395.0,Soup,2016-11-15 14:40:51,Afternoon,Weekday
1396.0,Scandinavian,2016-11-15 14:42:24,Afternoon,Weekday
1397.0,Coffee,2016-11-15 14:45:52,Afternoon,Weekday
1397.0,Medialuna,2016-11-15 14:45:52,Afternoon,Weekday
1398.0,Bread,2016-11-15 14:47:10,Afternoon,Weekday
1399.0,Bread,2016-11-15 14:59:40,Afternoon,Weekday
1399.0,Brownie,2016-11-15 14:59:40,Afternoon,Weekday
1400.0,Fudge,2016-11-15 15:07:33,Afternoon,Weekday
1401.0,Coke,2016-11-15 15:21:14,Afternoon,Weekday
1402.0,Coke,2016-11-15 16:08:57,Afternoon,Weekday
1403.0,Brownie,2016-11-15 16:13:26,Afternoon,Weekday
1403.0,Muffin,2016-11-15 16:13:26,Afternoon,Weekday
1404.0,Tea,2016-11-15 17:02:22,Evening,Weekday
1404.0,Bread,2016-11-15 17:02:22,Evening,Weekday
1404.0,Truffles,2016-11-15 17:02:22,Evening,Weekday
1404.0,Pastry,2016-11-15 17:02:22,Evening,Weekday
1405.0,Tea,2016-11-15 17:14:54,Evening,Weekday
1406.0,Bread,2016-11-15 18:07:38,Evening,Weekday
1406.0,Truffles,2016-11-15 18:07:38,Evening,Weekday
1407.0,Medialuna,2016-11-15 18:28:52,Evening,Weekday
1408.0,Coffee,2016-11-16 07:49:01,Morning,Weekday
1408.0,Medialuna,2016-11-16 07:49:01,Morning,Weekday
1409.0,Bread,2016-11-16 08:01:06,Morning,Weekday
1410.0,Pastry,2016-11-16 09:06:07,Morning,Weekday
1410.0,Coffee,2016-11-16 09:06:07,Morning,Weekday
1411.0,Coffee,2016-11-16 09:13:57,Morning,Weekday
1411.0,Bread,2016-11-16 09:13:57,Morning,Weekday
1411.0,Jam,2016-11-16 09:13:57,Morning,Weekday
1412.0,Bread,2016-11-16 09:15:43,Morning,Weekday
1412.0,Coffee,2016-11-16 09:15:43,Morning,Weekday
1413.0,Coke,2016-11-16 09:17:50,Morning,Weekday
1414.0,Bread,2016-11-16 09:22:42,Morning,Weekday
1415.0,Coffee,2016-11-16 09:27:52,Morning,Weekday
1415.0,Coffee,2016-11-16 09:27:52,Morning,Weekday
1416.0,Coffee,2016-11-16 09:34:51,Morning,Weekday
1417.0,Pastry,2016-11-16 09:37:17,Morning,Weekday
1418.0,Scandinavian,2016-11-16 09:43:06,,Weekday
1418.0,Pastry,2016-11-16 09:43:06,Morning,Weekday
1419.0,,2016-11-16 09:47:00,Morning,Weekday
1419.0,Granola,2016-11-16 09:47:00,Morning,Weekday
1420.0,Tea,2016-11-16 09:51:28,Morning,Weekday
1420.0,Coffee,2016-11-16 09:51:28,Morning,Weekday
1420.0,Pastry,2016-11-16 09:51:28,Morning,Weekday
1421.0,Bread,2016-11-16 09:52:54,Morning,Weekday
1421.0,Mineral water,2016-11-16 09:52:54,Morning,Weekday
1422.0,Tea,2016-11-16 10:23:46,Morning,Weekday
1422.0,Medialuna,2016-11-16 10:23:46,Morning,Weekday
1423.0,Brownie,2016-11-16 10:25:47,Morning,Weekday
1424.0,Tea,2016-11-16 10:33:39,Morning,Weekday
1424.0,Coffee,2016-11-16 10:33:39,Morning,Weekday
1424.0,Pastry,2016-11-16 10:33:39,Morning,Weekday
1425.0,Hot chocolate,2016-11-16 10:39:05,Morning,Weekday
1425.0,Coffee,2016-11-16 10:39:05,Morning,Weekday
1425.0,Cake,2016-11-16 10:39:05,Morning,Weekday
1426.0,Bread,2016-11-16 10:50:39,Morning,Weekday
1427.0,Bread,2016-11-16 10:51:55,Morning,Weekday
1427.0,Jam,2016-11-16 10:51:55,Morning,Weekday
1428.0,Scandinavian,2016-11-16 10:52:49,Morning,Weekday
1429.0,Bread,2016-11-16 11:00:07,Morning,Weekday
1429.0,Coffee,2016-11-16 11:00:07,Morning,Weekday
1429.0,Pastry,2016-11-16 11:00:07,Morning,Weekday
1429.0,Cake,2016-11-16 11:00:07,Morning,Weekday
1430.0,Bread,2016-11-16 11:20:25,Morning,Weekday
1431.0,Coffee,2016-11-16 11:23:00,Morning,Weekday
1432.0,Bread,2016-11-16 11:30:41,Morning,Weekday
1433.0,Coffee,2016-11-16 11:34:03,Morning,Weekday
1433.0,Cake,2016-11-16 11:34:03,Morning,Weekday
1434.0,Coffee,2016-11-16 11:42:25,Morning,Weekday
1435.0,Coffee,2016-11-16 12:06:39,Afternoon,Weekday
1436.0,Coffee,2016-11-16 12:19:46,Afternoon,Weekday
1436.0,Soup,2016-11-16 12:19:46,Afternoon,Weekday
1437.0,,2016-11-16 12:22:05,Afternoon,Weekday
1437.0,Bread,2016-11-16 12:22:05,Afternoon,
1438.0,Sandwich,2016-11-16 12:25:18,Afternoon,Weekday
1438.0,Soup,2016-11-16 12:25:18,Afternoon,Weekday
1438.0,Bread,2016-11-16 12:25:18,Afternoon,Weekday
1438.0,Cake,2016-11-16 12:25:18,Afternoon,Weekday
1439.0,Coffee,2016-11-16 12:29:31,Afternoon,Weekday
1439.0,Bread,2016-11-16 12:29:31,Afternoon,Weekday
1439.0,Tartine,2016-11-16 12:29:31,Afternoon,Weekday
1440.0,Soup,2016-11-16 12:33:18,Afternoon,Weekday
1441.0,Bread,2016-11-16 12:36:43,Afternoon,Weekday
1442.0,Soup,2016-11-16 12:39:27,Afternoon,Weekday
1442.0,Juice,2016-11-16 12:39:27,Afternoon,Weekday
1442.0,,2016-11-16 12:39:27,Afternoon,Weekday
1443.0,Coffee,2016-11-16 12:55:30,Afternoon,Weekday
1444.0,Hearty & Seasonal,2016-11-16 13:07:04,Afternoon,Weekday
1445.0,Coffee,2016-11-16 13:15:30,Afternoon,Weekday
1445.0,Soup,2016-11-16 13:15:30,Afternoon,Weekday
1445.0,Sandwich,2016-11-16 13:15:30,Afternoon,Weekday
1445.0,Tea,2016-11-16 13:15:30,Afternoon,Weekday
1445.0,Cake,2016-11-16 13:15:30,Afternoon,Weekday
1446.0,Tea,2016-11-16 13:23:42,Afternoon,Weekday
1446.0,Soup,2016-11-16 13:23:42,Afternoon,Weekday
1447.0,Coffee,2016-11-16 13:24:47,Afternoon,Weekday
1447.0,Bread,2016-11-16 13:24:47,Afternoon,Weekday
1447.0,Sandwich,2016-11-16 13:24:47,Afternoon,Weekday
1448.0,Soup,2016-11-16 13:46:27,Afternoon,Weekday
1448.0,Coffee,2016-11-16 13:46:27,Afternoon,Weekday
1449.0,Soup,2016-11-16 13:46:49,Afternoon,Weekday
1449.0,Coffee,2016-11-16 13:46:49,Afternoon,Weekday
1450.0,Tea,2016-11-16 13:47:16,Afternoon,Weekday
1450.0,Soup,2016-11-16 13:47:16,Afternoon,Weekday
1451.0,Cake,2016-11-16 13:52:41,Afternoon,Weekday
1452.0,Coffee,2016-11-16 13:55:04,Afternoon,Weekday
1452.0,Tea,2016-11-16 13:55:04,Afternoon,Weekday
1452.0,Cake,2016-11-16 13:55:04,Afternoon,Weekday
1452.0,Muffin,2016-11-16 13:55:04,Afternoon,Weekday
1453.0,Bread,2016-11-16 13:57:13,Afternoon,Weekday
1454.0,Coffee,2016-11-16 14:06:09,Afternoon,Weekday
1454.0,Bread,2016-11-16 14:06:09,Afternoon,Weekday
1455.0,Coffee,2016-11-16 14:19:12,Afternoon,Weekday
1455.0,Tea,2016-11-16 14:19:12,Afternoon,Weekday
1456.0,Tea,2016-11-16 14:40:47,Afternoon,Weekday
1456.0,Soup,2016-11-16 14:40:47,Afternoon,Weekday
1457.0,Coffee,2016-11-16 14:43:29,Afternoon,Weekday
1457.0,Tea,2016-11-16 14:43:29,Afternoon,Weekday
1457.0,Cake,2016-11-16 14:43:29,Afternoon,Weekday
1458.0,Bread,2016-11-16 14:44:42,Afternoon,Weekday
1458.0,Bread,2016-11-16 14:44:42,Afternoon,Weekday
1459.0,Hearty & Seasonal,2016-11-16 14:46:23,Afternoon,Weekday
1460.0,Bread,2016-11-16 14:52:58,Afternoon,Weekday
1460.0,Mineral water,2016-11-16 14:52:58,Afternoon,Weekday
1460.0,Brownie,2016-11-16 14:52:58,Afternoon,Weekday
1461.0,Fudge,2016-11-16 15:02:05,Afternoon,Weekday
1462.0,Muffin,2016-11-16 15:25:49,Afternoon,Weekday
1462.0,Hot chocolate,2016-11-16 15:25:49,Afternoon,Weekday
1462.0,Coffee,2016-11-16 15:25:49,Afternoon,Weekday
1463.0,Tea,2016-11-16 15:30:02,Afternoon,Weekday
1463.0,Muffin,2016-11-16 15:30:02,Afternoon,Weekday
1464.0,Cake,2016-11-16 15:31:29,Afternoon,Weekday
1464.0,Coffee,2016-11-16 15:31:29,Afternoon,Weekday
1465.0,Victorian Sponge,2016-11-16 15:34:04,Afternoon,Weekday
1466.0,Soup,2016-11-16 15:35:48,Afternoon,Weekday
1466.0,Sandwich,2016-11-16 15:35:48,Afternoon,Weekday
1466.0,Tea,2016-11-16 15:35:48,Afternoon,Weekday
1467.0,Scandinavian,2016-11-16 15:58:16,Afternoon,Weekday
1468.0,Coffee,2016-11-16 16:16:03,Afternoon,
1469.0,Bread,2016-11-16 16:21:53,,Weekday
1470.0,Tartine,2016-11-16 16:30:20,Afternoon,Weekday
1470.0,Bread,2016-11-16 16:30:20,Afternoon,Weekday
1470.0,Coffee,2016-11-16 16:30:20,Afternoon,Weekday
1471.0,Medialuna,2016-11-16 16:36:06,Afternoon,Weekday
1471.0,Medialuna,2016-11-16 16:36:06,Afternoon,Weekday
1472.0,Bread,2016-11-16 17:03:38,Evening,Weekday
1473.0,Bread,2016-11-16 17:24:32,Evening,
1473.0,Scandinavian,2016-11-16 17:24:32,Evening,Weekday
1474.0,Bread,2016-11-16 18:25:28,Evening,Weekday
1475.0,Coffee,2016-11-17 07:54:15,Morning,Weekday
1475.0,Medialuna,2016-11-17 07:54:15,Morning,Weekday
1476.0,Siblings,2016-11-17 08:06:20,Morning,Weekday
1477.0,Siblings,2016-11-17 08:07:49,,Weekday
1478.0,Bread,2016-11-17 08:50:15,Morning,Weekday
1478.0,Medialuna,2016-11-17 08:50:15,Morning,Weekday
1479.0,Medialuna,2016-11-17 09:15:26,Morning,Weekday
1479.0,Pastry,2016-11-17 09:15:26,Morning,Weekday
1480.0,Keeping It Local,2016-11-17 09:33:47,Morning,Weekday
1480.0,Tea,2016-11-17 09:33:47,Morning,Weekday
1482.0,Farm House,2016-11-17 10:07:52,Morning,Weekday
1483.0,Pastry,2016-11-17 10:09:39,Morning,Weekday
1484.0,Farm House,2016-11-17 10:10:01,Morning,Weekday
1485.0,Tea,2016-11-17 10:10:33,Morning,Weekday
1486.0,Tea,2016-11-17 10:19:29,Morning,Weekday
1486.0,Scandinavian,2016-11-17 10:19:29,Morning,Weekday
1487.0,Coffee,2016-11-17 10:43:33,Morning,Weekday
1487.0,Muffin,2016-11-17 10:43:33,Morning,Weekday
1488.0,Coffee,2016-11-17 10:48:58,Morning,Weekday
1490.0,Bread,2016-11-17 10:51:35,Morning,Weekday
1491.0,Farm House,2016-11-17 10:54:06,Morning,Weekday
1491.0,Scandinavian,2016-11-17 10:54:06,Morning,Weekday
1491.0,Coffee,2016-11-17 10:54:06,Morning,Weekday
,Pastry,2016-11-17 10:54:06,Morning,Weekday
1492.0,Coffee,2016-11-17 10:58:55,Morning,Weekday
1493.0,Coffee,2016-11-17 11:06:46,Morning,Weekday
1493.0,Keeping It Local,2016-11-17 11:06:46,Morning,Weekday
1494.0,Bread,2016-11-17 11:07:43,Morning,Weekday
1495.0,Jam,2016-11-17 11:09:40,Morning,Weekday
1496.0,Alfajores,2016-11-17 11:22:22,Morning,Weekday
1496.0,Medialuna,2016-11-17 11:22:22,Morning,Weekday
1496.0,Coffee,2016-11-17 11:22:22,Morning,Weekday
1496.0,Bread,2016-11-17 11:22:22,Morning,Weekday
,Coffee,2016-11-17 11:23:41,Morning,Weekday
1497.0,Keeping It Local,2016-11-17 11:23:41,Morning,Weekday
1498.0,Coffee,2016-11-17 11:26:23,Morning,Weekday
1499.0,Bread,2016-11-17 11:37:08,Morning,Weekday
1500.0,Tea,2016-11-17 11:49:36,Morning,Weekday
1500.0,Muffin,2016-11-17 11:49:36,Morning,Weekday
1501.0,Coffee,2016-11-17 11:56:03,Morning,Weekday
1501.0,Hot chocolate,2016-11-17 11:56:03,Morning,Weekday
1501.0,Alfajores,2016-11-17 11:56:03,Morning,Weekday
1502.0,Bread,2016-11-17 12:03:57,Afternoon,Weekday
1502.0,Pastry,2016-11-17 12:03:57,Afternoon,Weekday
1502.0,Bread,2016-11-17 12:03:57,Afternoon,Weekday
1503.0,Coffee,2016-11-17 12:06:10,Afternoon,Weekday
1504.0,Bread,2016-11-17 12:09:52,Afternoon,Weekday
1505.0,Tea,2016-11-17 12:15:00,,Weekday
1506.0,Coffee,2016-11-17 12:19:45,Afternoon,Weekday
1506.0,Sandwich,2016-11-17 12:19:45,Afternoon,Weekday
1507.0,Bread,2016-11-17 12:21:08,Afternoon,Weekday
1508.0,Soup,2016-11-17 12:23:30,Afternoon,Weekday
1509.0,Coffee,2016-11-17 12:31:35,Afternoon,Weekday
1510.0,Tea,2016-11-17 12:33:34,Afternoon,Weekday
1511.0,Coffee,2016-11-17 12:34:23,Afternoon,Weekday
1511.0,Soup,2016-11-17 12:34:23,Afternoon,Weekday
1511.0,Art Tray,2016-11-17 12:34:23,Afternoon,Weekday
1511.0,Pastry,2016-11-17 12:34:23,Afternoon,Weekday
1512.0,Hearty & Seasonal,2016-11-17 12:49:02,Afternoon,Weekday
1512.0,Mineral water,2016-11-17 12:49:02,Afternoon,
1512.0,Alfajores,2016-11-17 12:49:02,Afternoon,Weekday
1513.0,Bread,2016-11-17 12:49:29,Afternoon,Weekday
1514.0,Coffee,2016-11-17 12:56:27,Afternoon,Weekday
1514.0,Hearty & Seasonal,2016-11-17 12:56:27,Afternoon,Weekday
1514.0,Hearty & Seasonal,2016-11-17 12:56:27,Afternoon,Weekday
1514.0,Alfajores,2016-11-17 12:56:27,Afternoon,Weekday
1514.0,Alfajores,2016-11-17 12:56:27,Afternoon,Weekday
1514.0,Cake,2016-11-17 12:56:27,Afternoon,Weekday
1514.0,Bread,2016-11-17 12:56:27,Afternoon,Weekday
1515.0,Coffee,2016-11-17 12:58:29,Afternoon,Weekday
1516.0,Bread,2016-11-17 13:09:34,Afternoon,Weekday
1517.0,Cake,2016-11-17 13:18:58,Afternoon,Weekday
1518.0,Bread,2016-11-17 13:21:43,Afternoon,Weekday
1519.0,,2016-11-17 13:22:54,Afternoon,
1520.0,Muffin,2016-11-17 13:23:36,Afternoon,Weekday
1521.0,Bread,2016-11-17 13:25:21,Afternoon,
1521.0,Coffee,2016-11-17 13:25:21,Afternoon,Weekday
1522.0,Coffee,2016-11-17 13:33:52,Afternoon,Weekday
1522.0,Hearty & Seasonal,2016-11-17 13:33:52,Afternoon,Weekday
1522.0,Sandwich,2016-11-17 13:33:52,Afternoon,Weekday
1522.0,Bread,2016-11-17 13:33:52,Afternoon,Weekday
1523.0,Soup,2016-11-17 13:36:34,Afternoon,Weekday
1523.0,Coffee,2016-11-17 13:36:34,Afternoon,Weekday
1524.0,Coffee,2016-11-17 13:38:20,Afternoon,Weekday
1524.0,Hearty & Seasonal,2016-11-17 13:38:20,Afternoon,Weekday
1524.0,Keeping It Local,2016-11-17 13:38:20,Afternoon,Weekday
1525.0,Bread,2016-11-17 13:51:58,Afternoon,Weekday
1526.0,Coffee,2016-11-17 13:53:52,Afternoon,Weekday
1526.0,Coffee,2016-11-17 13:53:52,Afternoon,Weekday
1527.0,Scandinavian,2016-11-17 13:55:53,Afternoon,Weekday
1528.0,Coffee,2016-11-17 13:58:45,Afternoon,Weekday
1528.0,Alfajores,2016-11-17 13:58:45,Afternoon,Weekday
1529.0,Coffee,2016-11-17 14:02:11,Afternoon,Weekday
1530.0,Soup,2016-11-17 14:27:22,Afternoon,Weekday
1530.0,Brownie,2016-11-17 14:27:22,Afternoon,Weekday
1531.0,Coffee,2016-11-17 14:35:58,Afternoon,Weekday
1531.0,Coffee,2016-11-17 14:35:58,Afternoon,Weekday
1532.0,Bread,2016-11-17 14:47:01,Afternoon,Weekday
1533.0,Bread,2016-11-17 14:52:45,Afternoon,Weekday
1534.0,Bread,2016-11-17 14:56:01,Afternoon,Weekday
1534.0,Scandinavian,2016-11-17 14:56:01,Afternoon,Weekday
1534.0,Coffee,2016-11-17 14:56:01,Afternoon,Weekday
1535.0,Coffee,2016-11-17 15:01:21,Afternoon,Weekday
1535.0,Coffee,2016-11-17 15:01:21,Afternoon,Weekday
1536.0,Coffee,2016-11-17 15:13:25,Afternoon,Weekday
1537.0,Soup,2016-11-17 15:14:51,Afternoon,Weekday
1538.0,Coffee,2016-11-17 15:18:18,Afternoon,Weekday
1538.0,Muffin,2016-11-17 15:18:18,Afternoon,Weekday
1539.0,Cake,2016-11-17 15:30:16,Afternoon,Weekday
1539.0,Bread,2016-11-17 15:30:16,Afternoon,Weekday
1539.0,Hot chocolate,2016-11-17 15:30:16,Afternoon,Weekday
1540.0,Coffee,2016-11-17 16:08:15,Afternoon,Weekday
1540.0,Cake,2016-11-17 16:08:15,Afternoon,Weekday
1541.0,Cake,2016-11-17 16:09:51,Afternoon,Weekday
1541.0,Alfajores,2016-11-17 16:09:51,Afternoon,Weekday
1541.0,Coffee,2016-11-17 16:09:51,Afternoon,Weekday
1541.0,Tea,2016-11-17 16:09:51,Afternoon,Weekday
1542.0,Bread,2016-11-17 16:15:13,Afternoon,Weekday
1543.0,Coffee,2016-11-17 16:30:07,Afternoon,Weekday
1544.0,Coffee,2016-11-17 16:32:44,Afternoon,Weekday
1544.0,Tea,2016-11-17 16:32:44,,Weekday
1544.0,Hot chocolate,2016-11-17 16:32:44,,Weekday
1544.0,Brownie,2016-11-17 16:32:44,Afternoon,Weekday
1544.0,Alfajores,2016-11-17 16:32:44,Afternoon,Weekday
1544.0,Bread,2016-11-17 16:32:44,Afternoon,Weekday
1545.0,Hot chocolate,2016-11-17 16:36:02,Afternoon,Weekday
1545.0,Tea,2016-11-17 16:36:02,Afternoon,Weekday
1545.0,Brownie,2016-11-17 16:36:02,Afternoon,Weekday
1545.0,Alfajores,2016-11-17 16:36:02,Afternoon,Weekday
1546.0,Coffee,2016-11-17 16:37:28,Afternoon,Weekday
1547.0,Scandinavian,2016-11-17 17:00:54,Evening,Weekday
1548.0,Coffee,,Evening,Weekday
1548.0,Cookies,2016-11-17 17:16:52,Evening,Weekday
1549.0,Bread,2016-11-17 17:31:43,Evening,Weekday
1549.0,Coffee,2016-11-17 17:31:43,Evening,Weekday
1550.0,Coffee,2016-11-18 08:10:57,Morning,Weekday
1550.0,Bread,2016-11-18 08:10:57,Morning,Weekday
1551.0,Coffee,2016-11-18 08:21:22,Morning,Weekday
1551.0,Medialuna,2016-11-18 08:21:22,Morning,Weekday
1552.0,Coffee,2016-11-18 08:35:17,Morning,Weekday
1552.0,Coffee,2016-11-18 08:35:17,Morning,Weekday
1553.0,Coffee,2016-11-18 08:38:25,Morning,Weekday
,Medialuna,2016-11-18 08:43:53,Morning,Weekday
1554.0,Pastry,2016-11-18 08:43:53,Morning,Weekday
1555.0,Coffee,2016-11-18 08:54:50,Morning,Weekday
1555.0,Tea,2016-11-18 08:54:50,Morning,Weekday
1555.0,Pastry,2016-11-18 08:54:50,Morning,Weekday
1555.0,Muffin,2016-11-18 08:54:50,Morning,Weekday
1556.0,Coffee,2016-11-18 09:06:40,Morning,Weekday
1556.0,Pastry,2016-11-18 09:06:40,Morning,Weekday
1557.0,Bread,2016-11-18 09:08:13,Morning,Weekday
1557.0,Coffee,2016-11-18 09:08:13,Morning,Weekday
1557.0,Keeping It Local,2016-11-18 09:08:13,Morning,Weekday
1558.0,Bread,2016-11-18 09:12:43,Morning,Weekday
1558.0,Bread,2016-11-18 09:12:43,Morning,Weekday
1558.0,Pastry,2016-11-18 09:12:43,Morning,Weekday
1559.0,Coffee,2016-11-18 09:14:42,Morning,Weekday
1559.0,Medialuna,2016-11-18 09:14:42,Morning,Weekday
1560.0,Bread,2016-11-18 09:24:38,Morning,Weekday
1561.0,Coffee,2016-11-18 09:26:06,Morning,Weekday
1562.0,Coffee,2016-11-18 09:26:42,Morning,Weekday
1562.0,Coffee,2016-11-18 09:26:42,Morning,Weekday
1563.0,Bread,2016-11-18 09:52:49,Morning,Weekday
1564.0,Bread,2016-11-18 09:55:12,Morning,Weekday
1564.0,Tea,2016-11-18 09:55:12,Morning,Weekday
1564.0,Pastry,2016-11-18 09:55:12,Morning,Weekday
1565.0,Coffee,2016-11-18 10:06:25,Morning,Weekday
1565.0,Cookies,2016-11-18 10:06:25,Morning,Weekday
1566.0,Bread,2016-11-18 10:07:57,Morning,Weekday
1566.0,Bread,2016-11-18 10:07:57,Morning,Weekday
1567.0,Coffee,2016-11-18 10:08:41,Morning,Weekday
1568.0,Coffee,2016-11-18 10:11:26,Morning,Weekday
1569.0,Tea,2016-11-18 10:34:10,Morning,Weekday
1569.0,Bread,2016-11-18 10:34:10,Morning,Weekday
1570.0,Coffee,2016-11-18 10:41:01,Morning,Weekday
1570.0,Coffee,2016-11-18 10:41:01,Morning,Weekday
1570.0,Medialuna,2016-11-18 10:41:01,Morning,Weekday
1570.0,Bread,2016-11-18 10:41:01,Morning,Weekday
1571.0,Bread,2016-11-18 10:48:08,Morning,Weekday
1572.0,Pastry,2016-11-18 10:49:51,Morning,Weekday
1572.0,Coffee,2016-11-18 10:49:51,Morning,Weekday
1573.0,Coffee,2016-11-18 10:55:19,Morning,Weekday
1573.0,Pastry,2016-11-18 10:55:19,Morning,Weekday
1574.0,Coffee,2016-11-18 10:58:04,Morning,Weekday
1574.0,Bread,2016-11-18 10:58:04,Morning,Weekday
1574.0,Alfajores,2016-11-18 10:58:04,Morning,Weekday
1575.0,Coffee,2016-11-18 11:04:01,Morning,Weekday
1576.0,Bread,2016-11-18 11:14:26,Morning,Weekday
1577.0,Bread,2016-11-18 11:16:44,Morning,Weekday
1578.0,Farm House,2016-11-18 11:18:02,Morning,Weekday
1579.0,Bread,2016-11-18 11:20:21,Morning,Weekday
1580.0,Coffee,2016-11-18 11:21:08,Morning,Weekday
1580.0,Tea,2016-11-18 11:21:08,Morning,Weekday
1581.0,,2016-11-18 11:22:32,Morning,Weekday
1582.0,Coffee,2016-11-18 11:24:28,Morning,Weekday
1583.0,Coffee,2016-11-18 11:36:39,Morning,Weekday
1583.0,Soup,2016-11-18 11:36:39,Morning,Weekday
1584.0,Soup,2016-11-18 11:36:59,Morning,Weekday
1585.0,Farm House,2016-11-18 11:48:21,Morning,Weekday
1585.0,Pastry,2016-11-18 11:48:21,Morning,Weekday
1586.0,Soup,2016-11-18 11:50:39,Morning,Weekday
1587.0,Coffee,2016-11-18 11:54:07,Morning,Weekday
1588.0,Coffee,2016-11-18 12:16:27,Afternoon,Weekday
1588.0,Coffee,2016-11-18 12:16:27,Afternoon,Weekday
1588.0,Brownie,2016-11-18 12:16:27,Afternoon,Weekday
1589.0,Coffee,2016-11-18 12:34:49,Afternoon,Weekday
1589.0,Bread,2016-11-18 12:34:49,Afternoon,Weekday
1589.0,Sandwich,2016-11-18 12:34:49,Afternoon,Weekday
1590.0,Coffee,2016-11-18 12:38:59,Afternoon,Weekday
1591.0,Sandwich,2016-11-18 12:56:13,Afternoon,Weekday
1591.0,Soup,2016-11-18 12:56:13,Afternoon,Weekday
1591.0,Bread,2016-11-18 12:56:13,Afternoon,Weekday
1591.0,Tea,2016-11-18 12:56:13,Afternoon,Weekday
1592.0,Soup,2016-11-18 12:58:38,Afternoon,Weekday
1592.0,Art Tray,2016-11-18 12:58:38,Afternoon,Weekday
1592.0,My-5 Fruit Shoot,2016-11-18 12:58:38,Afternoon,Weekday
1592.0,Bread,2016-11-18 12:58:38,Afternoon,Weekday
1592.0,Muffin,2016-11-18 12:58:38,Afternoon,Weekday
1593.0,Tea,2016-11-18 12:59:40,Afternoon,Weekday
1593.0,Sandwich,2016-11-18 12:59:40,Afternoon,Weekday
1594.0,Bread,2016-11-18 13:14:11,Afternoon,Weekday
1594.0,Soup,2016-11-18 13:14:11,Afternoon,Weekday
1595.0,Soup,2016-11-18 13:15:48,Afternoon,Weekday
1595.0,Tea,2016-11-18 13:15:48,Afternoon,Weekday
1597.0,Farm House,2016-11-18 13:41:47,Afternoon,Weekday
1598.0,Mineral water,2016-11-18 13:56:05,Afternoon,Weekday
1598.0,Mineral water,2016-11-18 13:56:05,Afternoon,Weekday
1598.0,Coffee,2016-11-18 13:56:05,Afternoon,Weekday
1598.0,Soup,2016-11-18 13:56:05,,Weekday
1598.0,Sandwich,2016-11-18 13:56:05,Afternoon,Weekday
1599.0,Bread,2016-11-18 14:01:41,Afternoon,Weekday
1599.0,Coffee,2016-11-18 14:01:41,Afternoon,Weekday
1599.0,Keeping It Local,2016-11-18 14:01:41,Afternoon,Weekday
1600.0,Soup,2016-11-18 14:09:27,Afternoon,Weekday
1600.0,Bread,2016-11-18 14:09:27,Afternoon,Weekday
1601.0,Art Tray,2016-11-18 14:14:44,Afternoon,Weekday
1601.0,Coffee,2016-11-18 14:14:44,Afternoon,Weekday
1601.0,Bread,2016-11-18 14:14:44,Afternoon,Weekday
1601.0,Hearty & Seasonal,2016-11-18 14:14:44,Afternoon,Weekday
1601.0,Hearty & Seasonal,2016-11-18 14:14:44,Afternoon,Weekday
1602.0,Bread,2016-11-18 14:31:15,Afternoon,Weekday
1603.0,Farm House,2016-11-18 14:34:26,Afternoon,Weekday
1604.0,Brownie,2016-11-18 14:41:48,Afternoon,Weekday
1605.0,Farm House,2016-11-18 14:44:44,Afternoon,Weekday
1606.0,Bread,2016-11-18 14:47:09,Afternoon,Weekday
1606.0,Soup,2016-11-18 14:47:09,Afternoon,Weekday
1606.0,Alfajores,2016-11-18 14:47:09,Afternoon,Weekday
1607.0,Coke,2016-11-18 14:48:50,Afternoon,Weekday
1607.0,Coffee,2016-11-18 14:48:50,Afternoon,Weekday
1607.0,Medialuna,2016-11-18 14:48:50,Afternoon,Weekday
1607.0,Cake,2016-11-18 14:48:50,Afternoon,Weekday
1608.0,Scandinavian,2016-11-18 14:58:40,Afternoon,Weekday
1608.0,Alfajores,2016-11-18 14:58:40,Afternoon,Weekday
1608.0,Alfajores,2016-11-18 14:58:40,Afternoon,Weekday
1609.0,Scandinavian,2016-11-18 15:00:45,Afternoon,Weekday
1610.0,Hot chocolate,2016-11-18 15:02:04,Afternoon,Weekday
1610.0,Pastry,2016-11-18 15:02:04,Afternoon,Weekday
1611.0,Coke,2016-11-18 15:35:42,Afternoon,Weekday
1611.0,Coffee,2016-11-18 15:35:42,Afternoon,Weekday
1611.0,Brownie,2016-11-18 15:35:42,Afternoon,Weekday
1612.0,Farm House,2016-11-18 15:45:06,Afternoon,Weekday
1613.0,Coffee,2016-11-18 15:45:54,Afternoon,Weekday
1613.0,Pastry,2016-11-18 15:45:54,Afternoon,Weekday
1614.0,Farm House,2016-11-18 15:59:41,Afternoon,Weekday
1615.0,Farm House,2016-11-18 16:00:38,Afternoon,Weekday
1616.0,Cookies,2016-11-18 16:03:01,Afternoon,Weekday
1616.0,Brownie,2016-11-18 16:03:01,Afternoon,Weekday
1616.0,Coffee,2016-11-18 16:03:01,Afternoon,Weekday
1616.0,Tea,2016-11-18 16:03:01,Afternoon,Weekday
1617.0,Tea,2016-11-18 16:06:09,Afternoon,Weekday
1617.0,Coffee,2016-11-18 16:06:09,Afternoon,Weekday
1617.0,Medialuna,2016-11-18 16:06:09,Afternoon,Weekday
1617.0,Cookies,2016-11-18 16:06:09,Afternoon,Weekday
1617.0,Farm House,2016-11-18 16:06:09,Afternoon,Weekday
1618.0,Bread,2016-11-18 16:07:59,Afternoon,Weekday
1618.0,Coffee,2016-11-18 16:07:59,Afternoon,Weekday
1619.0,Coffee,2016-11-18 16:17:11,Afternoon,Weekday
1620.0,Tea,2016-11-18 16:18:33,Afternoon,Weekday
1620.0,Coffee,2016-11-18 16:18:33,Afternoon,Weekday
1620.0,Alfajores,2016-11-18 16:18:33,Afternoon,
1621.0,Bread,2016-11-18 16:21:18,Afternoon,Weekday
1621.0,Hot chocolate,2016-11-18 16:21:18,Afternoon,Weekday
1621.0,Coffee,2016-11-18 16:21:18,Afternoon,Weekday
1622.0,Medialuna,2016-11-18 17:03:36,Evening,Weekday
1622.0,Tea,2016-11-18 17:03:36,Evening,Weekday
1623.0,Coke,2016-11-18 17:11:53,Evening,Weekday
1624.0,Medialuna,2016-11-18 17:13:37,Evening,Weekday
1625.0,Fudge,2016-11-18 17:23:35,Evening,Weekday
1625.0,Fudge,2016-11-18 17:23:35,Evening,Weekday
1626.0,Tea,2016-11-18 18:30:23,Evening,Weekday
1626.0,Muffin,2016-11-18 18:30:23,Evening,Weekday
1627.0,Alfajores,2016-11-18 18:33:15,Evening,Weekday
1627.0,Coffee,2016-11-18 18:33:15,Evening,Weekday
1629.0,Pastry,2016-11-19 08:42:03,Morning,Weekend
1629.0,Bread,2016-11-19 08:42:03,Morning,Weekend
1630.0,Pastry,2016-11-19 08:42:46,Morning,Weekend
1630.0,Coffee,2016-11-19 08:42:46,Morning,Weekend
1631.0,Coffee,2016-11-19 08:53:33,Morning,Weekend
1632.0,Bread,2016-11-19 08:55:10,Morning,Weekend
1633.0,Bread,2016-11-19 08:56:08,Morning,Weekend
1634.0,Coffee,2016-11-19 08:57:54,Morning,Weekend
1634.0,Keeping It Local,2016-11-19 08:57:54,Morning,Weekend
1634.0,Tea,2016-11-19 08:57:54,Morning,Weekend
1635.0,Bread,2016-11-19 09:12:58,Morning,Weekend
1635.0,Pastry,2016-11-19 09:12:58,Morning,Weekend
1635.0,Medialuna,2016-11-19 09:12:58,Morning,Weekend
1636.0,Farm House,2016-11-19 09:15:20,Morning,Weekend
1636.0,Medialuna,2016-11-19 09:15:20,Morning,Weekend
1636.0,Coffee,2016-11-19 09:15:20,Morning,Weekend
1637.0,Coffee,2016-11-19 09:29:09,Morning,Weekend
1637.0,Pastry,2016-11-19 09:29:09,Morning,Weekend
1638.0,Coffee,2016-11-19 09:31:03,Morning,Weekend
1639.0,Coffee,2016-11-19 09:31:44,,Weekend
1640.0,Coffee,2016-11-19 09:35:45,Morning,Weekend
1640.0,Keeping It Local,2016-11-19 09:35:45,Morning,Weekend
1640.0,Medialuna,2016-11-19 09:35:45,Morning,Weekend
1641.0,Pastry,2016-11-19 09:40:29,Morning,Weekend
1641.0,Bread,2016-11-19 09:40:29,Morning,Weekend
1641.0,Coffee,2016-11-19 09:40:29,Morning,Weekend
1642.0,Farm House,2016-11-19 09:46:29,Morning,Weekend
1643.0,Bread,2016-11-19 09:50:22,Morning,Weekend
1643.0,Bread,2016-11-19 09:50:22,Morning,Weekend
1644.0,Bread,2016-11-19 09:55:56,Morning,Weekend
1644.0,Bread,2016-11-19 09:55:56,Morning,Weekend
1644.0,Tea,2016-11-19 09:55:56,Morning,Weekend
1644.0,Keeping It Local,2016-11-19 09:55:56,Morning,Weekend
1645.0,Bread,2016-11-19 10:01:44,Morning,Weekend
1645.0,Medialuna,2016-11-19 10:01:44,Morning,Weekend
1645.0,Keeping It Local,2016-11-19 10:01:44,Morning,Weekend
1645.0,Coffee,2016-11-19 10:01:44,Morning,Weekend
1646.0,Bread,2016-11-19 10:04:10,Morning,Weekend
1646.0,Coffee,2016-11-19 10:04:10,Morning,Weekend
1646.0,Medialuna,2016-11-19 10:04:10,Morning,Weekend
1646.0,Bread,2016-11-19 10:04:10,Morning,Weekend
1647.0,Coffee,2016-11-19 10:04:52,Morning,Weekend
1648.0,Bread,2016-11-19 10:06:01,Morning,Weekend
1649.0,Medialuna,2016-11-19 10:12:36,Morning,Weekend
1649.0,Pastry,2016-11-19 10:12:36,Morning,Weekend
1649.0,Bread,2016-11-19 10:12:36,Morning,Weekend
1650.0,Bread,2016-11-19 10:14:15,Morning,Weekend
1650.0,Pastry,2016-11-19 10:14:15,Morning,Weekend
1651.0,Medialuna,2016-11-19 10:15:08,Morning,Weekend
1651.0,Coffee,2016-11-19 10:15:08,Morning,Weekend
1652.0,Bread,2016-11-19 10:15:26,Morning,Weekend
1653.0,Bread,2016-11-19 10:16:42,Morning,Weekend
1654.0,Coffee,2016-11-19 10:17:27,Morning,Weekend
1654.0,Coffee,2016-11-19 10:17:27,Morning,Weekend
1655.0,Focaccia,2016-11-19 10:19:24,Morning,Weekend
1656.0,Coffee,2016-11-19 10:19:48,Morning,Weekend
1657.0,Hot chocolate,2016-11-19 10:20:39,Morning,Weekend
1657.0,Pastry,2016-11-19 10:20:39,Morning,Weekend
1658.0,Coffee,2016-11-19 10:30:52,Morning,Weekend
1658.0,Hot chocolate,2016-11-19 10:30:52,Morning,Weekend
1659.0,Bread,2016-11-19 10:33:24,Morning,Weekend
1660.0,Bread,2016-11-19 10:34:59,Morning,Weekend
1660.0,Coffee,2016-11-19 10:34:59,Morning,Weekend
1661.0,Pastry,2016-11-19 10:35:53,Morning,Weekend
1661.0,Scandinavian,2016-11-19 10:35:53,Morning,Weekend
1661.0,Muffin,2016-11-19 10:35:53,Morning,Weekend
1662.0,Focaccia,2016-11-19 10:37:20,Morning,Weekend
1662.0,Bread,2016-11-19 10:37:20,Morning,Weekend
1663.0,Bread,2016-11-19 10:38:19,Morning,Weekend
1664.0,Muffin,2016-11-19 10:41:07,Morning,Weekend
1665.0,Caramel bites,2016-11-19 10:44:21,Morning,Weekend
1665.0,Coffee,2016-11-19 10:44:21,Morning,Weekend
1665.0,Medialuna,2016-11-19 10:44:21,Morning,Weekend
1666.0,Tartine,2016-11-19 10:50:35,Morning,Weekend
1666.0,Tea,2016-11-19 10:50:35,Morning,Weekend
1666.0,Muffin,2016-11-19 10:50:35,Morning,Weekend
1667.0,Bread,2016-11-19 10:54:02,Morning,
1668.0,Bread,2016-11-19 10:57:17,Morning,Weekend
1668.0,Focaccia,2016-11-19 10:57:17,Morning,Weekend
1668.0,Tea,2016-11-19 10:57:17,Morning,Weekend
1668.0,Coffee,2016-11-19 10:57:17,Morning,Weekend
1669.0,Jam,2016-11-19 11:00:26,Morning,Weekend
1670.0,Focaccia,2016-11-19 11:01:24,Morning,Weekend
1671.0,Coffee,2016-11-19 11:03:53,Morning,Weekend
1671.0,Medialuna,2016-11-19 11:03:53,Morning,Weekend
1671.0,Muffin,2016-11-19 11:03:53,Morning,Weekend
1672.0,Bread,2016-11-19 11:05:47,Morning,Weekend
1672.0,Coffee,2016-11-19 11:05:47,Morning,Weekend
1673.0,Coffee,2016-11-19 11:06:42,Morning,Weekend
1673.0,Muffin,2016-11-19 11:06:42,Morning,Weekend
1674.0,Coffee,2016-11-19 11:17:59,Morning,Weekend
1675.0,Coffee,2016-11-19 11:19:40,Morning,Weekend
1676.0,Bread,2016-11-19 11:24:19,Morning,Weekend
1677.0,Coffee,2016-11-19 11:35:43,Morning,Weekend
1677.0,Coffee,2016-11-19 11:35:43,Morning,Weekend
1678.0,Coffee,2016-11-19 11:36:27,Morning,Weekend
1678.0,Coffee,2016-11-19 11:36:27,Morning,Weekend
1679.0,Coffee,2016-11-19 11:36:48,Morning,Weekend
1679.0,Coffee,2016-11-19 11:36:48,Morning,Weekend
1680.0,Coffee,,Morning,Weekend
1681.0,Tea,2016-11-19 11:46:46,,Weekend
1682.0,Fudge,2016-11-19 11:48:46,Morning,Weekend
1683.0,Medialuna,2016-11-19 11:52:03,Morning,Weekend
1683.0,Bread,2016-11-19 11:52:03,Morning,Weekend
1683.0,Tea,2016-11-19 11:52:03,Morning,Weekend
1683.0,Coffee,2016-11-19 11:52:03,Morning,Weekend
1683.0,Coffee,2016-11-19 11:52:03,Morning,Weekend
1683.0,Ella's Kitchen Pouches,2016-11-19 11:52:03,Morning,Weekend
1684.0,Jammie Dodgers,2016-11-19 12:02:41,Afternoon,Weekend
1685.0,Bread,2016-11-19 12:05:54,Afternoon,Weekend
1686.0,Tea,2016-11-19 12:12:38,Afternoon,Weekend
1686.0,Coffee,2016-11-19 12:12:38,Afternoon,Weekend
1686.0,Soup,2016-11-19 12:12:38,Afternoon,Weekend
1686.0,Keeping It Local,2016-11-19 12:12:38,Afternoon,Weekend
1687.0,Coffee,2016-11-19 12:34:02,Afternoon,Weekend
1688.0,Coffee,2016-11-19 12:39:44,Afternoon,Weekend
1689.0,Coffee,2016-11-19 12:44:44,Afternoon,Weekend
1689.0,Muffin,2016-11-19 12:44:44,Afternoon,Weekend
1690.0,Coffee,2016-11-19 12:47:19,Afternoon,Weekend
1690.0,Bread,2016-11-19 12:47:19,,Weekend
1690.0,Soup,2016-11-19 12:47:19,Afternoon,Weekend
1691.0,Coffee,2016-11-19 13:04:28,Afternoon,Weekend
1691.0,Tea,2016-11-19 13:04:28,Afternoon,Weekend
1691.0,Medialuna,2016-11-19 13:04:28,Afternoon,Weekend
1692.0,Alfajores,2016-11-19 13:10:41,Afternoon,Weekend
1693.0,Bread,2016-11-19 13:14:17,Afternoon,Weekend
1694.0,Coffee,2016-11-19 13:15:55,Afternoon,Weekend
1694.0,Coffee,2016-11-19 13:15:55,Afternoon,Weekend
1694.0,Tartine,2016-11-19 13:15:55,Afternoon,Weekend
1694.0,Medialuna,2016-11-19 13:15:55,Afternoon,Weekend
1694.0,Pastry,2016-11-19 13:15:55,Afternoon,Weekend
1695.0,Tea,2016-11-19 13:16:27,Afternoon,Weekend
1695.0,Tartine,2016-11-19 13:16:27,Afternoon,Weekend
1696.0,Bread,2016-11-19 13:18:16,Afternoon,Weekend
1696.0,Coffee,2016-11-19 13:18:16,Afternoon,Weekend
1697.0,Medialuna,2016-11-19 13:26:38,Afternoon,Weekend
1697.0,Coffee,2016-11-19 13:26:38,Afternoon,Weekend
1697.0,Bread,2016-11-19 13:26:38,Afternoon,Weekend
1698.0,Bread,2016-11-19 13:28:09,Afternoon,Weekend
1698.0,Medialuna,2016-11-19 13:28:09,Afternoon,Weekend
1699.0,Focaccia,2016-11-19 13:34:07,Afternoon,Weekend
1700.0,Scandinavian,2016-11-19 13:36:30,Afternoon,Weekend
1701.0,Hearty & Seasonal,2016-11-19 13:45:24,Afternoon,Weekend
1701.0,Sandwich,2016-11-19 13:45:24,Afternoon,Weekend
1701.0,Coffee,2016-11-19 13:45:24,Afternoon,Weekend
1701.0,Mineral water,2016-11-19 13:45:24,Afternoon,Weekend
1702.0,Coffee,2016-11-19 13:46:29,Afternoon,Weekend
1702.0,Sandwich,2016-11-19 13:46:29,Afternoon,Weekend
1702.0,Sandwich,2016-11-19 13:46:29,Afternoon,Weekend
1703.0,Tea,2016-11-19 14:09:37,Afternoon,Weekend
1703.0,,2016-11-19 14:09:37,Afternoon,Weekend
1704.0,Coffee,2016-11-19 14:11:45,Afternoon,Weekend
1705.0,Coffee,2016-11-19 14:20:31,Afternoon,Weekend
1705.0,Coffee,2016-11-19 14:20:31,Afternoon,Weekend
1706.0,Soup,2016-11-19 14:26:23,Afternoon,Weekend
1706.0,Kids biscuit,2016-11-19 14:26:23,Afternoon,Weekend
1707.0,Coffee,2016-11-19 14:27:52,Afternoon,Weekend
1708.0,Bread,2016-11-19 14:29:02,Afternoon,Weekend
1709.0,Coffee,2016-11-19 14:30:16,Afternoon,Weekend
1710.0,Coffee,2016-11-19 14:36:13,Afternoon,Weekend
1711.0,Coffee,2016-11-19 14:40:46,Afternoon,Weekend
1711.0,Bread,2016-11-19 14:40:46,Afternoon,Weekend
1712.0,Cake,2016-11-19 14:55:11,Afternoon,Weekend
1712.0,Tea,2016-11-19 14:55:11,Afternoon,Weekend
1712.0,Muffin,2016-11-19 14:55:11,Afternoon,Weekend
1712.0,Coffee,2016-11-19 14:55:11,Afternoon,Weekend
1713.0,Hot chocolate,2016-11-19 15:01:42,Afternoon,Weekend
1714.0,Coffee,2016-11-19 15:05:17,Afternoon,Weekend
1714.0,Tea,2016-11-19 15:05:17,Afternoon,Weekend
1714.0,Cake,2016-11-19 15:05:17,Afternoon,Weekend
1715.0,Tea,2016-11-19 15:07:33,Afternoon,Weekend
,Coffee,2016-11-19 15:07:33,Afternoon,Weekend
1715.0,Muffin,2016-11-19 15:07:33,Afternoon,Weekend
1716.0,Jammie Dodgers,2016-11-19 15:18:25,Afternoon,Weekend
1716.0,Hot chocolate,2016-11-19 15:18:25,Afternoon,Weekend
1716.0,Hot chocolate,2016-11-19 15:18:25,Afternoon,Weekend
1716.0,Coffee,2016-11-19 15:18:25,Afternoon,Weekend
1716.0,Cookies,2016-11-19 15:18:25,Afternoon,Weekend
1717.0,Caramel bites,2016-11-19 15:20:44,Afternoon,Weekend
1717.0,Jammie Dodgers,,Afternoon,Weekend
1717.0,My-5 Fruit Shoot,,Afternoon,Weekend
1717.0,Bread,2016-11-19 15:20:44,Afternoon,Weekend
1718.0,Coffee,2016-11-19 15:36:39,Afternoon,Weekend
1719.0,Coffee,2016-11-19 15:37:49,Afternoon,Weekend
1719.0,Tea,2016-11-19 15:37:49,Afternoon,Weekend
1719.0,Caramel bites,2016-11-19 15:37:49,Afternoon,Weekend
1719.0,Kids biscuit,2016-11-19 15:37:49,Afternoon,Weekend
1720.0,Bread,2016-11-19 15:39:48,Afternoon,Weekend
1720.0,Coffee,2016-11-19 15:39:48,Afternoon,Weekend
1721.0,Bread,2016-11-19 15:46:03,Afternoon,Weekend
1721.0,Coffee,2016-11-19 15:46:03,Afternoon,Weekend
1721.0,Alfajores,2016-11-19 15:46:03,Afternoon,Weekend
1721.0,Bread,2016-11-19 15:46:03,Afternoon,Weekend
1722.0,Farm House,2016-11-19 15:53:29,Afternoon,Weekend
1723.0,Bread,2016-11-19 16:05:54,Afternoon,Weekend
1723.0,Jammie Dodgers,2016-11-19 16:05:54,Afternoon,Weekend
1723.0,Scandinavian,2016-11-19 16:05:54,Afternoon,Weekend
1724.0,Tea,2016-11-19 16:09:54,Afternoon,Weekend
1725.0,Alfajores,2016-11-19 16:17:23,Afternoon,Weekend
1725.0,Bread,2016-11-19 16:17:23,Afternoon,Weekend
1725.0,Tea,2016-11-19 16:17:23,Afternoon,Weekend
1725.0,Coffee,2016-11-19 16:17:23,Afternoon,Weekend
1726.0,Coffee,2016-11-19 16:26:23,Afternoon,Weekend
1726.0,Mineral water,2016-11-19 16:26:23,Afternoon,Weekend
,Tea,2016-11-19 16:26:23,Afternoon,Weekend
1727.0,Coffee,2016-11-19 16:32:32,Afternoon,Weekend
1727.0,Kids biscuit,2016-11-19 16:32:32,Afternoon,Weekend
1728.0,Kids biscuit,2016-11-19 16:38:32,Afternoon,Weekend
1728.0,Bread,2016-11-19 16:38:32,Afternoon,Weekend
1729.0,Coffee,2016-11-20 10:06:23,Morning,Weekend
1729.0,Coffee,2016-11-20 10:06:23,Morning,Weekend
1730.0,Bread,2016-11-20 10:25:50,Morning,Weekend
1731.0,Hot chocolate,2016-11-20 10:28:22,Morning,Weekend
1731.0,Coffee,2016-11-20 10:28:22,Morning,Weekend
1731.0,Cake,2016-11-20 10:28:22,Morning,Weekend
1732.0,Coffee,2016-11-20 10:33:35,Morning,Weekend
1732.0,Bread,2016-11-20 10:33:35,Morning,Weekend
1733.0,Scandinavian,2016-11-20 10:53:49,Morning,Weekend
1733.0,Pastry,2016-11-20 10:53:49,Morning,Weekend
1733.0,Juice,2016-11-20 10:53:49,Morning,Weekend
1734.0,Bread,2016-11-20 10:54:29,Morning,Weekend
1734.0,Coffee,2016-11-20 10:54:29,Morning,Weekend
1735.0,Bread,2016-11-20 10:56:31,Morning,Weekend
1736.0,Farm House,2016-11-20 10:57:38,Morning,Weekend
1736.0,Pastry,2016-11-20 10:57:38,Morning,Weekend
1736.0,Pastry,2016-11-20 10:57:38,Morning,Weekend
1736.0,Medialuna,2016-11-20 10:57:38,Morning,Weekend
1737.0,Alfajores,2016-11-20 11:00:35,Morning,Weekend
1737.0,Alfajores,2016-11-20 11:00:35,Morning,Weekend
1737.0,Coffee,2016-11-20 11:00:35,Morning,Weekend
1737.0,Coffee,2016-11-20 11:00:35,Morning,Weekend
1738.0,Bread,2016-11-20 11:01:43,Morning,Weekend
1739.0,Keeping It Local,2016-11-20 11:02:26,Morning,Weekend
1739.0,Coffee,2016-11-20 11:02:26,Morning,Weekend
1739.0,Coffee,2016-11-20 11:02:26,Morning,Weekend
1740.0,Scandinavian,2016-11-20 11:03:58,Morning,Weekend
1740.0,Pastry,2016-11-20 11:03:58,Morning,Weekend
1740.0,Hot chocolate,2016-11-20 11:03:58,Morning,Weekend
1740.0,Coffee,2016-11-20 11:03:58,,Weekend
1740.0,Bread,2016-11-20 11:03:58,Morning,Weekend
1741.0,Bread,2016-11-20 11:07:42,Morning,Weekend
1742.0,Bread,2016-11-20 11:08:42,Morning,Weekend
1742.0,Coffee,2016-11-20 11:08:42,Morning,Weekend
1743.0,Pastry,2016-11-20 11:13:29,Morning,
1743.0,Coffee,2016-11-20 11:13:29,Morning,Weekend
1744.0,Smoothies,2016-11-20 11:16:12,Morning,Weekend
1744.0,Keeping It Local,2016-11-20 11:16:12,Morning,Weekend
1744.0,Coffee,2016-11-20 11:16:12,Morning,Weekend
1745.0,Coffee,2016-11-20 11:20:34,Morning,Weekend
1745.0,Coffee,2016-11-20 11:20:34,Morning,Weekend
1746.0,Pastry,2016-11-20 11:21:43,Morning,Weekend
1746.0,Medialuna,2016-11-20 11:21:43,Morning,Weekend
1747.0,Tea,2016-11-20 11:35:21,Morning,Weekend
1747.0,Cake,2016-11-20 11:35:21,Morning,Weekend
1748.0,Cake,2016-11-20 11:35:51,Morning,Weekend
1748.0,Mineral water,2016-11-20 11:35:51,Morning,Weekend
1749.0,Farm House,2016-11-20 11:45:56,Morning,Weekend
1749.0,Cake,2016-11-20 11:45:56,Morning,Weekend
1749.0,Medialuna,2016-11-20 11:45:56,Morning,Weekend
1749.0,Tea,2016-11-20 11:45:56,Morning,Weekend
1749.0,Coffee,2016-11-20 11:45:56,Morning,Weekend
1750.0,Hot chocolate,2016-11-20 11:46:51,Morning,Weekend
1750.0,Coffee,2016-11-20 11:46:51,Morning,Weekend
1750.0,Bread,2016-11-20 11:46:51,Morning,Weekend
1751.0,Bread,2016-11-20 11:49:08,Morning,Weekend
1752.0,Alfajores,2016-11-20 11:54:44,Morning,Weekend
1752.0,Cake,2016-11-20 11:54:44,Morning,Weekend
1752.0,Coffee,2016-11-20 11:54:44,Morning,Weekend
1752.0,Sandwich,2016-11-20 11:54:44,Morning,Weekend
1752.0,Sandwich,2016-11-20 11:54:44,Morning,Weekend
1752.0,My-5 Fruit Shoot,2016-11-20 11:54:44,Morning,Weekend
1753.0,Farm House,2016-11-20 11:56:55,Morning,Weekend
1754.0,Jam,2016-11-20 11:59:33,Morning,Weekend
1755.0,Bread,2016-11-20 12:03:17,Afternoon,Weekend
1755.0,Coffee,2016-11-20 12:03:17,Afternoon,Weekend
1755.0,Cake,2016-11-20 12:03:17,Afternoon,Weekend
1756.0,Bread,2016-11-20 12:05:42,Afternoon,Weekend
1756.0,Coffee,2016-11-20 12:05:42,Afternoon,Weekend
1757.0,Tartine,2016-11-20 12:09:00,Afternoon,Weekend
1758.0,Bread,2016-11-20 12:16:10,Afternoon,Weekend
1758.0,Medialuna,2016-11-20 12:16:10,Afternoon,Weekend
1758.0,Farm House,2016-11-20 12:16:10,Afternoon,Weekend
1759.0,Bread,2016-11-20 12:20:07,Afternoon,Weekend
1759.0,Brownie,2016-11-20 12:20:07,Afternoon,Weekend
1759.0,Cake,2016-11-20 12:20:07,Afternoon,Weekend
1760.0,Cake,2016-11-20 12:25:09,Afternoon,Weekend
1760.0,Mineral water,2016-11-20 12:25:09,Afternoon,Weekend
1760.0,Alfajores,2016-11-20 12:25:09,Afternoon,Weekend
1760.0,Coffee,2016-11-20 12:25:09,Afternoon,Weekend
1760.0,Coffee,2016-11-20 12:25:09,Afternoon,Weekend
1761.0,Bread,2016-11-20 12:38:38,Afternoon,Weekend
1762.0,Coffee,2016-11-20 12:43:42,Afternoon,Weekend
1762.0,Coffee,2016-11-20 12:43:42,Afternoon,Weekend
1763.0,Bread,2016-11-20 12:45:08,Afternoon,Weekend
1763.0,Jam,2016-11-20 12:45:08,Afternoon,Weekend
1764.0,Brownie,2016-11-20 12:48:02,Afternoon,Weekend
1765.0,Coffee,2016-11-20 12:52:15,Afternoon,Weekend
1765.0,Sandwich,2016-11-20 12:52:15,Afternoon,Weekend
1765.0,Mineral water,2016-11-20 12:52:15,Afternoon,Weekend
1767.0,Coffee,2016-11-20 12:55:17,Afternoon,Weekend
1767.0,Coffee,2016-11-20 12:55:17,Afternoon,Weekend
1768.0,Bread,2016-11-20 12:57:28,Afternoon,Weekend
1769.0,Bread,2016-11-20 12:58:31,Afternoon,Weekend
1769.0,Mineral water,2016-11-20 12:58:31,Afternoon,Weekend
1770.0,Farm House,2016-11-20 13:35:14,Afternoon,Weekend
1771.0,Medialuna,2016-11-20 13:39:00,Afternoon,Weekend
1771.0,Coffee,2016-11-20 13:39:00,Afternoon,Weekend
1772.0,Juice,2016-11-20 13:43:04,Afternoon,Weekend
1772.0,Cookies,2016-11-20 13:43:04,Afternoon,Weekend
1772.0,Alfajores,2016-11-20 13:43:04,Afternoon,Weekend
1772.0,Coffee,2016-11-20 13:43:04,Afternoon,Weekend
1772.0,Focaccia,2016-11-20 13:43:04,Afternoon,Weekend
1773.0,Bread,2016-11-20 13:48:20,Afternoon,Weekend
1774.0,Sandwich,2016-11-20 13:52:42,Afternoon,Weekend
1774.0,Sandwich,2016-11-20 13:52:42,Afternoon,Weekend
1774.0,Brownie,2016-11-20 13:52:42,Afternoon,Weekend
1775.0,Alfajores,2016-11-20 14:13:23,Afternoon,Weekend
1775.0,Bread,2016-11-20 14:13:23,Afternoon,Weekend
1775.0,My-5 Fruit Shoot,2016-11-20 14:13:23,Afternoon,Weekend
1775.0,Juice,2016-11-20 14:13:23,Afternoon,Weekend
1776.0,Bread,2016-11-20 14:13:56,Afternoon,Weekend
1777.0,Fudge,2016-11-20 14:16:32,Afternoon,Weekend
1777.0,Dulce de Leche,2016-11-20 14:16:32,Afternoon,Weekend
1777.0,Coffee,2016-11-20 14:16:32,Afternoon,Weekend
1777.0,Cake,2016-11-20 14:16:32,Afternoon,Weekend
1777.0,Brownie,2016-11-20 14:16:32,Afternoon,Weekend
1778.0,Hot chocolate,2016-11-20 14:18:26,Afternoon,Weekend
1778.0,Coffee,2016-11-20 14:18:26,Afternoon,Weekend
1778.0,Cake,2016-11-20 14:18:26,Afternoon,Weekend
1779.0,Coffee,2016-11-20 14:25:19,Afternoon,Weekend
1779.0,Medialuna,2016-11-20 14:25:19,Afternoon,Weekend
1779.0,Alfajores,2016-11-20 14:25:19,Afternoon,Weekend
1780.0,Coffee,2016-11-20 14:34:14,Afternoon,Weekend
1780.0,Keeping It Local,2016-11-20 14:34:14,Afternoon,Weekend
1780.0,Farm House,2016-11-20 14:34:14,Afternoon,Weekend
1781.0,Bread,2016-11-20 14:37:13,Afternoon,Weekend
1782.0,Medialuna,2016-11-20 14:41:25,Afternoon,Weekend
1782.0,Truffles,2016-11-20 14:41:25,Afternoon,Weekend
1783.0,Cake,2016-11-20 14:42:55,Afternoon,Weekend
1783.0,,2016-11-20 14:42:55,Afternoon,Weekend
1783.0,Tea,2016-11-20 14:42:55,Afternoon,Weekend
1783.0,Truffles,2016-11-20 14:42:55,Afternoon,Weekend
1784.0,Bread,2016-11-20 14:52:15,Afternoon,Weekend
1785.0,Coffee,2016-11-20 14:53:23,Afternoon,Weekend
1785.0,Brownie,2016-11-20 14:53:23,Afternoon,Weekend
1786.0,Coffee,2016-11-20 15:03:32,Afternoon,Weekend
1786.0,Bread,2016-11-20 15:03:32,Afternoon,Weekend
1787.0,Medialuna,2016-11-20 15:06:00,Afternoon,Weekend
1787.0,Brownie,2016-11-20 15:06:00,Afternoon,Weekend
1787.0,Tea,2016-11-20 15:06:00,Afternoon,Weekend
1788.0,Bread,2016-11-20 15:08:12,Afternoon,Weekend
1788.0,Scandinavian,2016-11-20 15:08:12,Afternoon,Weekend
1789.0,Medialuna,2016-11-20 15:13:05,Afternoon,Weekend
1789.0,Hot chocolate,2016-11-20 15:13:05,Afternoon,Weekend
1789.0,Cake,2016-11-20 15:13:05,Afternoon,Weekend
1789.0,Alfajores,2016-11-20 15:13:05,Afternoon,Weekend
1789.0,Truffles,2016-11-20 15:13:05,Afternoon,Weekend
1790.0,Brownie,2016-11-20 15:14:21,Afternoon,Weekend
1790.0,Medialuna,2016-11-20 15:14:21,Afternoon,
1790.0,Coffee,2016-11-20 15:14:21,,Weekend
1791.0,Coffee,2016-11-20 15:16:17,Afternoon,Weekend
1791.0,Medialuna,2016-11-20 15:16:17,Afternoon,Weekend
1791.0,Truffles,2016-11-20 15:16:17,Afternoon,Weekend
1792.0,Cake,2016-11-20 15:17:25,Afternoon,Weekend
1792.0,Tea,2016-11-20 15:17:25,Afternoon,Weekend
1793.0,Mineral water,2016-11-20 15:22:18,Afternoon,Weekend
1793.0,Hot chocolate,2016-11-20 15:22:18,Afternoon,Weekend
1793.0,Cookies,2016-11-20 15:22:18,Afternoon,Weekend
1793.0,Cake,2016-11-20 15:22:18,Afternoon,Weekend
1794.0,Cookies,2016-11-20 15:26:24,Afternoon,Weekend
1795.0,Bread,2016-11-20 15:37:47,Afternoon,Weekend
1796.0,Hot chocolate,2016-11-20 15:41:59,Afternoon,Weekend
1796.0,Cake,2016-11-20 15:41:59,Afternoon,Weekend
1797.0,Truffles,2016-11-20 15:50:16,Afternoon,Weekend
1797.0,Farm House,2016-11-20 15:50:16,Afternoon,Weekend
1797.0,Bread,2016-11-20 15:50:16,Afternoon,Weekend
1798.0,Tea,2016-11-20 15:58:17,Afternoon,Weekend
1799.0,Farm House,2016-11-20 18:16:32,Evening,Weekend
1800.0,Coffee,2016-11-21 07:29:57,Morning,Weekday
1801.0,Coffee,2016-11-21 08:13:28,Morning,Weekday
1802.0,Bread,2016-11-21 08:38:16,Morning,Weekday
1803.0,Coffee,2016-11-21 08:38:50,Morning,Weekday
1804.0,Coffee,2016-11-21 09:15:53,Morning,Weekday
1805.0,Bread,2016-11-21 09:31:29,Morning,Weekday
1805.0,Pastry,2016-11-21 09:31:29,Morning,Weekday
1806.0,Coffee,,Morning,Weekday
1807.0,Coffee,2016-11-21 09:41:26,Morning,Weekday
1807.0,Farm House,2016-11-21 09:41:26,Morning,Weekday
1808.0,Keeping It Local,2016-11-21 09:44:32,Morning,Weekday
1808.0,Coffee,2016-11-21 09:44:32,Morning,Weekday
1808.0,Coffee,2016-11-21 09:44:32,Morning,Weekday
1809.0,Coffee,2016-11-21 09:50:03,Morning,Weekday
1809.0,Medialuna,2016-11-21 09:50:03,Morning,Weekday
1810.0,Coffee,2016-11-21 09:59:09,Morning,Weekday
1811.0,Coffee,2016-11-21 09:59:56,Morning,Weekday
1811.0,Pastry,2016-11-21 09:59:56,Morning,Weekday
1812.0,Tea,2016-11-21 10:00:47,Morning,Weekday
1813.0,Coffee,2016-11-21 10:04:19,Morning,Weekday
1813.0,Keeping It Local,2016-11-21 10:04:19,Morning,Weekday
1814.0,Pastry,2016-11-21 10:12:18,Morning,Weekday
1814.0,Coffee,2016-11-21 10:12:18,Morning,Weekday
1814.0,Smoothies,2016-11-21 10:12:18,Morning,Weekday
1815.0,Coffee,2016-11-21 10:14:19,Morning,Weekday
1815.0,Muffin,2016-11-21 10:14:19,Morning,Weekday
1815.0,Medialuna,2016-11-21 10:14:19,Morning,Weekday
1816.0,Coffee,2016-11-21 10:31:22,Morning,Weekday
1817.0,Coffee,2016-11-21 11:07:58,Morning,Weekday
1818.0,Coffee,2016-11-21 11:11:37,Morning,Weekday
1819.0,Coffee,2016-11-21 11:14:53,Morning,Weekday
1819.0,Tea,2016-11-21 11:14:53,Morning,Weekday
1819.0,Farm House,2016-11-21 11:14:53,Morning,Weekday
1819.0,Brownie,2016-11-21 11:14:53,Morning,Weekday
1820.0,Coffee,2016-11-21 11:55:05,Morning,Weekday
1821.0,Coffee,2016-11-21 12:02:47,Afternoon,Weekday
1821.0,Bread,2016-11-21 12:02:47,Afternoon,Weekday
1821.0,Coffee,2016-11-21 12:02:47,Afternoon,Weekday
1821.0,Keeping It Local,2016-11-21 12:02:47,Afternoon,Weekday
1822.0,Tea,2016-11-21 12:25:19,Afternoon,Weekday
1823.0,Coffee,2016-11-21 12:36:10,Afternoon,Weekday
1823.0,Bread,2016-11-21 12:36:10,Afternoon,Weekday
1824.0,Farm House,2016-11-21 12:36:57,Afternoon,Weekday
1825.0,Coffee,2016-11-21 12:48:40,Afternoon,Weekday
1826.0,Sandwich,2016-11-21 13:15:53,Afternoon,Weekday
1827.0,Farm House,2016-11-21 13:30:09,Afternoon,Weekday
1827.0,Scandinavian,2016-11-21 13:30:09,Afternoon,Weekday
1828.0,Coffee,2016-11-21 13:38:42,Afternoon,Weekday
1829.0,Coffee,2016-11-21 13:41:35,Afternoon,Weekday
1829.0,Cake,2016-11-21 13:41:35,Afternoon,Weekday
1830.0,Bread,2016-11-21 14:07:51,Afternoon,Weekday
1830.0,Tea,2016-11-21 14:07:51,Afternoon,Weekday
1831.0,Truffles,2016-11-21 14:20:46,Afternoon,Weekday
1832.0,Bread,2016-11-21 14:28:05,Afternoon,Weekday
1832.0,Fudge,2016-11-21 14:28:05,Afternoon,Weekday
1832.0,Medialuna,2016-11-21 14:28:05,Afternoon,Weekday
1832.0,Pastry,2016-11-21 14:28:05,Afternoon,Weekday
1833.0,Bread,2016-11-21 14:29:28,Afternoon,Weekday
1834.0,Tea,2016-11-21 14:32:20,Afternoon,Weekday
1834.0,Brownie,2016-11-21 14:32:20,Afternoon,Weekday
1834.0,Cake,2016-11-21 14:32:20,Afternoon,Weekday
1835.0,Juice,2016-11-21 14:36:21,Afternoon,Weekday
1835.0,Medialuna,2016-11-21 14:36:21,Afternoon,Weekday
1836.0,Tea,2016-11-21 14:54:43,Afternoon,Weekday
1836.0,Cake,2016-11-21 14:54:43,Afternoon,Weekday
1837.0,Coffee,2016-11-21 14:57:55,Afternoon,Weekday
1837.0,Tea,2016-11-21 14:57:55,Afternoon,Weekday
1837.0,Sandwich,2016-11-21 14:57:55,Afternoon,Weekday
1837.0,Medialuna,2016-11-21 14:57:55,Afternoon,Weekday
1837.0,Bread,2016-11-21 14:57:55,Afternoon,Weekday
1838.0,Alfajores,2016-11-21 15:23:32,Afternoon,Weekday
1839.0,Coffee,2016-11-21 15:24:55,Afternoon,Weekday
1839.0,Coffee,2016-11-21 15:24:55,Afternoon,Weekday
1840.0,Cookies,2016-11-21 15:35:40,Afternoon,Weekday
1840.0,My-5 Fruit Shoot,2016-11-21 15:35:40,Afternoon,Weekday
1840.0,Coffee,2016-11-21 15:35:40,Afternoon,Weekday
1840.0,Keeping It Local,2016-11-21 15:35:40,Afternoon,Weekday
1841.0,Hot chocolate,2016-11-21 15:47:22,Afternoon,Weekday
1841.0,Hot chocolate,2016-11-21 15:47:22,Afternoon,Weekday
1841.0,Bread,2016-11-21 15:47:22,Afternoon,Weekday
1841.0,Alfajores,2016-11-21 15:47:22,Afternoon,Weekday
1842.0,Bread,2016-11-21 16:00:34,Afternoon,Weekday
1843.0,Farm House,2016-11-21 16:11:05,Afternoon,Weekday
1844.0,Coffee,2016-11-21 16:18:45,Afternoon,Weekday
1844.0,Juice,2016-11-21 16:18:45,Afternoon,Weekday
1844.0,Pastry,2016-11-21 16:18:45,Afternoon,Weekday
1845.0,Cookies,2016-11-21 16:26:36,Afternoon,Weekday
1846.0,Brownie,2016-11-21 16:27:15,Afternoon,Weekday
1847.0,Coffee,2016-11-22 08:06:09,Morning,Weekday
1847.0,Medialuna,2016-11-22 08:06:09,Morning,Weekday
1848.0,Keeping It Local,2016-11-22 09:07:58,Morning,Weekday
1848.0,Coffee,2016-11-22 09:07:58,Morning,Weekday
1849.0,Tea,2016-11-22 09:33:58,Morning,Weekday
1850.0,Tea,2016-11-22 09:42:17,Morning,Weekday
1850.0,Medialuna,2016-11-22 09:42:17,Morning,Weekday
1851.0,Scandinavian,2016-11-22 09:59:54,Morning,Weekday
1851.0,Bread,2016-11-22 09:59:54,Morning,Weekday
1852.0,Scandinavian,2016-11-22 10:01:11,Morning,Weekday
1852.0,Bread,2016-11-22 10:01:11,Morning,Weekday
1853.0,Pastry,2016-11-22 10:08:29,Morning,Weekday
1853.0,Keeping It Local,2016-11-22 10:08:29,Morning,Weekday
1853.0,Coffee,2016-11-22 10:08:29,Morning,Weekday
1853.0,Hot chocolate,2016-11-22 10:08:29,Morning,Weekday
1854.0,Bread,2016-11-22 10:21:00,Morning,Weekday
1855.0,Coffee,2016-11-22 10:25:46,Morning,Weekday
1856.0,Bread,,Morning,Weekday
1857.0,Coffee,2016-11-22 10:29:45,Morning,Weekday
1857.0,Cookies,2016-11-22 10:29:45,Morning,Weekday
1858.0,Coffee,2016-11-22 10:34:47,Morning,Weekday
1858.0,Coffee,2016-11-22 10:34:47,Morning,Weekday
1858.0,Pastry,2016-11-22 10:34:47,Morning,Weekday
1859.0,Tea,2016-11-22 11:05:36,Morning,Weekday
1860.0,Coffee,2016-11-22 11:57:33,Morning,Weekday
1860.0,Brownie,2016-11-22 11:57:33,Morning,Weekday
1860.0,Bread,2016-11-22 11:57:33,Morning,Weekday
1861.0,Sandwich,2016-11-22 12:15:35,Afternoon,Weekday
1861.0,Coke,2016-11-22 12:15:35,Afternoon,Weekday
1862.0,Cake,2016-11-22 12:34:24,Afternoon,Weekday
1862.0,Bread,2016-11-22 12:34:24,Afternoon,Weekday
1862.0,Tea,2016-11-22 12:34:24,Afternoon,Weekday
1862.0,Medialuna,2016-11-22 12:34:24,Afternoon,Weekday
1863.0,Bread,2016-11-22 12:35:12,Afternoon,Weekday
1864.0,Coffee,2016-11-22 12:40:54,Afternoon,Weekday
1864.0,Medialuna,2016-11-22 12:40:54,Afternoon,Weekday
1864.0,Brownie,2016-11-22 12:40:54,Afternoon,Weekday
1865.0,,2016-11-22 12:41:13,Afternoon,Weekday
1866.0,Coffee,2016-11-22 13:05:30,Afternoon,Weekday
1867.0,Medialuna,2016-11-22 13:07:35,Afternoon,Weekday
1868.0,,2016-11-22 13:17:32,Afternoon,Weekday
1868.0,Scandinavian,2016-11-22 13:17:32,Afternoon,Weekday
1868.0,Medialuna,2016-11-22 13:17:32,Afternoon,Weekday
1869.0,Tea,2016-11-22 13:26:51,Afternoon,Weekday
1869.0,Brownie,2016-11-22 13:26:51,Afternoon,Weekday
1870.0,Coffee,2016-11-22 13:34:01,Afternoon,Weekday
1870.0,Pastry,2016-11-22 13:34:01,Afternoon,Weekday
1871.0,Coffee,2016-11-22 13:47:25,Afternoon,Weekday
1872.0,Fudge,2016-11-22 13:59:06,Afternoon,Weekday
1872.0,Cake,2016-11-22 13:59:06,Afternoon,Weekday
1872.0,Coffee,2016-11-22 13:59:06,Afternoon,Weekday
1872.0,Tea,2016-11-22 13:59:06,Afternoon,Weekday
1873.0,Bread,2016-11-22 14:12:12,Afternoon,Weekday
1874.0,Coffee,2016-11-22 14:22:58,Afternoon,Weekday
1874.0,Cake,2016-11-22 14:22:58,Afternoon,Weekday
1875.0,Sandwich,2016-11-22 14:42:17,Afternoon,Weekday
1875.0,Coffee,2016-11-22 14:42:17,Afternoon,Weekday
,Coffee,2016-11-22 14:42:17,Afternoon,Weekday
1875.0,Tea,2016-11-22 14:42:17,Afternoon,Weekday
1875.0,Brownie,2016-11-22 14:42:17,Afternoon,Weekday
1875.0,Cake,2016-11-22 14:42:17,Afternoon,Weekday
1876.0,Coffee,2016-11-22 15:02:34,Afternoon,Weekday
1876.0,Alfajores,2016-11-22 15:02:34,Afternoon,Weekday
1876.0,Coffee,2016-11-22 15:02:34,Afternoon,Weekday
1876.0,Cake,2016-11-22 15:02:34,Afternoon,Weekday
1877.0,Coffee,2016-11-22 15:08:04,Afternoon,Weekday
1877.0,Coffee,2016-11-22 15:08:04,Afternoon,Weekday
1878.0,Mineral water,2016-11-22 15:17:35,Afternoon,Weekday
1879.0,Coffee,2016-11-22 15:25:09,Afternoon,Weekday
1879.0,Cookies,2016-11-22 15:25:09,Afternoon,Weekday
1880.0,Bread,2016-11-22 15:29:40,Afternoon,Weekday
1880.0,Cake,2016-11-22 15:29:40,Afternoon,
1881.0,Bread,2016-11-22 15:39:58,Afternoon,Weekday
1882.0,Coffee,2016-11-22 15:40:20,Afternoon,Weekday
1885.0,Tea,2016-11-22 16:36:23,Afternoon,Weekday
1885.0,Brownie,2016-11-22 16:36:23,Afternoon,Weekday
1885.0,Cake,2016-11-22 16:36:23,Afternoon,Weekday
1886.0,Hot chocolate,2016-11-22 16:39:08,Afternoon,Weekday
1886.0,Hot chocolate,2016-11-22 16:39:08,Afternoon,Weekday
1886.0,Medialuna,2016-11-22 16:39:08,Afternoon,Weekday
1887.0,Hot chocolate,2016-11-22 16:39:57,Afternoon,Weekday
1888.0,Coffee,2016-11-22 17:10:13,Evening,Weekday
1888.0,Bread,2016-11-22 17:10:13,Evening,Weekday
1889.0,Cake,2016-11-22 17:18:51,Evening,Weekday
1889.0,Coffee,2016-11-22 17:18:51,Evening,Weekday
1890.0,Coffee,2016-11-23 08:11:28,Morning,Weekday
1890.0,Cake,2016-11-23 08:11:28,Morning,Weekday
1891.0,,2016-11-23 09:05:20,Morning,Weekday
1891.0,Medialuna,2016-11-23 09:05:20,Morning,Weekday
1891.0,Coffee,2016-11-23 09:05:20,Morning,Weekday
1892.0,Hot chocolate,2016-11-23 09:06:41,Morning,Weekday
1892.0,Medialuna,2016-11-23 09:06:41,Morning,Weekday
1892.0,Coffee,2016-11-23 09:06:41,Morning,Weekday
1893.0,Coffee,2016-11-23 09:07:21,Morning,Weekday
1893.0,Hot chocolate,2016-11-23 09:07:21,Morning,Weekday
1893.0,Medialuna,2016-11-23 09:07:21,Morning,Weekday
1894.0,Coffee,2016-11-23 09:54:31,Morning,Weekday
1894.0,Keeping It Local,2016-11-23 09:54:31,Morning,
1894.0,Bread,2016-11-23 09:54:31,Morning,Weekday
1895.0,Coffee,2016-11-23 10:06:05,Morning,Weekday
1896.0,Coffee,2016-11-23 10:11:18,Morning,Weekday
1897.0,Coffee,2016-11-23 10:15:49,Morning,Weekday
1898.0,Coffee,2016-11-23 10:19:40,,Weekday
1898.0,Bread,2016-11-23 10:19:40,Morning,Weekday
1899.0,Coffee,2016-11-23 10:22:23,Morning,Weekday
1899.0,Sandwich,2016-11-23 10:22:23,Morning,Weekday
1900.0,Bread,2016-11-23 10:33:49,Morning,Weekday
1900.0,Keeping It Local,2016-11-23 10:33:49,Morning,Weekday
1900.0,Cake,2016-11-23 10:33:49,Morning,Weekday
1901.0,Coffee,2016-11-23 10:50:14,Morning,Weekday
1902.0,Brownie,2016-11-23 11:12:42,Morning,Weekday
1902.0,Cookies,2016-11-23 11:12:42,Morning,Weekday
1903.0,Bread,2016-11-23 11:34:24,Morning,Weekday
1904.0,Juice,2016-11-23 11:42:00,Morning,Weekday
1904.0,Bread,2016-11-23 11:42:00,Morning,Weekday
1905.0,Coffee,2016-11-23 11:50:37,Morning,Weekday
1905.0,Cookies,2016-11-23 11:50:37,Morning,Weekday
1906.0,Coffee,2016-11-23 11:50:56,Morning,Weekday
1907.0,Coffee,2016-11-23 12:24:12,Afternoon,Weekday
1907.0,Medialuna,2016-11-23 12:24:12,Afternoon,Weekday
1907.0,Cookies,2016-11-23 12:24:12,Afternoon,Weekday
1907.0,Tea,2016-11-23 12:24:12,Afternoon,Weekday
1908.0,Tea,2016-11-23 12:35:02,Afternoon,Weekday
1908.0,Cookies,2016-11-23 12:35:02,Afternoon,Weekday
1909.0,Mineral water,2016-11-23 12:42:33,Afternoon,Weekday
1910.0,Coffee,2016-11-23 12:49:38,Afternoon,Weekday
1910.0,Bread,2016-11-23 12:49:38,Afternoon,Weekday
1910.0,Tea,2016-11-23 12:49:38,Afternoon,Weekday
1910.0,Pastry,2016-11-23 12:49:38,Afternoon,Weekday
1910.0,Tiffin,2016-11-23 12:49:38,Afternoon,Weekday
1910.0,Cake,2016-11-23 12:49:38,Afternoon,Weekday
1911.0,Coffee,2016-11-23 13:04:46,Afternoon,Weekday
1912.0,Cookies,2016-11-23 13:13:54,Afternoon,Weekday
1913.0,Sandwich,2016-11-23 13:25:25,Afternoon,Weekday
1914.0,Coffee,2016-11-23 13:26:38,Afternoon,Weekday
1915.0,Tea,2016-11-23 13:40:31,Afternoon,Weekday
1915.0,Sandwich,2016-11-23 13:40:31,Afternoon,Weekday
1916.0,Jam,2016-11-23 13:51:18,Afternoon,Weekday
1917.0,Brownie,2016-11-23 13:55:58,Afternoon,Weekday
1917.0,Tea,2016-11-23 13:55:58,Afternoon,Weekday
1919.0,Bread,2016-11-23 14:07:37,Afternoon,Weekday
1920.0,Bread,2016-11-23 14:22:27,Afternoon,Weekday
1920.0,Olum & polenta,2016-11-23 14:22:27,Afternoon,Weekday
1921.0,Bread,2016-11-23 14:52:03,Afternoon,Weekday
1922.0,Polenta,2016-11-23 14:53:33,Afternoon,Weekday
1922.0,Tea,2016-11-23 14:53:33,Afternoon,Weekday
1923.0,Coffee,2016-11-23 14:59:48,Afternoon,Weekday
1923.0,Sandwich,2016-11-23 14:59:48,Afternoon,Weekday
1924.0,Coffee,2016-11-23 15:00:34,Afternoon,Weekday
1925.0,Coffee,2016-11-23 15:05:02,Afternoon,Weekday
1925.0,Cake,,Afternoon,Weekday
1926.0,Tea,2016-11-23 15:09:18,Afternoon,Weekday
1926.0,Coffee,2016-11-23 15:09:18,Afternoon,Weekday
1926.0,Alfajores,2016-11-23 15:09:18,Afternoon,Weekday
1927.0,Coke,2016-11-23 15:23:13,Afternoon,Weekday
1928.0,Coffee,2016-11-23 15:44:44,Afternoon,Weekday
1929.0,Coffee,2016-11-23 16:00:19,Afternoon,Weekday
1930.0,Coffee,2016-11-23 16:14:41,Afternoon,Weekday
1930.0,Medialuna,2016-11-23 16:14:41,Afternoon,Weekday
1931.0,Cookies,2016-11-23 16:31:03,Afternoon,Weekday
1931.0,Bread,2016-11-23 16:31:03,Afternoon,Weekday
1932.0,,2016-11-23 16:36:53,Afternoon,Weekday
1933.0,Coffee,2016-11-23 17:00:41,Evening,Weekday
1934.0,Bread,2016-11-23 17:29:19,Evening,Weekday
1935.0,Bread,2016-11-24 08:41:10,Morning,Weekday
1936.0,Coffee,2016-11-24 09:08:12,Morning,Weekday
1937.0,Coffee,2016-11-24 09:10:24,Morning,Weekday
1938.0,Hot chocolate,2016-11-24 09:11:11,Morning,Weekday
1939.0,Pastry,2016-11-24 09:20:18,Morning,Weekday
1940.0,Coffee,2016-11-24 09:21:00,Morning,Weekday
1940.0,Keeping It Local,2016-11-24 09:21:00,Morning,Weekday
1941.0,Pastry,2016-11-24 09:24:35,Morning,Weekday
1941.0,Bread,2016-11-24 09:24:35,Morning,Weekday
1942.0,Bread,2016-11-24 09:26:35,Morning,Weekday
1942.0,Keeping It Local,2016-11-24 09:26:35,Morning,Weekday
1943.0,Pastry,2016-11-24 09:28:53,Morning,Weekday
1944.0,Hot chocolate,2016-11-24 09:30:14,Morning,Weekday
1945.0,Coffee,2016-11-24 09:31:29,Morning,Weekday
1945.0,Pastry,2016-11-24 09:31:29,Morning,Weekday
1946.0,Bread,2016-11-24 09:43:20,Morning,Weekday
1946.0,Medialuna,2016-11-24 09:43:20,Morning,Weekday
1947.0,Medialuna,2016-11-24 09:53:52,Morning,Weekday
1947.0,Medialuna,2016-11-24 09:53:52,Morning,Weekday
1947.0,Pastry,2016-11-24 09:53:52,Morning,Weekday
1947.0,Alfajores,2016-11-24 09:53:52,Morning,Weekday
1948.0,Coffee,2016-11-24 09:55:27,Morning,Weekday
1949.0,Coffee,2016-11-24 10:02:17,Morning,Weekday
1950.0,Tea,2016-11-24 10:05:35,Morning,Weekday
1950.0,Cake,2016-11-24 10:05:35,Morning,Weekday
1951.0,Coffee,2016-11-24 10:06:47,Morning,Weekday
1951.0,Bread,2016-11-24 10:06:47,Morning,Weekday
1952.0,Coffee,2016-11-24 10:07:54,Morning,Weekday
1953.0,Bread,2016-11-24 10:13:28,Morning,Weekday
1953.0,Tea,2016-11-24 10:13:28,Morning,Weekday
1953.0,Cake,2016-11-24 10:13:28,Morning,Weekday
1954.0,Bread,2016-11-24 10:18:24,Morning,Weekday
1954.0,Bread,2016-11-24 10:18:24,Morning,Weekday
1954.0,Coffee,2016-11-24 10:18:24,Morning,Weekday
1955.0,Coffee,2016-11-24 10:23:10,Morning,Weekday
1955.0,Alfajores,2016-11-24 10:23:10,Morning,Weekday
1956.0,Coffee,2016-11-24 10:25:34,Morning,Weekday
1957.0,Bread,2016-11-24 10:45:39,Morning,Weekday
1957.0,Cookies,2016-11-24 10:45:39,Morning,Weekday
1958.0,Bread,2016-11-24 10:48:35,Morning,Weekday
1958.0,Sandwich,2016-11-24 10:48:35,Morning,Weekday
1958.0,Tea,2016-11-24 10:48:35,Morning,Weekday
1959.0,Bread,2016-11-24 10:51:27,Morning,Weekday
1960.0,Tea,2016-11-24 10:59:16,Morning,Weekday
1960.0,Coffee,2016-11-24 10:59:16,Morning,Weekday
1960.0,Cake,2016-11-24 10:59:16,Morning,Weekday
1961.0,Bread,2016-11-24 11:03:46,Morning,Weekday
1962.0,Hot chocolate,2016-11-24 11:05:57,Morning,Weekday
1962.0,Brownie,2016-11-24 11:05:57,Morning,Weekday
1963.0,Bread,2016-11-24 11:34:17,Morning,Weekday
1964.0,Tea,2016-11-24 11:39:29,Morning,Weekday
1964.0,Coffee,2016-11-24 11:39:29,Morning,Weekday
1965.0,Coffee,2016-11-24 11:46:56,Morning,Weekday
1965.0,Cake,2016-11-24 11:46:56,Morning,Weekday
1966.0,The Nomad,2016-11-24 11:57:00,Morning,Weekday
1966.0,Bread,2016-11-24 11:57:00,Morning,Weekday
1966.0,Tea,2016-11-24 11:57:00,Morning,Weekday
1967.0,Coffee,2016-11-24 12:05:18,Afternoon,Weekday
1967.0,Smoothies,2016-11-24 12:05:18,Afternoon,Weekday
1968.0,Bread,2016-11-24 12:18:32,Afternoon,Weekday
1969.0,Bread,2016-11-24 12:20:13,Afternoon,Weekday
1970.0,Coffee,2016-11-24 12:35:32,Afternoon,Weekday
1970.0,Bread,2016-11-24 12:35:32,Afternoon,Weekday
1971.0,Coffee,2016-11-24 12:54:14,Afternoon,Weekday
1971.0,Cake,2016-11-24 12:54:14,Afternoon,Weekday
1972.0,Fudge,2016-11-24 12:57:45,Afternoon,Weekday
1972.0,Coffee,2016-11-24 12:57:45,Afternoon,Weekday
1972.0,Coffee,2016-11-24 12:57:45,Afternoon,Weekday
1972.0,Sandwich,2016-11-24 12:57:45,Afternoon,Weekday
1973.0,Brownie,2016-11-24 13:12:59,Afternoon,Weekday
1974.0,Bread,2016-11-24 13:23:10,Afternoon,Weekday
1974.0,Sandwich,2016-11-24 13:23:10,Afternoon,Weekday
1975.0,Coffee,2016-11-24 13:28:42,Afternoon,Weekday
1976.0,Bread,2016-11-24 13:29:16,Afternoon,Weekday
1976.0,Brownie,2016-11-24 13:29:16,Afternoon,Weekday
1977.0,Sandwich,2016-11-24 13:31:38,Afternoon,Weekday
1978.0,Coffee,2016-11-24 13:39:41,Afternoon,Weekday
1978.0,Sandwich,2016-11-24 13:39:41,Afternoon,Weekday
1978.0,Hearty & Seasonal,2016-11-24 13:39:41,Afternoon,Weekday
1979.0,Coffee,2016-11-24 13:58:03,Afternoon,Weekday
1980.0,Tea,2016-11-24 13:58:38,Afternoon,Weekday
1980.0,Cake,2016-11-24 13:58:38,Afternoon,Weekday
1981.0,Coffee,2016-11-24 14:18:49,Afternoon,Weekday
1981.0,Bread,2016-11-24 14:18:49,Afternoon,Weekday
1982.0,Coffee,2016-11-24 14:19:19,Afternoon,Weekday
1982.0,Sandwich,2016-11-24 14:19:19,Afternoon,Weekday
1983.0,Coffee,2016-11-24 14:32:19,Afternoon,Weekday
1984.0,Cake,2016-11-24 14:35:19,Afternoon,Weekday
1985.0,Coffee,2016-11-24 14:52:39,Afternoon,Weekday
1985.0,Alfajores,2016-11-24 14:52:39,Afternoon,Weekday
1986.0,Coffee,2016-11-24 14:53:44,Afternoon,Weekday
1986.0,Cake,2016-11-24 14:53:44,Afternoon,Weekday
1987.0,Tea,2016-11-24 14:58:05,Afternoon,Weekday
1987.0,Tea,2016-11-24 14:58:05,Afternoon,Weekday
1988.0,Bread,2016-11-24 15:17:33,Afternoon,Weekday
1989.0,Tea,2016-11-24 15:30:26,Afternoon,Weekday
1989.0,Cake,2016-11-24 15:30:26,Afternoon,Weekday
1990.0,Brownie,2016-11-24 15:33:37,Afternoon,Weekday
1990.0,Alfajores,2016-11-24 15:33:37,Afternoon,Weekday
1991.0,Hack the stack,2016-11-24 16:00:48,Afternoon,Weekday
1991.0,Art Tray,2016-11-24 16:00:48,Afternoon,Weekday
1991.0,Coffee,2016-11-24 16:00:48,Afternoon,Weekday
1992.0,Tea,2016-11-24 16:09:50,Afternoon,Weekday
1993.0,Coffee,2016-11-24 16:32:12,Afternoon,Weekday
1993.0,Cake,2016-11-24 16:32:12,Afternoon,Weekday
1994.0,Coffee,2016-11-24 16:49:46,Afternoon,Weekday
1994.0,Coke,2016-11-24 16:49:46,Afternoon,Weekday
1995.0,Hack the stack,2016-11-24 17:02:59,Evening,Weekday
1995.0,My-5 Fruit Shoot,2016-11-24 17:02:59,Evening,Weekday
1995.0,Tea,2016-11-24 17:02:59,Evening,Weekday
1995.0,Art Tray,2016-11-24 17:02:59,Evening,Weekday
1996.0,Ella's Kitchen Pouches,2016-11-24 17:10:11,Evening,Weekday
1997.0,Coffee,2016-11-25 08:08:12,Morning,Weekday
1997.0,Medialuna,2016-11-25 08:08:12,Morning,Weekday
1998.0,Coffee,2016-11-25 08:52:24,Morning,Weekday
1999.0,Coffee,2016-11-25 09:04:23,Morning,Weekday
1999.0,Coffee,2016-11-25 09:04:23,Morning,Weekday
2000.0,Coffee,2016-11-25 09:09:28,Morning,Weekday
2000.0,Bread,2016-11-25 09:09:28,Morning,Weekday
2001.0,Coffee,2016-11-25 09:10:18,Morning,Weekday
2001.0,Medialuna,2016-11-25 09:10:18,Morning,Weekday
2002.0,Coffee,2016-11-25 09:21:29,Morning,Weekday
2003.0,Coffee,2016-11-25 09:29:47,Morning,Weekday
2004.0,Coffee,2016-11-25 09:31:45,Morning,Weekday
2004.0,,2016-11-25 09:31:45,Morning,Weekday
2004.0,Bread,2016-11-25 09:31:45,,Weekday
2005.0,Bread,2016-11-25 09:35:47,Morning,Weekday
2005.0,Coffee,2016-11-25 09:35:47,Morning,Weekday
2006.0,Bread,2016-11-25 09:36:46,Morning,Weekday
2007.0,Keeping It Local,2016-11-25 09:44:09,Morning,Weekday
2007.0,Coffee,2016-11-25 09:44:09,Morning,Weekday
,Bread,2016-11-25 09:44:09,Morning,Weekday
2008.0,Coffee,2016-11-25 09:50:38,Morning,Weekday
2009.0,Coffee,2016-11-25 09:51:05,Morning,Weekday
2009.0,Coffee,2016-11-25 09:51:05,Morning,Weekday
,Keeping It Local,2016-11-25 09:55:08,Morning,Weekday
2010.0,Tea,2016-11-25 09:55:08,Morning,Weekday
2010.0,Brownie,2016-11-25 09:55:08,Morning,Weekday
2010.0,Bread,2016-11-25 09:55:08,Morning,Weekday
2011.0,Coffee,2016-11-25 09:57:38,Morning,Weekday
2011.0,Pastry,2016-11-25 09:57:38,Morning,
2012.0,Bread,2016-11-25 09:59:23,Morning,Weekday
2013.0,Coffee,2016-11-25 10:05:26,Morning,Weekday
2013.0,Cake,2016-11-25 10:05:26,Morning,Weekday
2014.0,Coffee,2016-11-25 10:13:08,Morning,Weekday
2014.0,Keeping It Local,2016-11-25 10:13:08,Morning,Weekday
2015.0,Coffee,2016-11-25 10:15:13,Morning,Weekday
2016.0,Bread,2016-11-25 10:28:53,Morning,Weekday
2016.0,Medialuna,2016-11-25 10:28:53,Morning,Weekday
2017.0,Bread,2016-11-25 10:38:18,Morning,Weekday
2017.0,Focaccia,2016-11-25 10:38:18,Morning,Weekday
2018.0,Medialuna,2016-11-25 10:41:02,Morning,Weekday
2018.0,Coffee,2016-11-25 10:41:02,Morning,Weekday
2019.0,Bread,2016-11-25 10:44:12,Morning,Weekday
2020.0,Coffee,2016-11-25 10:49:29,Morning,Weekday
2020.0,Coffee,2016-11-25 10:49:29,Morning,Weekday
2021.0,Coffee,2016-11-25 10:59:16,Morning,Weekday
2022.0,Bread,2016-11-25 11:00:56,Morning,Weekday
2023.0,Farm House,2016-11-25 11:05:09,Morning,Weekday
2024.0,Coffee,2016-11-25 11:06:20,Morning,
2024.0,Pastry,2016-11-25 11:06:20,,Weekday
2025.0,Cookies,2016-11-25 11:39:21,Morning,Weekday
2025.0,Juice,2016-11-25 11:39:21,Morning,Weekday
2025.0,Tea,2016-11-25 11:39:21,Morning,Weekday
2025.0,Alfajores,2016-11-25 11:39:21,,Weekday
2026.0,Coffee,2016-11-25 11:40:12,Morning,Weekday
2026.0,Alfajores,2016-11-25 11:40:12,Morning,Weekday
2027.0,Coffee,2016-11-25 11:48:09,Morning,Weekday
2027.0,Sandwich,2016-11-25 11:48:09,Morning,Weekday
2028.0,Coffee,2016-11-25 12:09:10,Afternoon,Weekday
2029.0,Coffee,2016-11-25 12:10:32,Afternoon,Weekday
2029.0,Coffee,2016-11-25 12:10:32,Afternoon,Weekday
2030.0,Bread,2016-11-25 12:11:20,Afternoon,Weekday
2031.0,Coffee,2016-11-25 12:12:04,Afternoon,Weekday
2031.0,Bread,2016-11-25 12:12:04,Afternoon,Weekday
2033.0,Coffee,,Afternoon,Weekday
2034.0,Tea,2016-11-25 12:27:02,Afternoon,Weekday
2035.0,Sandwich,2016-11-25 12:28:41,Afternoon,Weekday
2035.0,Bread,2016-11-25 12:28:41,Afternoon,Weekday
2036.0,Tea,2016-11-25 12:42:26,Afternoon,Weekday
2036.0,Art Tray,2016-11-25 12:42:26,Afternoon,Weekday
,Bread,2016-11-25 12:44:39,Afternoon,Weekday
2038.0,Coffee,2016-11-25 12:52:56,Afternoon,Weekday
2038.0,Cake,2016-11-25 12:52:56,Afternoon,Weekday
2039.0,Mineral water,2016-11-25 12:55:03,Afternoon,Weekday
2039.0,Coffee,2016-11-25 12:55:03,Afternoon,Weekday
2040.0,Mineral water,2016-11-25 12:56:57,Afternoon,Weekday
2041.0,Tartine,2016-11-25 12:58:15,Afternoon,Weekday
2042.0,Coffee,2016-11-25 13:02:09,Afternoon,Weekday
2043.0,Bread,2016-11-25 13:04:15,Afternoon,Weekday
2043.0,Coffee,2016-11-25 13:04:15,Afternoon,Weekday
2044.0,Bread,2016-11-25 13:07:26,Afternoon,Weekday
2045.0,Hot chocolate,2016-11-25 13:12:29,Afternoon,Weekday
2045.0,Bread,2016-11-25 13:12:29,Afternoon,Weekday
2045.0,Sandwich,2016-11-25 13:12:29,Afternoon,Weekday
2048.0,Juice,2016-11-25 13:38:40,Afternoon,Weekday
2049.0,Bread,2016-11-25 13:40:22,Afternoon,Weekday
2050.0,Mineral water,2016-11-25 13:57:31,Afternoon,Weekday
2051.0,Sandwich,2016-11-25 14:13:06,Afternoon,Weekday
2051.0,Bread,2016-11-25 14:13:06,Afternoon,Weekday
2051.0,Jam,2016-11-25 14:13:06,Afternoon,Weekday
2052.0,Coffee,2016-11-25 14:14:53,Afternoon,Weekday
2052.0,Sandwich,2016-11-25 14:14:53,Afternoon,Weekday
2052.0,Bread,2016-11-25 14:14:53,Afternoon,Weekday
2053.0,Tea,2016-11-25 14:32:37,Afternoon,Weekday
2054.0,Tea,2016-11-25 14:33:06,Afternoon,Weekday
2055.0,Bread,2016-11-25 14:48:17,Afternoon,Weekday
2055.0,Pastry,2016-11-25 14:48:17,Afternoon,Weekday
2057.0,Coffee,2016-11-25 15:31:28,Afternoon,Weekday
2057.0,Tea,2016-11-25 15:31:28,Afternoon,Weekday
2058.0,Bread,2016-11-25 15:31:54,Afternoon,Weekday
2058.0,Brownie,2016-11-25 15:31:54,Afternoon,Weekday
2059.0,Alfajores,2016-11-25 15:53:37,Afternoon,Weekday
2059.0,Alfajores,2016-11-25 15:53:37,Afternoon,Weekday
2059.0,Bread,2016-11-25 15:53:37,Afternoon,Weekday
2061.0,Coffee,2016-11-25 16:02:01,Afternoon,Weekday
2061.0,Medialuna,2016-11-25 16:02:01,Afternoon,Weekday
2062.0,Medialuna,2016-11-25 16:07:57,Afternoon,Weekday
2063.0,Coffee,2016-11-25 16:16:15,Afternoon,Weekday
2063.0,Bread,2016-11-25 16:16:15,Afternoon,Weekday
2063.0,Pastry,2016-11-25 16:16:15,Afternoon,Weekday
2063.0,Medialuna,2016-11-25 16:16:15,Afternoon,Weekday
2065.0,Tea,2016-11-25 17:10:20,Evening,Weekday
2065.0,Alfajores,2016-11-25 17:10:20,Evening,Weekday
2065.0,Cake,2016-11-25 17:10:20,Evening,Weekday
2066.0,Tea,2016-11-25 17:12:09,Evening,Weekday
2066.0,Brownie,2016-11-25 17:12:09,Evening,Weekday
2066.0,Alfajores,2016-11-25 17:12:09,Evening,Weekday
2066.0,Pastry,2016-11-25 17:12:09,Evening,Weekday
2066.0,Bread,2016-11-25 17:12:09,Evening,Weekday
2067.0,Medialuna,2016-11-25 17:15:19,Evening,Weekday
2067.0,Pastry,2016-11-25 17:15:19,Evening,Weekday
2068.0,Brownie,2016-11-25 17:19:52,Evening,Weekday
2069.0,Bread,2016-11-26 08:29:14,Morning,Weekend
2070.0,Coffee,2016-11-26 08:47:27,Morning,Weekend
2071.0,Bread,2016-11-26 08:50:14,Morning,Weekend
2071.0,Coffee,2016-11-26 08:50:14,Morning,Weekend
2071.0,Bread,2016-11-26 08:50:14,Morning,Weekend
2072.0,Bread,2016-11-26 09:03:00,Morning,Weekend
2073.0,Bread,2016-11-26 09:15:06,Morning,Weekend
2073.0,Coffee,2016-11-26 09:15:06,Morning,Weekend
2073.0,Medialuna,2016-11-26 09:15:06,Morning,Weekend
2074.0,Bread,2016-11-26 09:27:29,Morning,Weekend
2075.0,Bread,2016-11-26 09:28:40,Morning,Weekend
2076.0,Pastry,2016-11-26 09:32:45,Morning,Weekend
2077.0,Bread,2016-11-26 09:52:43,Morning,Weekend
2078.0,Farm House,2016-11-26 09:55:05,Morning,Weekend
2079.0,Medialuna,2016-11-26 09:57:45,Morning,Weekend
2079.0,Scandinavian,2016-11-26 09:57:45,Morning,Weekend
2079.0,Coffee,2016-11-26 09:57:45,Morning,Weekend
2080.0,Coffee,2016-11-26 10:05:00,Morning,Weekend
2081.0,Coffee,2016-11-26 10:08:42,,Weekend
2082.0,Bread,2016-11-26 10:18:21,Morning,Weekend
2082.0,Medialuna,2016-11-26 10:18:21,Morning,Weekend
2083.0,Cake,2016-11-26 10:20:35,Morning,Weekend
2084.0,Muffin,2016-11-26 10:22:02,Morning,Weekend
2084.0,Coffee,2016-11-26 10:22:02,Morning,Weekend
2085.0,Bread,2016-11-26 10:23:47,Morning,Weekend
2086.0,Scandinavian,2016-11-26 10:24:26,Morning,Weekend
2087.0,Muffin,2016-11-26 10:27:41,Morning,Weekend
2088.0,Scandinavian,2016-11-26 10:30:16,Morning,Weekend
2089.0,Coffee,2016-11-26 10:31:30,Morning,Weekend
2090.0,Bread,2016-11-26 10:32:22,Morning,Weekend
2091.0,Bread,2016-11-26 10:33:34,Morning,Weekend
2092.0,Coffee,2016-11-26 10:35:00,Morning,Weekend
2092.0,Medialuna,2016-11-26 10:35:00,Morning,Weekend
2093.0,Bread,2016-11-26 10:36:58,Morning,Weekend
2094.0,Medialuna,2016-11-26 10:40:28,Morning,Weekend
2094.0,Bread,2016-11-26 10:40:28,Morning,Weekend
2094.0,Tea,2016-11-26 10:40:28,Morning,Weekend
2094.0,Coffee,2016-11-26 10:40:28,Morning,Weekend
2095.0,Bread,2016-11-26 10:42:19,Morning,Weekend
2096.0,Cake,2016-11-26 10:47:12,Morning,Weekend
2096.0,Muffin,2016-11-26 10:47:12,Morning,Weekend
2096.0,Muffin,2016-11-26 10:47:12,Morning,Weekend
2096.0,Jam,2016-11-26 10:47:12,Morning,Weekend
2097.0,Bread,2016-11-26 10:48:06,Morning,Weekend
2097.0,Pastry,2016-11-26 10:48:06,Morning,Weekend
2098.0,Coffee,2016-11-26 10:51:19,Morning,Weekend
2099.0,Coffee,2016-11-26 10:56:41,Morning,Weekend
2100.0,Scandinavian,2016-11-26 10:57:04,Morning,Weekend
2101.0,Scandinavian,2016-11-26 10:59:13,Morning,Weekend
2102.0,Pastry,2016-11-26 11:01:12,Morning,Weekend
2102.0,Medialuna,2016-11-26 11:01:12,Morning,Weekend
2102.0,Coffee,2016-11-26 11:01:12,Morning,Weekend
2103.0,Medialuna,2016-11-26 11:02:59,Morning,Weekend
2103.0,Pastry,2016-11-26 11:02:59,Morning,Weekend
2103.0,Bread,2016-11-26 11:02:59,Morning,Weekend
2103.0,Coffee,2016-11-26 11:02:59,Morning,Weekend
2104.0,Medialuna,2016-11-26 11:06:13,Morning,
2104.0,Bread,2016-11-26 11:06:13,Morning,Weekend
2105.0,Coffee,2016-11-26 11:15:37,Morning,Weekend
2105.0,Tea,2016-11-26 11:15:37,Morning,Weekend
2105.0,Pastry,2016-11-26 11:15:37,Morning,Weekend
2106.0,Coffee,2016-11-26 11:17:16,,Weekend
2107.0,Juice,2016-11-26 11:27:56,Morning,Weekend
2108.0,Coffee,2016-11-26 11:34:49,Morning,Weekend
2108.0,Coffee,2016-11-26 11:34:49,Morning,Weekend
2109.0,Muffin,2016-11-26 11:39:49,Morning,Weekend
2109.0,Cake,2016-11-26 11:39:49,Morning,Weekend
2109.0,Pastry,2016-11-26 11:39:49,Morning,Weekend
2109.0,Tea,2016-11-26 11:39:49,Morning,Weekend
2109.0,Coffee,2016-11-26 11:39:49,Morning,Weekend
2109.0,Coffee,2016-11-26 11:39:49,Morning,Weekend
2110.0,Hot chocolate,2016-11-26 11:40:55,Morning,Weekend
2111.0,Muffin,2016-11-26 11:47:21,Morning,Weekend
2112.0,Tartine,2016-11-26 11:53:54,Morning,Weekend
2112.0,Juice,2016-11-26 11:53:54,Morning,Weekend
2112.0,Bread,2016-11-26 11:53:54,Morning,Weekend
2112.0,Coffee,2016-11-26 11:53:54,Morning,Weekend
2113.0,Coffee,2016-11-26 11:55:23,Morning,Weekend
2113.0,Fudge,2016-11-26 11:55:23,Morning,Weekend
2114.0,Coffee,2016-11-26 12:00:24,Afternoon,Weekend
2114.0,Bread,2016-11-26 12:00:24,Afternoon,Weekend
2115.0,Bread,2016-11-26 12:13:05,Afternoon,Weekend
2116.0,Coffee,2016-11-26 12:16:32,Afternoon,Weekend
2116.0,Tea,2016-11-26 12:16:32,Afternoon,Weekend
2117.0,Coffee,2016-11-26 12:18:07,Afternoon,Weekend
2117.0,Sandwich,2016-11-26 12:18:07,Afternoon,Weekend
2118.0,Coffee,2016-11-26 12:30:57,Afternoon,Weekend
,Coke,,Afternoon,Weekend
2118.0,Sandwich,2016-11-26 12:30:57,Afternoon,Weekend
2119.0,Scandinavian,2016-11-26 12:33:01,Afternoon,Weekend
2120.0,Tea,2016-11-26 12:33:23,Afternoon,Weekend
2120.0,Muffin,2016-11-26 12:33:23,Afternoon,Weekend
2121.0,Bread,2016-11-26 12:35:13,Afternoon,Weekend
2121.0,Scandinavian,2016-11-26 12:35:13,Afternoon,Weekend
2122.0,Coffee,2016-11-26 12:58:29,Afternoon,Weekend
2122.0,Coffee,2016-11-26 12:58:29,Afternoon,Weekend
2123.0,Coffee,2016-11-26 13:11:47,Afternoon,Weekend
2123.0,The Nomad,2016-11-26 13:11:47,Afternoon,Weekend
2123.0,Tartine,2016-11-26 13:11:47,Afternoon,Weekend
2124.0,Coffee,2016-11-26 13:12:49,Afternoon,Weekend
2124.0,Coffee,2016-11-26 13:12:49,Afternoon,Weekend
2124.0,Sandwich,2016-11-26 13:12:49,Afternoon,Weekend
2125.0,Coffee,2016-11-26 13:13:51,Afternoon,Weekend
2125.0,Alfajores,2016-11-26 13:13:51,Afternoon,Weekend
2126.0,Coffee,2016-11-26 13:17:01,Afternoon,Weekend
2126.0,Tea,2016-11-26 13:17:01,Afternoon,Weekend
2127.0,Scandinavian,2016-11-26 13:20:06,Afternoon,Weekend
2128.0,,2016-11-26 13:21:09,Afternoon,Weekend
2129.0,Mineral water,2016-11-26 13:23:01,Afternoon,Weekend
2130.0,Alfajores,2016-11-26 13:29:41,Afternoon,Weekend
2130.0,Muffin,2016-11-26 13:29:41,Afternoon,Weekend
2130.0,Cake,2016-11-26 13:29:41,Afternoon,Weekend
2131.0,Tea,2016-11-26 13:32:00,Afternoon,Weekend
2132.0,Bread,2016-11-26 13:33:30,Afternoon,Weekend
2133.0,Bread,2016-11-26 13:41:15,Afternoon,Weekend
2134.0,Scandinavian,2016-11-26 13:45:25,Afternoon,Weekend
2135.0,Coffee,2016-11-26 13:57:23,Afternoon,Weekend
2135.0,Bread,2016-11-26 13:57:23,Afternoon,Weekend
2135.0,Sandwich,2016-11-26 13:57:23,Afternoon,Weekend
2136.0,Hot chocolate,2016-11-26 14:09:08,Afternoon,Weekend
2136.0,Tea,2016-11-26 14:09:08,Afternoon,Weekend
2137.0,Muffin,2016-11-26 14:13:58,Afternoon,Weekend
2138.0,Sandwich,2016-11-26 14:14:31,Afternoon,Weekend
2138.0,Coffee,2016-11-26 14:14:31,Afternoon,Weekend
2140.0,Bread,2016-11-26 14:22:18,Afternoon,Weekend
2141.0,Muffin,2016-11-26 14:25:35,Afternoon,Weekend
2141.0,Coffee,2016-11-26 14:25:35,Afternoon,Weekend
2142.0,Coffee,2016-11-26 14:27:39,Afternoon,Weekend
2142.0,Coffee,2016-11-26 14:27:39,Afternoon,Weekend
2142.0,Pastry,2016-11-26 14:27:39,Afternoon,Weekend
2142.0,Cake,2016-11-26 14:27:39,Afternoon,Weekend
2143.0,Tea,2016-11-26 14:29:48,,Weekend
2143.0,Hot chocolate,2016-11-26 14:29:48,Afternoon,Weekend
2143.0,Cookies,2016-11-26 14:29:48,Afternoon,Weekend
2143.0,Cake,2016-11-26 14:29:48,Afternoon,Weekend
2144.0,Cake,2016-11-26 14:38:24,Afternoon,Weekend
2145.0,Sandwich,2016-11-26 14:47:30,Afternoon,Weekend
2145.0,Bread,2016-11-26 14:47:30,Afternoon,Weekend
2146.0,Bakewell,2016-11-26 14:54:40,Afternoon,Weekend
2146.0,Coffee,2016-11-26 14:54:40,Afternoon,Weekend
2147.0,Alfajores,2016-11-26 14:56:01,Afternoon,Weekend
2147.0,Bread,2016-11-26 14:56:01,Afternoon,Weekend
2147.0,Tea,2016-11-26 14:56:01,Afternoon,Weekend
2148.0,Sandwich,2016-11-26 15:31:47,Afternoon,Weekend
2148.0,Medialuna,2016-11-26 15:31:47,Afternoon,
2148.0,Tea,2016-11-26 15:31:47,Afternoon,Weekend
2148.0,Coffee,2016-11-26 15:31:47,Afternoon,Weekend
2149.0,Bread,2016-11-26 15:34:36,Afternoon,Weekend
2149.0,Tea,2016-11-26 15:34:36,Afternoon,Weekend
2149.0,Alfajores,2016-11-26 15:34:36,Afternoon,Weekend
2149.0,Medialuna,2016-11-26 15:34:36,Afternoon,Weekend
2150.0,Bread,2016-11-26 15:44:34,Afternoon,Weekend
2150.0,Muffin,2016-11-26 15:44:34,Afternoon,Weekend
2150.0,Coffee,2016-11-26 15:44:34,Afternoon,Weekend
2151.0,Hot chocolate,2016-11-26 15:46:40,Afternoon,Weekend
2151.0,Bread,2016-11-26 15:46:40,Afternoon,Weekend
2151.0,Muffin,2016-11-26 15:46:40,Afternoon,Weekend
2151.0,Coffee,2016-11-26 15:46:40,Afternoon,Weekend
2151.0,Pastry,2016-11-26 15:46:40,Afternoon,Weekend
2152.0,Tea,2016-11-26 16:07:29,Afternoon,Weekend
2152.0,Alfajores,2016-11-26 16:07:29,Afternoon,Weekend
2153.0,Bakewell,2016-11-26 16:08:28,Afternoon,Weekend
2153.0,Cake,2016-11-26 16:08:28,Afternoon,Weekend
2154.0,Focaccia,2016-11-26 16:19:19,Afternoon,Weekend
2155.0,Tea,2016-11-26 16:34:53,Afternoon,Weekend
2155.0,Pastry,2016-11-26 16:34:53,Afternoon,Weekend
2155.0,Bakewell,2016-11-26 16:34:53,Afternoon,Weekend
2156.0,Alfajores,2016-11-26 16:47:49,Afternoon,Weekend
2156.0,Alfajores,2016-11-26 16:47:49,Afternoon,Weekend
2156.0,Coffee,2016-11-26 16:47:49,Afternoon,Weekend
2156.0,,2016-11-26 16:47:49,Afternoon,Weekend
2156.0,Coffee,2016-11-26 16:47:49,Afternoon,Weekend
2157.0,Coffee,2016-11-26 16:50:05,Afternoon,Weekend
2157.0,Alfajores,2016-11-26 16:50:05,Afternoon,Weekend
2158.0,Coffee,2016-11-27 09:28:07,Morning,Weekend
2158.0,The Nomad,2016-11-27 09:28:07,Morning,Weekend
2158.0,Bread,2016-11-27 09:28:07,Morning,Weekend
2159.0,Coffee,2016-11-27 09:54:36,Morning,Weekend
2160.0,Coffee,2016-11-27 09:58:21,,Weekend
2160.0,Jammie Dodgers,2016-11-27 09:58:21,Morning,Weekend
2160.0,Juice,2016-11-27 09:58:21,Morning,Weekend
2161.0,Medialuna,2016-11-27 09:59:57,Morning,Weekend
2162.0,Coffee,2016-11-27 10:03:29,Morning,Weekend
2162.0,Tea,2016-11-27 10:03:29,Morning,Weekend
2162.0,Juice,2016-11-27 10:03:29,Morning,Weekend
2162.0,Smoothies,2016-11-27 10:03:29,Morning,Weekend
2162.0,Jammie Dodgers,2016-11-27 10:03:29,Morning,Weekend
2162.0,Muffin,2016-11-27 10:03:29,Morning,Weekend
2162.0,Juice,2016-11-27 10:03:29,Morning,Weekend
2162.0,Bakewell,2016-11-27 10:03:29,Morning,Weekend
2163.0,Cake,2016-11-27 10:05:06,Morning,Weekend
2163.0,Pastry,2016-11-27 10:05:06,Morning,Weekend
2164.0,Coffee,2016-11-27 10:08:03,Morning,Weekend
2164.0,Brownie,2016-11-27 10:08:03,,Weekend
2165.0,Juice,2016-11-27 10:10:53,Morning,Weekend
2165.0,Jammie Dodgers,2016-11-27 10:10:53,Morning,Weekend
2166.0,Coffee,2016-11-27 10:23:03,Morning,Weekend
2167.0,Coffee,2016-11-27 10:27:40,Morning,Weekend
2167.0,Bakewell,2016-11-27 10:27:40,Morning,Weekend
2168.0,Bread,2016-11-27 10:34:24,Morning,Weekend
2168.0,Tea,2016-11-27 10:34:24,Morning,Weekend
2168.0,Pastry,2016-11-27 10:34:24,,Weekend
2169.0,Bread,2016-11-27 10:48:12,Morning,Weekend
2169.0,Coffee,2016-11-27 10:48:12,Morning,Weekend
2169.0,Bread,2016-11-27 10:48:12,Morning,Weekend
2169.0,Hot chocolate,2016-11-27 10:48:12,Morning,Weekend
2170.0,Pastry,2016-11-27 10:51:20,Morning,Weekend
2170.0,Coffee,2016-11-27 10:51:20,Morning,Weekend
2170.0,Hot chocolate,2016-11-27 10:51:20,Morning,Weekend
2171.0,Bread,2016-11-27 10:53:06,Morning,Weekend
2171.0,Bread,2016-11-27 10:53:06,Morning,Weekend
2171.0,Coffee,2016-11-27 10:53:06,Morning,Weekend
2172.0,Alfajores,2016-11-27 10:55:20,Morning,Weekend
2172.0,Pastry,2016-11-27 10:55:20,Morning,Weekend
2173.0,Bread,2016-11-27 10:59:57,Morning,Weekend
2174.0,Coffee,2016-11-27 11:02:01,Morning,Weekend
2174.0,Hot chocolate,2016-11-27 11:02:01,Morning,
2174.0,Muffin,2016-11-27 11:02:01,,Weekend
2175.0,Bread,2016-11-27 11:08:29,Morning,Weekend
2175.0,Coffee,2016-11-27 11:08:29,Morning,Weekend
2175.0,Coffee,2016-11-27 11:08:29,Morning,Weekend
2175.0,Smoothies,2016-11-27 11:08:29,Morning,Weekend
2175.0,Pastry,2016-11-27 11:08:29,Morning,Weekend
2176.0,Brownie,2016-11-27 11:14:35,Morning,Weekend
2176.0,Hot chocolate,2016-11-27 11:14:35,Morning,Weekend
2176.0,Coffee,2016-11-27 11:14:35,Morning,Weekend
2177.0,Tartine,2016-11-27 11:17:13,Morning,Weekend
2177.0,Hearty & Seasonal,2016-11-27 11:17:13,Morning,Weekend
2178.0,Fudge,2016-11-27 11:17:32,Morning,Weekend
2179.0,Bread,2016-11-27 11:18:45,Morning,Weekend
2180.0,Coffee,2016-11-27 11:20:08,Morning,Weekend
2181.0,Coffee,2016-11-27 11:21:34,Morning,Weekend
2181.0,Keeping It Local,2016-11-27 11:21:34,Morning,Weekend
2182.0,Coffee,2016-11-27 11:23:45,Morning,Weekend
2182.0,Tea,2016-11-27 11:23:45,Morning,Weekend
2182.0,Medialuna,2016-11-27 11:23:45,Morning,Weekend
2183.0,Medialuna,2016-11-27 11:25:50,Morning,Weekend
2183.0,Jammie Dodgers,2016-11-27 11:25:50,Morning,Weekend
2183.0,Tea,2016-11-27 11:25:50,Morning,Weekend
2183.0,Hot chocolate,2016-11-27 11:25:50,Morning,Weekend
2183.0,Muffin,2016-11-27 11:25:50,Morning,Weekend
2184.0,Coffee,2016-11-27 11:27:36,Morning,Weekend
2185.0,Coffee,2016-11-27 11:28:58,Morning,Weekend
2185.0,Keeping It Local,2016-11-27 11:28:58,Morning,Weekend
2186.0,Coffee,2016-11-27 11:30:29,Morning,Weekend
2186.0,Medialuna,2016-11-27 11:30:29,Morning,Weekend
2186.0,Coffee,2016-11-27 11:30:29,Morning,Weekend
2187.0,Bread,2016-11-27 11:32:05,Morning,Weekend
2187.0,Hot chocolate,2016-11-27 11:32:05,Morning,Weekend
2187.0,Medialuna,2016-11-27 11:32:05,Morning,Weekend
2188.0,Bread,2016-11-27 11:36:20,Morning,Weekend
2189.0,Bread,2016-11-27 11:42:42,Morning,Weekend
2190.0,,2016-11-27 11:49:49,Morning,Weekend
2190.0,Muffin,2016-11-27 11:49:49,Morning,Weekend
2190.0,Brownie,2016-11-27 11:49:49,Morning,Weekend
2190.0,Alfajores,2016-11-27 11:49:49,Morning,Weekend
2190.0,Hot chocolate,2016-11-27 11:49:49,Morning,
2190.0,Coffee,2016-11-27 11:49:49,Morning,Weekend
2190.0,Coffee,2016-11-27 11:49:49,Morning,
2191.0,Pastry,2016-11-27 11:55:11,Morning,Weekend
2192.0,Brownie,2016-11-27 11:59:45,Morning,Weekend
2192.0,Coffee,2016-11-27 11:59:45,Morning,Weekend
2193.0,Jammie Dodgers,2016-11-27 12:15:10,Afternoon,Weekend
2194.0,Coffee,2016-11-27 12:16:44,Afternoon,Weekend
2194.0,Hearty & Seasonal,2016-11-27 12:16:44,Afternoon,Weekend
2195.0,Art Tray,2016-11-27 12:21:01,Afternoon,Weekend
2195.0,Hearty & Seasonal,2016-11-27 12:21:01,Afternoon,Weekend
2195.0,Hearty & Seasonal,2016-11-27 12:21:01,Afternoon,Weekend
2195.0,Tea,2016-11-27 12:21:01,Afternoon,Weekend
2195.0,Coffee,2016-11-27 12:21:01,Afternoon,Weekend
2196.0,Coffee,2016-11-27 12:30:35,Afternoon,Weekend
2196.0,Coffee,2016-11-27 12:30:35,Afternoon,Weekend
2196.0,Coffee,2016-11-27 12:30:35,Afternoon,Weekend
2196.0,Alfajores,2016-11-27 12:30:35,Afternoon,Weekend
2196.0,Brownie,2016-11-27 12:30:35,Afternoon,Weekend
2197.0,Coffee,2016-11-27 12:35:12,Afternoon,Weekend
2197.0,Coffee,2016-11-27 12:35:12,Afternoon,Weekend
2197.0,Medialuna,2016-11-27 12:35:12,Afternoon,Weekend
2197.0,Hearty & Seasonal,2016-11-27 12:35:12,Afternoon,Weekend
2198.0,Coffee,2016-11-27 12:45:08,Afternoon,Weekend
2198.0,Bread,2016-11-27 12:45:08,,Weekend
2198.0,Farm House,2016-11-27 12:45:08,Afternoon,Weekend
2199.0,Farm House,2016-11-27 12:52:30,Afternoon,Weekend
2200.0,Coffee,2016-11-27 12:56:13,Afternoon,Weekend
2200.0,Tea,2016-11-27 12:56:13,Afternoon,Weekend
2200.0,Cake,2016-11-27 12:56:13,Afternoon,Weekend
2201.0,Hearty & Seasonal,2016-11-27 12:58:50,Afternoon,Weekend
2201.0,Tea,2016-11-27 12:58:50,Afternoon,Weekend
2202.0,Hot chocolate,2016-11-27 13:15:14,Afternoon,Weekend
2202.0,Coffee,2016-11-27 13:15:14,Afternoon,Weekend
2202.0,Coffee,2016-11-27 13:15:14,Afternoon,Weekend
2203.0,Bakewell,2016-11-27 13:16:59,Afternoon,Weekend
2203.0,Cake,2016-11-27 13:16:59,Afternoon,Weekend
2204.0,Coffee,2016-11-27 13:38:04,Afternoon,Weekend
2204.0,Hearty & Seasonal,2016-11-27 13:38:04,Afternoon,Weekend
2205.0,Coffee,2016-11-27 13:44:51,Afternoon,Weekend
2205.0,Muffin,2016-11-27 13:44:51,Afternoon,Weekend
2206.0,Cake,2016-11-27 13:46:49,Afternoon,Weekend
2206.0,Brownie,2016-11-27 13:46:49,,Weekend
2207.0,Coffee,2016-11-27 14:00:18,Afternoon,Weekend
2207.0,Coffee,2016-11-27 14:00:18,Afternoon,Weekend
2207.0,Sandwich,2016-11-27 14:00:18,Afternoon,Weekend
2207.0,Bakewell,2016-11-27 14:00:18,Afternoon,Weekend
2207.0,Cookies,2016-11-27 14:00:18,Afternoon,Weekend
2207.0,Art Tray,2016-11-27 14:00:18,Afternoon,Weekend
2208.0,Bakewell,2016-11-27 14:00:58,Afternoon,Weekend
2209.0,,2016-11-27 14:32:49,Afternoon,Weekend
2210.0,Coffee,2016-11-27 14:42:53,Afternoon,Weekend
2210.0,Coffee,2016-11-27 14:42:53,,Weekend
2210.0,Medialuna,2016-11-27 14:42:53,Afternoon,Weekend
2210.0,Cookies,2016-11-27 14:42:53,Afternoon,Weekend
2211.0,Alfajores,2016-11-27 14:45:24,Afternoon,Weekend
2211.0,Cake,2016-11-27 14:45:24,Afternoon,Weekend
2211.0,Coffee,2016-11-27 14:45:24,Afternoon,Weekend
2211.0,Coffee,2016-11-27 14:45:24,Afternoon,Weekend
2212.0,Fudge,2016-11-27 14:46:51,Afternoon,Weekend
2213.0,,2016-11-27 15:37:58,Afternoon,Weekend
2214.0,,2016-11-27 15:43:01,Afternoon,Weekend
2214.0,Bakewell,2016-11-27 15:43:01,Afternoon,Weekend
2214.0,Bread,2016-11-27 15:43:01,Afternoon,Weekend
2214.0,,2016-11-27 15:43:01,Afternoon,Weekend
2215.0,Coffee,2016-11-27 15:51:15,Afternoon,Weekend
2215.0,Tea,2016-11-27 15:51:15,Afternoon,Weekend
2216.0,Coffee,2016-11-27 16:12:22,Afternoon,Weekend
2217.0,Coffee,2016-11-28 07:44:17,Morning,Weekday
2217.0,Bread,2016-11-28 07:44:17,Morning,Weekday
2218.0,Pastry,2016-11-28 07:49:40,Morning,Weekday
2219.0,Bread,2016-11-28 08:14:50,Morning,Weekday
2220.0,Medialuna,2016-11-28 08:38:56,Morning,Weekday
2220.0,Coffee,2016-11-28 08:38:56,Morning,Weekday
2221.0,Coffee,2016-11-28 09:01:37,Morning,Weekday
2222.0,Ella's Kitchen Pouches,2016-11-28 09:14:26,,Weekday
2222.0,Coffee,2016-11-28 09:14:26,Morning,Weekday
2223.0,Coffee,2016-11-28 09:45:33,Morning,Weekday
2223.0,Pastry,2016-11-28 09:45:33,Morning,Weekday
2224.0,Coffee,2016-11-28 09:52:24,Morning,Weekday
2225.0,Coffee,2016-11-28 10:12:36,Morning,Weekday
2225.0,Tartine,2016-11-28 10:12:36,Morning,Weekday
2226.0,Bread,2016-11-28 10:20:40,Morning,Weekday
2227.0,Coffee,2016-11-28 10:35:08,Morning,Weekday
2228.0,Tea,2016-11-28 10:48:46,Morning,Weekday
2228.0,Coffee,2016-11-28 10:48:46,Morning,Weekday
2229.0,Coffee,2016-11-28 10:51:54,Morning,Weekday
2229.0,Coffee,2016-11-28 10:51:54,Morning,Weekday
2229.0,Medialuna,2016-11-28 10:51:54,Morning,Weekday
2229.0,Pastry,2016-11-28 10:51:54,Morning,Weekday
2230.0,Pastry,2016-11-28 11:10:12,Morning,Weekday
2230.0,Coffee,2016-11-28 11:10:12,Morning,Weekday
2231.0,Coffee,2016-11-28 11:11:09,Morning,Weekday
2231.0,Medialuna,2016-11-28 11:11:09,Morning,Weekday
2232.0,Tea,2016-11-28 11:30:39,Morning,Weekday
2232.0,Coffee,2016-11-28 11:30:39,Morning,Weekday
2232.0,Keeping It Local,2016-11-28 11:30:39,Morning,Weekday
2234.0,Pastry,2016-11-28 11:46:52,Morning,Weekday
2234.0,Bread,2016-11-28 11:46:52,Morning,Weekday
2234.0,Cookies,2016-11-28 11:46:52,Morning,Weekday
2234.0,Coffee,2016-11-28 11:46:52,Morning,Weekday
2234.0,Bread,2016-11-28 11:46:52,Morning,Weekday
2235.0,Jam,2016-11-28 12:05:00,Afternoon,Weekday
2235.0,Sandwich,2016-11-28 12:05:00,Afternoon,Weekday
2235.0,Bread,2016-11-28 12:05:00,Afternoon,Weekday
2235.0,Smoothies,2016-11-28 12:05:00,Afternoon,Weekday
2236.0,Bread,2016-11-28 12:06:37,Afternoon,Weekday
2236.0,Cookies,2016-11-28 12:06:37,Afternoon,Weekday
2237.0,Bread,2016-11-28 12:26:23,Afternoon,Weekday
2238.0,Cookies,2016-11-28 12:56:40,Afternoon,Weekday
2238.0,Coffee,2016-11-28 12:56:40,Afternoon,Weekday
2238.0,Coffee,2016-11-28 12:56:40,Afternoon,Weekday
2239.0,,2016-11-28 13:10:23,Afternoon,Weekday
2241.0,Hot chocolate,2016-11-28 13:27:44,Afternoon,Weekday
2242.0,Bread,2016-11-28 13:31:05,Afternoon,Weekday
2242.0,Coffee,2016-11-28 13:31:05,Afternoon,Weekday
2242.0,Bakewell,2016-11-28 13:31:05,Afternoon,Weekday
2242.0,Lemon and coconut,2016-11-28 13:31:05,Afternoon,Weekday
2243.0,Coffee,2016-11-28 13:38:06,Afternoon,Weekday
2244.0,Coffee,2016-11-28 13:58:40,Afternoon,Weekday
2244.0,Coffee,2016-11-28 13:58:40,Afternoon,Weekday
2244.0,Lemon and coconut,2016-11-28 13:58:40,Afternoon,Weekday
2244.0,Sandwich,2016-11-28 13:58:40,Afternoon,Weekday
2245.0,Tea,2016-11-28 14:05:23,Afternoon,Weekday
2246.0,Bread,2016-11-28 14:09:14,Afternoon,Weekday
2246.0,Coffee,2016-11-28 14:09:14,Afternoon,Weekday
2248.0,Bread,2016-11-28 14:48:33,Afternoon,Weekday
2249.0,Bread,2016-11-28 15:08:12,Afternoon,Weekday
2250.0,Coffee,2016-11-28 15:12:14,Afternoon,Weekday
2251.0,Coffee,2016-11-28 15:24:13,Afternoon,Weekday
2251.0,Hot chocolate,2016-11-28 15:24:13,Afternoon,Weekday
2251.0,Pastry,2016-11-28 15:24:13,Afternoon,Weekday
2251.0,Cake,2016-11-28 15:24:13,Afternoon,Weekday
2252.0,Bread,2016-11-28 15:27:36,Afternoon,Weekday
2253.0,Bread,2016-11-28 15:28:16,Afternoon,Weekday
2254.0,Bread,2016-11-28 15:58:23,Afternoon,Weekday
2255.0,Coffee,2016-11-28 16:03:39,Afternoon,Weekday
2255.0,Coffee,2016-11-28 16:03:39,Afternoon,Weekday
2256.0,Bread,2016-11-28 16:14:13,Afternoon,Weekday
2256.0,Tea,2016-11-28 16:14:13,Afternoon,Weekday
2256.0,Lemon and coconut,2016-11-28 16:14:13,Afternoon,Weekday
2256.0,Cake,2016-11-28 16:14:13,Afternoon,Weekday
2257.0,Pastry,2016-11-28 16:19:01,Afternoon,Weekday
2257.0,Medialuna,2016-11-28 16:19:01,Afternoon,Weekday
2257.0,Coffee,2016-11-28 16:19:01,Afternoon,Weekday
2257.0,Tea,2016-11-28 16:19:01,Afternoon,Weekday
2258.0,Bread,2016-11-28 16:25:25,Afternoon,Weekday
2259.0,Tea,2016-11-28 16:45:21,Afternoon,Weekday
2259.0,Coffee,2016-11-28 16:45:21,Afternoon,Weekday
2259.0,Tiffin,2016-11-28 16:45:21,Afternoon,Weekday
2259.0,Cookies,2016-11-28 16:45:21,Afternoon,Weekday
2259.0,Ella's Kitchen Pouches,2016-11-28 16:45:21,Afternoon,Weekday
2260.0,Coffee,2016-11-28 17:17:58,Evening,Weekday
2261.0,Pastry,2016-11-29 08:27:36,Morning,Weekday
2261.0,Pastry,2016-11-29 08:27:36,Morning,Weekday
2262.0,Pastry,2016-11-29 08:58:47,Morning,Weekday
2262.0,Bread,2016-11-29 08:58:47,Morning,Weekday
2262.0,Coffee,2016-11-29 08:58:47,Morning,Weekday
2263.0,Tea,2016-11-29 09:09:09,Morning,Weekday
2263.0,Keeping It Local,2016-11-29 09:09:09,Morning,Weekday
2264.0,Coffee,2016-11-29 09:09:34,Morning,Weekday
2265.0,Coffee,2016-11-29 09:10:16,Morning,Weekday
2265.0,Medialuna,2016-11-29 09:10:16,Morning,Weekday
2266.0,Bread,2016-11-29 09:11:54,Morning,Weekday
2267.0,Keeping It Local,2016-11-29 09:13:47,Morning,Weekday
2267.0,Coffee,2016-11-29 09:13:47,Morning,
2267.0,Coffee,2016-11-29 09:13:47,Morning,Weekday
2268.0,Hot chocolate,2016-11-29 09:19:18,Morning,Weekday
2268.0,Pastry,2016-11-29 09:19:18,Morning,Weekday
2269.0,Bread,2016-11-29 09:25:35,Morning,Weekday
2270.0,Coffee,2016-11-29 09:39:58,Morning,Weekday
2270.0,Tea,2016-11-29 09:39:58,Morning,Weekday
,Bread,2016-11-29 09:41:47,Morning,Weekday
2272.0,Coke,2016-11-29 09:42:10,Morning,Weekday
2273.0,Bread,2016-11-29 10:18:47,Morning,Weekday
2274.0,Bread,2016-11-29 10:19:35,Morning,Weekday
2274.0,Bread,2016-11-29 10:19:35,Morning,Weekday
2275.0,Coffee,2016-11-29 10:42:41,Morning,Weekday
2275.0,Coffee,2016-11-29 10:42:41,Morning,Weekday
2275.0,Medialuna,2016-11-29 10:42:41,Morning,Weekday
2275.0,Pastry,2016-11-29 10:42:41,Morning,Weekday
2276.0,Muffin,2016-11-29 10:43:41,Morning,Weekday
2276.0,Coffee,2016-11-29 10:43:41,Morning,Weekday
2277.0,Coffee,2016-11-29 10:45:02,Morning,Weekday
2277.0,Muffin,2016-11-29 10:45:02,Morning,Weekday
2278.0,Coffee,2016-11-29 10:48:08,Morning,Weekday
2278.0,Bread,2016-11-29 10:48:08,Morning,Weekday
2279.0,Farm House,2016-11-29 10:50:36,Morning,Weekday
2280.0,Muffin,2016-11-29 10:53:21,Morning,Weekday
2280.0,Coffee,2016-11-29 10:53:21,Morning,Weekday
2281.0,Bread,2016-11-29 10:59:58,Morning,Weekday
2281.0,Coffee,2016-11-29 10:59:58,Morning,Weekday
2281.0,Bread,2016-11-29 10:59:58,Morning,Weekday
2282.0,Coffee,2016-11-29 11:02:41,Morning,Weekday
2283.0,Coffee,2016-11-29 11:03:17,Morning,Weekday
2284.0,Scandinavian,2016-11-29 11:26:28,Morning,Weekday
2284.0,Farm House,2016-11-29 11:26:28,Morning,Weekday
2285.0,Coffee,2016-11-29 11:26:39,Morning,Weekday
2286.0,Tea,2016-11-29 11:29:57,Morning,Weekday
2287.0,Coffee,2016-11-29 11:34:50,Morning,Weekday
2287.0,Muffin,2016-11-29 11:34:50,Morning,Weekday
2288.0,Bread,2016-11-29 11:39:26,Morning,Weekday
2289.0,Bread,2016-11-29 11:41:02,Morning,Weekday
2289.0,Scandinavian,2016-11-29 11:41:02,Morning,Weekday
2290.0,Tea,2016-11-29 11:52:57,Morning,Weekday
2291.0,Medialuna,2016-11-29 12:00:52,Afternoon,Weekday
2291.0,Coffee,2016-11-29 12:00:52,Afternoon,Weekday
2294.0,Tea,2016-11-29 12:21:00,Afternoon,Weekday
2295.0,Tea,2016-11-29 12:22:06,Afternoon,Weekday
2295.0,Sandwich,2016-11-29 12:22:06,Afternoon,Weekday
2296.0,Coffee,2016-11-29 12:25:41,Afternoon,Weekday
2296.0,Cake,2016-11-29 12:25:41,Afternoon,Weekday
2297.0,Coffee,2016-11-29 12:27:35,Afternoon,Weekday
2297.0,,2016-11-29 12:27:35,Afternoon,Weekday
2297.0,Muffin,2016-11-29 12:27:35,Afternoon,Weekday
2298.0,Cookies,2016-11-29 12:29:02,,Weekday
2300.0,Tea,2016-11-29 12:41:17,Afternoon,Weekday
2301.0,Sandwich,2016-11-29 13:00:08,Afternoon,Weekday
2302.0,Farm House,2016-11-29 13:06:24,Afternoon,Weekday
2303.0,Cake,2016-11-29 13:39:51,Afternoon,Weekday
2303.0,Sandwich,2016-11-29 13:39:51,Afternoon,Weekday
2304.0,Coffee,2016-11-29 13:50:46,Afternoon,Weekday
2304.0,Hot chocolate,2016-11-29 13:50:46,Afternoon,Weekday
2304.0,Cake,2016-11-29 13:50:46,Afternoon,Weekday
2304.0,Bread,2016-11-29 13:50:46,Afternoon,Weekday
2305.0,Tea,2016-11-29 14:00:01,Afternoon,Weekday
2305.0,Tea,2016-11-29 14:00:01,Afternoon,Weekday
2305.0,Muffin,2016-11-29 14:00:01,Afternoon,Weekday
2307.0,Coffee,2016-11-29 15:13:20,Afternoon,Weekday
2307.0,Tea,2016-11-29 15:13:20,Afternoon,Weekday
2307.0,Bread,2016-11-29 15:13:20,Afternoon,Weekday
2307.0,Fudge,2016-11-29 15:13:20,Afternoon,Weekday
2307.0,Jam,2016-11-29 15:13:20,Afternoon,Weekday
2308.0,Juice,2016-11-29 15:33:44,Afternoon,Weekday
2308.0,Tea,2016-11-29 15:33:44,Afternoon,Weekday
2308.0,Cookies,2016-11-29 15:33:44,Afternoon,Weekday
2309.0,Coffee,2016-11-29 15:34:56,Afternoon,Weekday
2309.0,Bread,2016-11-29 15:34:56,Afternoon,Weekday
2309.0,Cake,2016-11-29 15:34:56,Afternoon,Weekday
2310.0,Coke,2016-11-29 15:44:47,Afternoon,Weekday
2311.0,Tiffin,2016-11-29 15:45:32,Afternoon,Weekday
2311.0,Pastry,2016-11-29 15:45:32,Afternoon,Weekday
2312.0,Alfajores,2016-11-29 15:49:48,Afternoon,Weekday
,Tiffin,2016-11-29 16:02:02,Afternoon,Weekday
2313.0,Coffee,2016-11-29 16:02:02,Afternoon,Weekday
2314.0,Bread,2016-11-29 17:24:19,Evening,Weekday
2315.0,Bread,2016-11-30 08:09:52,Morning,Weekday
2316.0,Medialuna,2016-11-30 08:29:43,Morning,Weekday
2316.0,Bread,2016-11-30 08:29:43,Morning,Weekday
2317.0,Cake,2016-11-30 08:36:31,Morning,Weekday
2317.0,Bread,2016-11-30 08:36:31,Morning,Weekday
2318.0,Bread,2016-11-30 08:36:41,Morning,Weekday
2319.0,Farm House,2016-11-30 09:47:55,Morning,Weekday
2320.0,Medialuna,2016-11-30 10:19:12,Morning,Weekday
2320.0,Pastry,2016-11-30 10:19:12,Morning,Weekday
2321.0,Keeping It Local,2016-11-30 10:41:06,Morning,Weekday
2321.0,Cookies,2016-11-30 10:41:06,Morning,Weekday
2321.0,Coffee,2016-11-30 10:41:06,Morning,Weekday
2322.0,Coffee,2016-11-30 10:47:39,Morning,Weekday
2322.0,Coffee,2016-11-30 10:47:39,Morning,Weekday
2323.0,Coffee,2016-11-30 10:53:59,Morning,Weekday
2323.0,Tea,2016-11-30 10:53:59,Morning,Weekday
2323.0,Hot chocolate,2016-11-30 10:53:59,Morning,Weekday
2324.0,Smoothies,2016-11-30 11:04:30,Morning,Weekday
2325.0,Coffee,2016-11-30 11:05:21,Morning,Weekday
2325.0,Keeping It Local,2016-11-30 11:05:21,Morning,Weekday
2326.0,Coffee,2016-11-30 11:06:28,Morning,Weekday
2327.0,Farm House,2016-11-30 11:06:54,Morning,Weekday
2328.0,Tea,2016-11-30 11:09:16,Morning,Weekday
2328.0,Tea,2016-11-30 11:09:16,Morning,Weekday
2329.0,Bread,2016-11-30 11:14:46,Morning,Weekday
2329.0,Medialuna,2016-11-30 11:14:46,Morning,Weekday
2330.0,,,Morning,Weekday
2330.0,Bread,2016-11-30 11:17:05,Morning,Weekday
2331.0,Coffee,2016-11-30 11:18:23,Morning,Weekday
2331.0,Pastry,2016-11-30 11:18:23,Morning,Weekday
2332.0,Coffee,2016-11-30 11:21:28,,Weekday
2332.0,Keeping It Local,2016-11-30 11:21:28,Morning,Weekday
2333.0,Coffee,2016-11-30 11:21:54,Morning,Weekday
2334.0,Bread,2016-11-30 11:29:56,Morning,Weekday
2335.0,Bread,2016-11-30 11:37:19,Morning,Weekday
2335.0,Cookies,2016-11-30 11:37:19,Morning,Weekday
2337.0,Coffee,2016-11-30 11:38:44,Morning,Weekday
2338.0,Bread,2016-11-30 11:48:55,Morning,Weekday
2339.0,Keeping It Local,2016-11-30 11:56:15,Morning,Weekday
2339.0,Coffee,2016-11-30 11:56:15,Morning,Weekday
2339.0,Fudge,2016-11-30 11:56:15,Morning,Weekday
2339.0,Jam,2016-11-30 11:56:15,Morning,Weekday
2340.0,Tea,2016-11-30 12:08:10,Afternoon,Weekday
2340.0,Hot chocolate,2016-11-30 12:08:10,Afternoon,Weekday
2340.0,Keeping It Local,2016-11-30 12:08:10,Afternoon,Weekday
2340.0,Coffee,2016-11-30 12:08:10,Afternoon,Weekday
2340.0,Art Tray,2016-11-30 12:08:10,Afternoon,Weekday
2341.0,Coffee,2016-11-30 12:12:24,Afternoon,Weekday
2342.0,Coffee,2016-11-30 12:17:28,Afternoon,Weekday
2342.0,Cake,2016-11-30 12:17:28,Afternoon,Weekday
2343.0,Bread,2016-11-30 12:26:51,Afternoon,Weekday
2343.0,Bread,2016-11-30 12:26:51,Afternoon,Weekday
2343.0,Jammie Dodgers,2016-11-30 12:26:51,Afternoon,Weekday
2344.0,Muffin,2016-11-30 12:29:27,Afternoon,Weekday
2344.0,Smoothies,2016-11-30 12:29:27,Afternoon,Weekday
2346.0,Coffee,2016-11-30 12:41:41,Afternoon,Weekday
2346.0,Coffee,2016-11-30 12:41:41,Afternoon,Weekday
2346.0,Jammie Dodgers,2016-11-30 12:41:41,Afternoon,Weekday
2346.0,Cookies,2016-11-30 12:41:41,Afternoon,Weekday
2347.0,Coffee,2016-11-30 13:29:13,Afternoon,Weekday
2347.0,Cake,2016-11-30 13:29:13,Afternoon,Weekday
2347.0,Bread,2016-11-30 13:29:13,Afternoon,Weekday
2348.0,Bread,2016-11-30 13:31:06,Afternoon,Weekday
2348.0,,2016-11-30 13:31:06,Afternoon,
2348.0,Cookies,2016-11-30 13:31:06,Afternoon,Weekday
2350.0,Bread,2016-11-30 13:50:56,Afternoon,Weekday
2351.0,Tea,2016-11-30 14:10:25,Afternoon,Weekday
2352.0,Hot chocolate,2016-11-30 14:33:49,Afternoon,Weekday
2352.0,Bread,2016-11-30 14:33:49,Afternoon,Weekday
2352.0,Alfajores,2016-11-30 14:33:49,Afternoon,Weekday
2353.0,Tea,2016-11-30 14:37:02,Afternoon,Weekday
2354.0,Muffin,2016-11-30 14:50:26,Afternoon,Weekday
2355.0,Sandwich,2016-11-30 15:15:42,Afternoon,Weekday
2355.0,Mineral water,2016-11-30 15:15:42,Afternoon,Weekday
2355.0,Bread,2016-11-30 15:15:42,Afternoon,Weekday
2355.0,Coffee,2016-11-30 15:15:42,,Weekday
2355.0,Alfajores,2016-11-30 15:15:42,Afternoon,Weekday
2355.0,Bread,2016-11-30 15:15:42,Afternoon,Weekday
2356.0,Sandwich,2016-11-30 15:16:37,Afternoon,Weekday
2356.0,Alfajores,2016-11-30 15:16:37,Afternoon,Weekday
2357.0,Coffee,2016-11-30 15:40:15,Afternoon,Weekday
2358.0,Coffee,2016-11-30 15:42:39,Afternoon,Weekday
2358.0,Coffee,2016-11-30 15:42:39,Afternoon,Weekday
2358.0,Muffin,2016-11-30 15:42:39,Afternoon,Weekday
2359.0,Coffee,2016-11-30 15:43:06,Afternoon,Weekday
2359.0,Tiffin,2016-11-30 15:43:06,Afternoon,Weekday
2360.0,Coffee,2016-11-30 15:46:01,Afternoon,Weekday
2360.0,Bread,2016-11-30 15:46:01,Afternoon,Weekday
2361.0,Hot chocolate,2016-11-30 15:50:19,Afternoon,Weekday
2361.0,Cookies,2016-11-30 15:50:19,Afternoon,Weekday
2361.0,Hot chocolate,2016-11-30 15:50:19,Afternoon,Weekday
2362.0,Tea,2016-11-30 16:01:53,Afternoon,Weekday
2363.0,Bread,2016-11-30 16:06:58,Afternoon,Weekday
2363.0,Hot chocolate,2016-11-30 16:06:58,Afternoon,Weekday
2364.0,Hot chocolate,2016-11-30 16:32:08,Afternoon,Weekday
2364.0,Fudge,2016-11-30 16:32:08,Afternoon,Weekday
2365.0,Coffee,2016-11-30 16:43:28,Afternoon,Weekday
2366.0,Coffee,2016-11-30 16:44:09,Afternoon,Weekday
2366.0,Tiffin,2016-11-30 16:44:09,Afternoon,Weekday
,Tiffin,2016-11-30 16:48:04,Afternoon,Weekday
2367.0,Bread,2016-11-30 16:48:04,Afternoon,Weekday
2367.0,Bread,2016-11-30 16:48:04,Afternoon,Weekday
2368.0,Bread,2016-01-12 08:41:55,Morning,Weekday
2369.0,Bread,2016-01-12 09:09:02,Morning,Weekday
2369.0,Pastry,2016-01-12 09:09:02,Morning,Weekday
2369.0,Jam,2016-01-12 09:09:02,Morning,Weekday
2370.0,Hot chocolate,2016-01-12 09:10:07,Morning,Weekday
2371.0,Coffee,2016-01-12 09:47:34,Morning,Weekday
2371.0,Hot chocolate,2016-01-12 09:47:34,Morning,Weekday
2371.0,Pastry,2016-01-12 09:47:34,Morning,Weekday
2371.0,Bread,2016-01-12 09:47:34,Morning,Weekday
2372.0,Pastry,2016-01-12 10:13:39,Morning,Weekday
2372.0,Coffee,2016-01-12 10:13:39,Morning,Weekday
2373.0,Bread,2016-01-12 10:40:18,Morning,Weekday
2373.0,Tea,2016-01-12 10:40:18,Morning,Weekday
2373.0,Muffin,2016-01-12 10:40:18,Morning,Weekday
2373.0,Pastry,2016-01-12 10:40:18,Morning,Weekday
2374.0,Bread,2016-01-12 10:46:43,Morning,Weekday
2374.0,Coffee,2016-01-12 10:46:43,Morning,Weekday
2374.0,Coffee,2016-01-12 10:46:43,Morning,Weekday
2375.0,Coffee,2016-01-12 10:48:45,Morning,Weekday
2375.0,Pastry,2016-01-12 10:48:45,Morning,Weekday
2376.0,Tea,2016-01-12 10:49:40,Morning,Weekday
2377.0,Tea,2016-01-12 10:53:20,Morning,Weekday
2378.0,Tea,2016-01-12 10:54:54,Morning,Weekday
2378.0,The Nomad,2016-01-12 10:54:54,Morning,Weekday
2379.0,Coffee,2016-01-12 11:04:54,Morning,Weekday
,Medialuna,2016-01-12 11:13:54,Morning,Weekday
2381.0,Farm House,2016-01-12 11:22:51,Morning,Weekday
2382.0,Bread,2016-01-12 11:32:51,Morning,Weekday
2383.0,Coffee,2016-01-12 11:44:44,Morning,Weekday
2383.0,Coffee,2016-01-12 11:44:44,Morning,Weekday
,Farm House,2016-01-12 11:45:35,Morning,Weekday
2385.0,Bread,2016-01-12 12:05:24,Afternoon,Weekday
2385.0,Coffee,2016-01-12 12:05:24,Afternoon,Weekday
2385.0,Pastry,2016-01-12 12:05:24,Afternoon,Weekday
2385.0,Keeping It Local,2016-01-12 12:05:24,Afternoon,Weekday
2386.0,Bread,2016-01-12 12:06:05,Afternoon,Weekday
2386.0,Coffee,2016-01-12 12:06:05,Afternoon,Weekday
2387.0,Hearty & Seasonal,2016-01-12 12:10:28,Afternoon,Weekday
2388.0,Bread,2016-01-12 12:23:19,Afternoon,Weekday
2389.0,,2016-01-12 12:38:39,Afternoon,Weekday
2390.0,Scandinavian,2016-01-12 12:50:35,Afternoon,Weekday
2391.0,Bread,2016-01-12 13:08:05,Afternoon,Weekday
2391.0,Alfajores,2016-01-12 13:08:05,Afternoon,Weekday
2391.0,Bread,2016-01-12 13:08:05,Afternoon,Weekday
2392.0,Sandwich,2016-01-12 13:11:44,,Weekday
2392.0,Coke,2016-01-12 13:11:44,Afternoon,Weekday
2392.0,Juice,2016-01-12 13:11:44,Afternoon,Weekday
2392.0,Coffee,2016-01-12 13:11:44,Afternoon,Weekday
2393.0,Farm House,2016-01-12 13:16:00,Afternoon,Weekday
2395.0,Bread,2016-01-12 13:39:24,Afternoon,Weekday
2396.0,Coffee,2016-01-12 13:45:42,Afternoon,Weekday
2396.0,Medialuna,2016-01-12 13:45:42,Afternoon,Weekday
2397.0,Pastry,2016-01-12 13:54:25,Afternoon,Weekday
2397.0,Bread,2016-01-12 13:54:25,Afternoon,Weekday
2397.0,Coffee,2016-01-12 13:54:25,Afternoon,Weekday
2398.0,Sandwich,2016-01-12 13:56:13,Afternoon,Weekday
2398.0,Coffee,2016-01-12 13:56:13,Afternoon,Weekday
2399.0,Bread,2016-01-12 14:00:28,Afternoon,Weekday
2400.0,Muffin,2016-01-12 14:05:58,Afternoon,Weekday
2400.0,Bread,2016-01-12 14:05:58,Afternoon,Weekday
2401.0,Coffee,2016-01-12 14:09:04,Afternoon,Weekday
2402.0,Coffee,2016-01-12 14:25:13,Afternoon,Weekday
2402.0,Muffin,2016-01-12 14:25:13,Afternoon,Weekday
2403.0,Coffee,2016-01-12 14:26:38,Afternoon,Weekday
2404.0,Fudge,2016-01-12 14:29:44,Afternoon,Weekday
2404.0,Spread,2016-01-12 14:29:44,Afternoon,Weekday
2406.0,Bread,2016-01-12 14:32:07,Afternoon,Weekday
2407.0,Coffee,2016-01-12 14:40:47,Afternoon,Weekday
2407.0,Pastry,2016-01-12 14:40:47,Afternoon,Weekday
2407.0,Bread,2016-01-12 14:40:47,Afternoon,Weekday
2408.0,Coffee,2016-01-12 14:54:33,Afternoon,Weekday
2408.0,Cake,2016-01-12 14:54:33,Afternoon,Weekday
2409.0,Coffee,2016-01-12 14:57:02,Afternoon,Weekday
2410.0,Bread,2016-01-12 15:07:05,Afternoon,Weekday
2412.0,Tea,2016-01-12 15:25:36,Afternoon,Weekday
2413.0,Coffee,2016-01-12 15:41:58,Afternoon,Weekday
2414.0,Hot chocolate,2016-01-12 16:04:30,Afternoon,Weekday
2414.0,Coffee,2016-01-12 16:04:30,Afternoon,Weekday
2414.0,Cake,2016-01-12 16:04:30,Afternoon,Weekday
2415.0,Tea,2016-01-12 16:26:13,Afternoon,Weekday
2415.0,Bread,2016-01-12 16:26:13,Afternoon,Weekday
2416.0,Cake,2016-01-12 17:30:41,Evening,Weekday
2417.0,,2016-01-12 17:35:58,Evening,Weekday
2418.0,Coffee,2016-02-12 08:17:26,Morning,Weekday
2418.0,Pastry,2016-02-12 08:17:26,Morning,Weekday
2419.0,Coffee,2016-02-12 08:28:14,Morning,Weekday
2420.0,Coffee,2016-02-12 08:31:42,Morning,Weekday
2421.0,Bread,2016-02-12 08:36:55,Morning,Weekday
2422.0,Coffee,2016-02-12 08:54:09,Morning,Weekday
2422.0,Cake,2016-02-12 08:54:09,Morning,Weekday
2423.0,Bread,2016-02-12 08:59:08,Morning,Weekday
2424.0,Coffee,2016-02-12 09:08:59,Morning,Weekday
2425.0,Coffee,2016-02-12 09:10:00,Morning,Weekday
2426.0,Tea,2016-02-12 09:11:28,Morning,Weekday
2427.0,Keeping It Local,2016-02-12 09:16:46,Morning,Weekday
2427.0,Coffee,2016-02-12 09:16:46,Morning,Weekday
2428.0,Sandwich,2016-02-12 09:19:46,Morning,Weekday
2428.0,Tea,2016-02-12 09:19:46,Morning,Weekday
2429.0,Coffee,2016-02-12 09:20:31,Morning,Weekday
2430.0,Coffee,2016-02-12 09:22:48,Morning,Weekday
2430.0,Coffee,2016-02-12 09:22:48,Morning,Weekday
2431.0,Coffee,2016-02-12 09:24:14,Morning,Weekday
2432.0,Bread,2016-02-12 09:30:19,Morning,Weekday
2433.0,Tea,2016-02-12 09:42:36,Morning,Weekday
2433.0,Bread,2016-02-12 09:42:36,Morning,Weekday
2434.0,Pastry,2016-02-12 09:43:03,Morning,Weekday
2434.0,Coffee,2016-02-12 09:43:03,Morning,Weekday
2435.0,Coffee,2016-02-12 09:59:58,Morning,Weekday
2435.0,Bread,2016-02-12 09:59:58,Morning,Weekday
2435.0,Pastry,2016-02-12 09:59:58,Morning,Weekday
2436.0,Coffee,2016-02-12 10:18:44,Morning,Weekday
2436.0,Medialuna,2016-02-12 10:18:44,Morning,Weekday
2437.0,Tea,2016-02-12 10:25:04,Morning,Weekday
2437.0,Coffee,2016-02-12 10:25:04,Morning,Weekday
2438.0,Bread,2016-02-12 10:35:22,Morning,Weekday
2439.0,Coffee,2016-02-12 10:36:35,Morning,Weekday
2440.0,Coffee,2016-02-12 10:38:59,Morning,Weekday
2440.0,Coffee,2016-02-12 10:38:59,Morning,Weekday
2440.0,Medialuna,2016-02-12 10:38:59,,Weekday
2440.0,Pastry,2016-02-12 10:38:59,Morning,Weekday
2440.0,Cookies,2016-02-12 10:38:59,Morning,Weekday
2441.0,Bread,2016-02-12 10:41:47,Morning,Weekday
2441.0,Cake,2016-02-12 10:41:47,Morning,Weekday
2442.0,Bread,2016-02-12 11:00:14,Morning,Weekday
2442.0,Coffee,2016-02-12 11:00:14,Morning,Weekday
2443.0,Bread,2016-02-12 11:04:33,Morning,Weekday
2444.0,Coffee,2016-02-12 11:14:50,Morning,Weekday
2445.0,Toast,2016-02-12 11:22:47,Morning,Weekday
2446.0,Hot chocolate,2016-02-12 11:25:58,Morning,Weekday
2446.0,Hot chocolate,2016-02-12 11:25:58,Morning,Weekday
2447.0,Fudge,2016-02-12 11:32:37,Morning,Weekday
2447.0,Scandinavian,2016-02-12 11:32:37,Morning,Weekday
2448.0,Medialuna,2016-02-12 12:05:55,Afternoon,Weekday
2448.0,Coffee,2016-02-12 12:05:55,Afternoon,Weekday
2449.0,Coffee,2016-02-12 12:24:09,Afternoon,Weekday
2449.0,Pastry,2016-02-12 12:24:09,Afternoon,Weekday
2450.0,Coffee,2016-02-12 12:37:46,Afternoon,Weekday
2450.0,Medialuna,2016-02-12 12:37:46,Afternoon,Weekday
2450.0,Cake,2016-02-12 12:37:46,Afternoon,Weekday
2451.0,Sandwich,2016-02-12 12:52:32,Afternoon,Weekday
2451.0,Farm House,2016-02-12 12:52:32,Afternoon,Weekday
,Fudge,2016-02-12 12:52:32,Afternoon,Weekday
2452.0,Sandwich,2016-02-12 12:59:29,Afternoon,Weekday
2452.0,Scone,2016-02-12 12:59:29,Afternoon,Weekday
2453.0,Sandwich,2016-02-12 13:01:00,Afternoon,Weekday
2453.0,Bread,2016-02-12 13:01:00,Afternoon,Weekday
2454.0,Sandwich,2016-02-12 13:02:08,Afternoon,Weekday
2457.0,Coffee,2016-02-12 13:06:05,Afternoon,Weekday
2458.0,Sandwich,2016-02-12 13:18:20,Afternoon,Weekday
2458.0,Sandwich,2016-02-12 13:18:20,Afternoon,Weekday
2458.0,Bread,2016-02-12 13:18:20,Afternoon,Weekday
2459.0,Sandwich,2016-02-12 13:21:28,Afternoon,Weekday
2459.0,Coke,2016-02-12 13:21:28,Afternoon,Weekday
2460.0,Sandwich,2016-02-12 13:22:16,Afternoon,Weekday
2460.0,Coke,2016-02-12 13:22:16,Afternoon,Weekday
2461.0,Sandwich,2016-02-12 13:24:26,Afternoon,Weekday
2462.0,Sandwich,2016-02-12 13:35:49,Afternoon,Weekday
2462.0,Scone,2016-02-12 13:35:49,Afternoon,Weekday
2463.0,Hot chocolate,2016-02-12 13:37:59,Afternoon,Weekday
2464.0,Coffee,2016-02-12 13:40:42,Afternoon,Weekday
2464.0,Muffin,2016-02-12 13:40:42,Afternoon,Weekday
2466.0,Bread,2016-02-12 13:57:23,Afternoon,Weekday
2467.0,Bread,2016-02-12 14:01:58,Afternoon,Weekday
2468.0,Bread,2016-02-12 14:05:12,Afternoon,Weekday
2469.0,Coffee,2016-02-12 14:08:33,,Weekday
2469.0,Alfajores,,Afternoon,Weekday
2470.0,Bread,2016-02-12 14:30:37,Afternoon,Weekday
2470.0,Sandwich,2016-02-12 14:30:37,Afternoon,Weekday
2471.0,Bread,2016-02-12 14:45:29,Afternoon,Weekday
2471.0,Scone,2016-02-12 14:45:29,Afternoon,Weekday
,Coffee,2016-02-12 14:47:03,Afternoon,Weekday
2472.0,Medialuna,2016-02-12 14:47:03,Afternoon,Weekday
2473.0,Cake,2016-02-12 14:48:29,Afternoon,Weekday
2474.0,Truffles,2016-02-12 15:26:21,Afternoon,Weekday
2475.0,Cake,2016-02-12 15:33:04,Afternoon,Weekday
2475.0,Coffee,2016-02-12 15:33:04,Afternoon,Weekday
2476.0,Scone,2016-02-12 15:42:05,Afternoon,Weekday
2477.0,Scone,2016-02-12 15:52:51,Afternoon,Weekday
2477.0,Hot chocolate,2016-02-12 15:52:51,Afternoon,Weekday
2477.0,Mineral water,2016-02-12 15:52:51,Afternoon,Weekday
2477.0,Cookies,2016-02-12 15:52:51,Afternoon,Weekday
2478.0,Coffee,2016-02-12 15:55:18,Afternoon,Weekday
2478.0,Tea,2016-02-12 15:55:18,Afternoon,Weekday
2478.0,Scone,2016-02-12 15:55:18,Afternoon,Weekday
2479.0,Bread,2016-02-12 15:55:39,Afternoon,Weekday
2481.0,Coffee,2016-02-12 16:51:43,Afternoon,Weekday
2482.0,Bread,2016-02-12 18:09:38,Evening,Weekday
2486.0,Jam,2016-03-12 08:30:02,Morning,Weekend
2486.0,Bread,2016-03-12 08:30:02,Morning,Weekend
2486.0,Scandinavian,2016-03-12 08:30:02,Morning,Weekend
2487.0,Bread,2016-03-12 09:14:38,Morning,Weekend
2487.0,Bread,2016-03-12 09:14:38,Morning,Weekend
2487.0,Scandinavian,2016-03-12 09:14:38,Morning,Weekend
2488.0,Coffee,2016-03-12 09:33:13,Morning,Weekend
2488.0,Medialuna,2016-03-12 09:33:13,Morning,Weekend
2489.0,Pastry,2016-03-12 09:35:23,Morning,Weekend
2489.0,Bread,2016-03-12 09:35:23,Morning,Weekend
2490.0,Bread,2016-03-12 09:39:27,Morning,Weekend
2491.0,Farm House,2016-03-12 09:43:05,Morning,Weekend
2492.0,Scone,2016-03-12 09:45:51,Morning,Weekend
2492.0,Hot chocolate,2016-03-12 09:45:51,Morning,Weekend
2492.0,Coffee,2016-03-12 09:45:51,Morning,Weekend
2492.0,Coffee,2016-03-12 09:45:51,Morning,Weekend
2493.0,Farm House,2016-03-12 09:54:59,Morning,Weekend
2493.0,Pastry,2016-03-12 09:54:59,Morning,Weekend
2493.0,Medialuna,2016-03-12 09:54:59,Morning,Weekend
2493.0,Hot chocolate,2016-03-12 09:54:59,Morning,Weekend
2493.0,Coffee,2016-03-12 09:54:59,Morning,Weekend
2494.0,Bread,2016-03-12 09:57:25,Morning,Weekend
2495.0,Bread,2016-03-12 10:01:51,Morning,Weekend
2495.0,Bread,2016-03-12 10:01:51,Morning,Weekend
2495.0,Coffee,2016-03-12 10:01:51,Morning,Weekend
2496.0,Coffee,2016-03-12 10:03:48,Morning,Weekend
2496.0,Scandinavian,2016-03-12 10:03:48,,Weekend
2497.0,Bread,2016-03-12 10:06:01,Morning,Weekend
2498.0,Coffee,2016-03-12 10:07:11,Morning,Weekend
2498.0,Medialuna,2016-03-12 10:07:11,Morning,Weekend
2498.0,Pastry,2016-03-12 10:07:11,Morning,Weekend
2499.0,Bread,2016-03-12 10:08:42,Morning,Weekend
2499.0,Scandinavian,2016-03-12 10:08:42,Morning,Weekend
2500.0,Coffee,2016-03-12 10:10:27,Morning,Weekend
2500.0,Scone,2016-03-12 10:10:27,Morning,Weekend
2501.0,Coffee,2016-03-12 10:12:03,Morning,Weekend
2502.0,Bread,,Morning,Weekend
2503.0,Bread,2016-03-12 10:38:35,Morning,Weekend
,Pastry,2016-03-12 10:38:35,Morning,Weekend
2504.0,Coffee,2016-03-12 10:45:49,Morning,Weekend
,Bread,2016-03-12 10:45:49,Morning,Weekend
2505.0,Bread,2016-03-12 10:49:34,Morning,Weekend
2506.0,Bread,2016-03-12 10:53:37,Morning,Weekend
2507.0,Coffee,2016-03-12 10:58:48,Morning,Weekend
2508.0,Coffee,2016-03-12 11:03:15,Morning,Weekend
2508.0,Scone,2016-03-12 11:03:15,Morning,Weekend
2509.0,Cake,2016-03-12 11:04:20,Morning,Weekend
2510.0,Coffee,2016-03-12 11:05:06,Morning,Weekend
2511.0,Bread,2016-03-12 11:08:53,Morning,Weekend
2511.0,Fudge,2016-03-12 11:08:53,Morning,Weekend
2512.0,Medialuna,2016-03-12 11:16:59,Morning,Weekend
2512.0,Bread,2016-03-12 11:16:59,Morning,Weekend
2512.0,Farm House,2016-03-12 11:16:59,Morning,Weekend
2513.0,Muffin,2016-03-12 11:18:34,Morning,Weekend
2513.0,Scone,2016-03-12 11:18:34,Morning,Weekend
2514.0,Coffee,2016-03-12 11:20:05,Morning,Weekend
2515.0,Coffee,2016-03-12 11:21:47,Morning,Weekend
2515.0,Alfajores,2016-03-12 11:21:47,,Weekend
2515.0,Scone,2016-03-12 11:21:47,Morning,Weekend
2516.0,Coffee,2016-03-12 11:22:33,Morning,Weekend
2517.0,Tea,2016-03-12 11:23:10,Morning,Weekend
2517.0,Scone,2016-03-12 11:23:10,Morning,Weekend
2518.0,Juice,2016-03-12 11:27:40,Morning,Weekend
2518.0,Tea,2016-03-12 11:27:40,Morning,Weekend
2518.0,Cake,2016-03-12 11:27:40,Morning,Weekend
2519.0,Coffee,2016-03-12 11:30:42,Morning,Weekend
2519.0,Tartine,2016-03-12 11:30:42,Morning,Weekend
2519.0,Fudge,2016-03-12 11:30:42,Morning,Weekend
2519.0,Jam,2016-03-12 11:30:42,Morning,Weekend
2520.0,Bread,2016-03-12 11:31:42,Morning,Weekend
2521.0,Coffee,2016-03-12 11:38:50,Morning,Weekend
2521.0,Medialuna,2016-03-12 11:38:50,Morning,Weekend
2522.0,Tea,2016-03-12 11:41:44,Morning,Weekend
2522.0,Bread,2016-03-12 11:41:44,Morning,Weekend
2522.0,Bread,2016-03-12 11:41:44,Morning,Weekend
2523.0,Coke,2016-03-12 11:45:39,Morning,Weekend
2524.0,Coffee,2016-03-12 11:50:58,Morning,Weekend
2524.0,Medialuna,2016-03-12 11:50:58,Morning,Weekend
2525.0,Bread,2016-03-12 11:58:05,Morning,Weekend
2526.0,Truffles,2016-03-12 12:24:36,Afternoon,Weekend
2526.0,Bread,2016-03-12 12:24:36,Afternoon,Weekend
2527.0,Coffee,2016-03-12 12:34:55,Afternoon,Weekend
2527.0,Bread,2016-03-12 12:34:55,Afternoon,Weekend
2527.0,Tea,2016-03-12 12:34:55,Afternoon,Weekend
2527.0,Pastry,2016-03-12 12:34:55,Afternoon,Weekend
2527.0,Cake,2016-03-12 12:34:55,Afternoon,Weekend
2528.0,Sandwich,2016-03-12 12:43:56,Afternoon,Weekend
2529.0,Hot chocolate,2016-03-12 12:45:38,Afternoon,Weekend
2530.0,Coffee,2016-03-12 12:47:27,Afternoon,Weekend
2530.0,Sandwich,2016-03-12 12:47:27,Afternoon,Weekend
2530.0,Sandwich,2016-03-12 12:47:27,Afternoon,Weekend
2532.0,Sandwich,2016-03-12 12:50:18,Afternoon,Weekend
2532.0,Tea,2016-03-12 12:50:18,Afternoon,Weekend
2532.0,Coffee,2016-03-12 12:50:18,Afternoon,Weekend
2533.0,Coffee,2016-03-12 12:55:50,Afternoon,Weekend
2533.0,Scone,2016-03-12 12:55:50,Afternoon,Weekend
2534.0,Cake,2016-03-12 12:56:54,Afternoon,Weekend
2535.0,Bread,2016-03-12 13:10:18,Afternoon,Weekend
2535.0,Cookies,2016-03-12 13:10:18,Afternoon,Weekend
2536.0,Coffee,2016-03-12 13:17:24,Afternoon,Weekend
2536.0,Sandwich,2016-03-12 13:17:24,Afternoon,Weekend
2537.0,Cake,2016-03-12 13:18:39,Afternoon,Weekend
2537.0,Scone,2016-03-12 13:18:39,Afternoon,Weekend
2537.0,Coffee,2016-03-12 13:18:39,Afternoon,Weekend
2538.0,Mineral water,2016-03-12 13:21:46,Afternoon,Weekend
2538.0,Bread,2016-03-12 13:21:46,Afternoon,Weekend
2539.0,Coffee,2016-03-12 13:26:21,,Weekend
2539.0,Bread,2016-03-12 13:26:21,Afternoon,Weekend
2540.0,Muffin,2016-03-12 13:28:12,Afternoon,Weekend
2540.0,Cake,2016-03-12 13:28:12,Afternoon,Weekend
2540.0,Scone,2016-03-12 13:28:12,Afternoon,Weekend
2541.0,Tea,2016-03-12 13:38:21,Afternoon,Weekend
2541.0,Scone,2016-03-12 13:38:21,Afternoon,Weekend
2543.0,Muffin,2016-03-12 13:45:20,Afternoon,Weekend
2543.0,Pastry,2016-03-12 13:45:20,Afternoon,Weekend
2545.0,Muffin,2016-03-12 13:53:32,Afternoon,Weekend
2545.0,Cake,2016-03-12 13:53:32,Afternoon,Weekend
2545.0,Coffee,2016-03-12 13:53:32,Afternoon,Weekend
2545.0,Coffee,2016-03-12 13:53:32,Afternoon,Weekend
2546.0,Cake,2016-03-12 14:03:00,Afternoon,Weekend
2547.0,Tea,2016-03-12 14:05:50,Afternoon,Weekend
2547.0,Bread,2016-03-12 14:05:50,Afternoon,Weekend
2547.0,Scone,2016-03-12 14:05:50,Afternoon,Weekend
2547.0,Cake,2016-03-12 14:05:50,Afternoon,Weekend
2548.0,Coffee,2016-03-12 14:07:07,Afternoon,Weekend
2548.0,Medialuna,2016-03-12 14:07:07,Afternoon,Weekend
2549.0,Jam,2016-03-12 14:12:03,Afternoon,Weekend
2549.0,Fudge,2016-03-12 14:12:03,Afternoon,Weekend
2550.0,Scone,2016-03-12 14:13:40,Afternoon,Weekend
2550.0,Pastry,2016-03-12 14:13:40,Afternoon,Weekend
2551.0,Fudge,2016-03-12 14:21:31,Afternoon,Weekend
2551.0,Hot chocolate,2016-03-12 14:21:31,Afternoon,Weekend
2552.0,Cake,2016-03-12 14:28:06,Afternoon,Weekend
2552.0,Sandwich,2016-03-12 14:28:06,Afternoon,Weekend
2552.0,Sandwich,2016-03-12 14:28:06,Afternoon,Weekend
2552.0,Juice,2016-03-12 14:28:06,Afternoon,Weekend
2552.0,Coffee,2016-03-12 14:28:06,Afternoon,Weekend
2552.0,Coffee,2016-03-12 14:28:06,Afternoon,Weekend
2552.0,Sandwich,2016-03-12 14:28:06,Afternoon,Weekend
2553.0,Bread,2016-03-12 14:29:01,Afternoon,Weekend
2554.0,Juice,2016-03-12 14:34:31,Afternoon,Weekend
2554.0,Coffee,2016-03-12 14:34:31,Afternoon,Weekend
2554.0,Coffee,2016-03-12 14:34:31,Afternoon,Weekend
2555.0,Scone,2016-03-12 14:37:36,Afternoon,Weekend
2555.0,Bread,2016-03-12 14:37:36,Afternoon,Weekend
2555.0,Coffee,2016-03-12 14:37:36,Afternoon,Weekend
2555.0,Hot chocolate,2016-03-12 14:37:36,Afternoon,Weekend
2556.0,Coffee,2016-03-12 14:41:34,Afternoon,Weekend
2556.0,Scone,2016-03-12 14:41:34,Afternoon,Weekend
2556.0,Muffin,2016-03-12 14:41:34,Afternoon,Weekend
2556.0,Hot chocolate,2016-03-12 14:41:34,Afternoon,Weekend
2557.0,Bread,2016-03-12 14:47:21,Afternoon,Weekend
2558.0,Medialuna,2016-03-12 14:50:38,Afternoon,Weekend
2559.0,Cake,2016-03-12 14:55:47,Afternoon,Weekend
2559.0,Alfajores,2016-03-12 14:55:47,Afternoon,Weekend
2560.0,Hot chocolate,2016-03-12 14:57:53,Afternoon,Weekend
2561.0,Coffee,2016-03-12 15:17:19,Afternoon,Weekend
2561.0,Coffee,2016-03-12 15:17:19,Afternoon,Weekend
2562.0,Coffee,2016-03-12 15:25:53,Afternoon,Weekend
2563.0,Coffee,2016-03-12 15:37:11,Afternoon,Weekend
2563.0,Tea,2016-03-12 15:37:11,Afternoon,Weekend
2564.0,Jam,2016-03-12 15:39:35,Afternoon,Weekend
2564.0,Cake,2016-03-12 15:39:35,Afternoon,Weekend
2564.0,Bread,2016-03-12 15:39:35,Afternoon,Weekend
2564.0,Coffee,2016-03-12 15:39:35,Afternoon,Weekend
2565.0,Coffee,2016-03-12 15:42:03,Afternoon,Weekend
,Tea,2016-03-12 15:43:10,Afternoon,Weekend
2566.0,Scone,2016-03-12 15:43:10,Afternoon,Weekend
2567.0,Bread,2016-03-12 15:45:44,Afternoon,Weekend
2568.0,Bread,2016-03-12 15:46:28,Afternoon,Weekend
2569.0,Smoothies,2016-03-12 15:48:43,Afternoon,Weekend
2569.0,,2016-03-12 15:48:43,Afternoon,Weekend
2569.0,Hot chocolate,2016-03-12 15:48:43,Afternoon,Weekend
2569.0,Toast,2016-03-12 15:48:43,Afternoon,Weekend
2570.0,Alfajores,2016-03-12 15:50:17,Afternoon,Weekend
2570.0,Muffin,2016-03-12 15:50:17,Afternoon,Weekend
2570.0,Medialuna,2016-03-12 15:50:17,Afternoon,Weekend
2571.0,Bread,2016-03-12 16:03:05,Afternoon,Weekend
2571.0,Coffee,2016-03-12 16:03:05,Afternoon,Weekend
2571.0,Scone,2016-03-12 16:03:05,Afternoon,Weekend
2572.0,Tea,2016-03-12 16:08:31,Afternoon,Weekend
2572.0,Juice,2016-03-12 16:08:31,Afternoon,
,Coffee,2016-03-12 16:13:03,Afternoon,Weekend
2573.0,Coffee,2016-03-12 16:13:03,Afternoon,Weekend
2573.0,Bread,2016-03-12 16:13:03,Afternoon,Weekend
2574.0,Pastry,2016-03-12 16:16:00,Afternoon,Weekend
2575.0,Bread,2016-03-12 16:22:47,Afternoon,Weekend
2575.0,Tea,2016-03-12 16:22:47,Afternoon,Weekend
2575.0,Pastry,2016-03-12 16:22:47,Afternoon,Weekend
2576.0,Coffee,2016-03-12 16:37:59,Afternoon,Weekend
2576.0,Medialuna,2016-03-12 16:37:59,Afternoon,Weekend
,Coffee,2016-04-12 09:23:12,Morning,Weekend
2577.0,Medialuna,2016-04-12 09:23:12,Morning,Weekend
2578.0,Bread,2016-04-12 09:25:28,Morning,Weekend
2579.0,Pastry,2016-04-12 10:13:39,Morning,Weekend
2579.0,Bread,2016-04-12 10:13:39,Morning,Weekend
2580.0,Bread,2016-04-12 10:14:25,Morning,Weekend
2580.0,Toast,2016-04-12 10:14:25,Morning,Weekend
2581.0,Bread,2016-04-12 10:33:49,Morning,Weekend
2581.0,Medialuna,2016-04-12 10:33:49,Morning,Weekend
2581.0,Toast,2016-04-12 10:33:49,Morning,Weekend
2582.0,Coffee,2016-04-12 10:48:04,Morning,Weekend
2582.0,Scone,2016-04-12 10:48:04,Morning,Weekend
2582.0,Pastry,2016-04-12 10:48:04,Morning,Weekend
2583.0,Coffee,2016-04-12 10:51:32,Morning,Weekend
2583.0,Tea,2016-04-12 10:51:32,Morning,Weekend
2583.0,Muffin,2016-04-12 10:51:32,Morning,Weekend
2583.0,Muffin,2016-04-12 10:51:32,Morning,Weekend
2584.0,Coffee,2016-04-12 10:52:25,Morning,Weekend
2584.0,Toast,2016-04-12 10:52:25,Morning,Weekend
2585.0,Coffee,2016-04-12 10:54:15,Morning,Weekend
2585.0,Coffee,2016-04-12 10:54:15,Morning,Weekend
2585.0,Medialuna,2016-04-12 10:54:15,Morning,Weekend
2585.0,Pastry,2016-04-12 10:54:15,Morning,Weekend
,Bread,2016-04-12 11:07:33,Morning,Weekend
2586.0,Ella's Kitchen Pouches,2016-04-12 11:07:33,Morning,Weekend
2587.0,Coffee,2016-04-12 11:24:07,Morning,Weekend
2587.0,Toast,2016-04-12 11:24:07,Morning,Weekend
2588.0,Bread,2016-04-12 11:35:33,Morning,Weekend
2588.0,Medialuna,2016-04-12 11:35:33,Morning,Weekend
2589.0,Hot chocolate,2016-04-12 11:47:49,Morning,Weekend
2589.0,Tea,2016-04-12 11:47:49,Morning,Weekend
2590.0,Bread,2016-04-12 11:49:23,Morning,Weekend
2590.0,Muffin,2016-04-12 11:49:23,Morning,Weekend
2591.0,Coffee,2016-04-12 11:53:20,Morning,Weekend
2591.0,Bread,2016-04-12 11:53:20,,Weekend
2591.0,Coffee,2016-04-12 11:53:20,Morning,
2592.0,Farm House,2016-04-12 11:56:26,Morning,Weekend
2593.0,Coffee,2016-04-12 11:57:49,Morning,Weekend
2593.0,Coffee,2016-04-12 11:57:49,Morning,Weekend
2594.0,Bread,2016-04-12 12:04:19,Afternoon,Weekend
2594.0,Alfajores,2016-04-12 12:04:19,Afternoon,Weekend
2594.0,Cookies,2016-04-12 12:04:19,Afternoon,Weekend
2595.0,Coffee,2016-04-12 12:06:34,Afternoon,Weekend
,Medialuna,2016-04-12 12:06:34,Afternoon,Weekend
2595.0,Pastry,2016-04-12 12:06:34,Afternoon,Weekend
2595.0,Alfajores,2016-04-12 12:06:34,Afternoon,Weekend
2596.0,Bread,2016-04-12 12:13:06,Afternoon,Weekend
2596.0,Coffee,2016-04-12 12:13:06,Afternoon,Weekend
2597.0,Bread,2016-04-12 12:31:06,Afternoon,Weekend
2598.0,Coffee,2016-04-12 12:33:58,Afternoon,Weekend
2598.0,Truffles,2016-04-12 12:33:58,Afternoon,Weekend
2599.0,Coffee,2016-04-12 12:35:48,Afternoon,Weekend
2599.0,Fudge,2016-04-12 12:35:48,Afternoon,Weekend
2599.0,Fudge,2016-04-12 12:35:48,Afternoon,Weekend
2599.0,Bread,2016-04-12 12:35:48,Afternoon,Weekend
2600.0,Bread,2016-04-12 12:40:19,Afternoon,Weekend
2601.0,Coffee,2016-04-12 12:46:15,Afternoon,Weekend
2601.0,Bread,2016-04-12 12:46:15,Afternoon,Weekend
2602.0,Bread,2016-04-12 12:47:59,Afternoon,Weekend
2603.0,Coffee,2016-04-12 13:11:13,Afternoon,Weekend
2603.0,Medialuna,2016-04-12 13:11:13,Afternoon,Weekend
2603.0,Crepes,2016-04-12 13:11:13,Afternoon,Weekend
2603.0,Alfajores,2016-04-12 13:11:13,Afternoon,Weekend
2604.0,Coffee,2016-04-12 13:14:33,Afternoon,Weekend
2604.0,Coffee,2016-04-12 13:14:33,Afternoon,Weekend
2604.0,Cake,2016-04-12 13:14:33,Afternoon,Weekend
2605.0,Bread,2016-04-12 13:15:56,Afternoon,Weekend
2605.0,,2016-04-12 13:15:56,Afternoon,Weekend
2605.0,Cake,2016-04-12 13:15:56,Afternoon,Weekend
2605.0,Cookies,2016-04-12 13:15:56,Afternoon,Weekend
2606.0,Coffee,2016-04-12 13:18:31,Afternoon,Weekend
2607.0,Bread,2016-04-12 13:21:06,Afternoon,Weekend
2608.0,Farm House,2016-04-12 13:50:59,Afternoon,Weekend
2609.0,Bread,2016-04-12 13:58:32,Afternoon,Weekend
2610.0,Coffee,2016-04-12 14:03:46,Afternoon,Weekend
2610.0,Medialuna,2016-04-12 14:03:46,Afternoon,Weekend
2611.0,Hot chocolate,2016-04-12 14:07:44,Afternoon,Weekend
2611.0,Tea,2016-04-12 14:07:44,Afternoon,Weekend
2611.0,Coffee,2016-04-12 14:07:44,Afternoon,Weekend
2611.0,Coffee,2016-04-12 14:07:44,Afternoon,Weekend
2611.0,Cake,2016-04-12 14:07:44,Afternoon,Weekend
2612.0,Tea,2016-04-12 14:12:54,Afternoon,Weekend
2612.0,Hot chocolate,2016-04-12 14:12:54,Afternoon,Weekend
2612.0,Truffles,2016-04-12 14:12:54,Afternoon,Weekend
2613.0,Hot chocolate,2016-04-12 14:16:55,Afternoon,Weekend
2613.0,Hot chocolate,2016-04-12 14:16:55,Afternoon,Weekend
2613.0,Hot chocolate,2016-04-12 14:16:55,Afternoon,Weekend
2614.0,Coffee,2016-04-12 14:27:31,Afternoon,Weekend
2614.0,Coffee,2016-04-12 14:27:31,Afternoon,Weekend
2614.0,Coffee,2016-04-12 14:27:31,Afternoon,Weekend
2614.0,Sandwich,2016-04-12 14:27:31,Afternoon,Weekend
2614.0,Crepes,2016-04-12 14:27:31,Afternoon,Weekend
2615.0,Bread,2016-04-12 14:32:26,Afternoon,Weekend
2615.0,Crepes,2016-04-12 14:32:26,Afternoon,Weekend
2616.0,Bread,2016-04-12 14:40:52,Afternoon,Weekend
2616.0,Muffin,2016-04-12 14:40:52,Afternoon,Weekend
2616.0,Cake,2016-04-12 14:40:52,Afternoon,Weekend
2616.0,Coffee,2016-04-12 14:40:52,Afternoon,Weekend
2616.0,Medialuna,2016-04-12 14:40:52,Afternoon,Weekend
2617.0,Coffee,2016-04-12 14:41:27,Afternoon,Weekend
2618.0,Bread,2016-04-12 14:46:44,Afternoon,Weekend
2618.0,Coffee,2016-04-12 14:46:44,Afternoon,Weekend
2618.0,Cookies,2016-04-12 14:46:44,Afternoon,Weekend
2619.0,Medialuna,2016-04-12 14:50:25,Afternoon,Weekend
2619.0,Crepes,2016-04-12 14:50:25,Afternoon,Weekend
2620.0,Muffin,2016-04-12 14:52:49,Afternoon,Weekend
2621.0,Medialuna,2016-04-12 14:54:51,Afternoon,Weekend
2621.0,Tea,2016-04-12 14:54:51,Afternoon,Weekend
2622.0,Pastry,2016-04-12 15:02:11,Afternoon,Weekend
2623.0,Tea,2016-04-12 15:41:11,Afternoon,Weekend
2624.0,Coffee,2016-04-12 15:46:13,Afternoon,Weekend
2624.0,,2016-04-12 15:46:13,Afternoon,Weekend
2624.0,Coffee,2016-04-12 15:46:13,Afternoon,Weekend
2625.0,Bread,2016-04-12 16:12:14,Afternoon,Weekend
2625.0,Coffee,2016-04-12 16:12:14,Afternoon,Weekend
2625.0,Coffee,2016-04-12 16:12:14,Afternoon,Weekend
2625.0,Coffee,2016-04-12 16:12:14,Afternoon,Weekend
2626.0,Truffles,2016-04-12 16:15:01,Afternoon,Weekend
2626.0,Tea,2016-04-12 16:15:01,Afternoon,
2627.0,Cookies,2016-04-12 16:19:11,Afternoon,Weekend
2627.0,Cookies,2016-04-12 16:19:11,Afternoon,Weekend
2628.0,Coffee,2016-05-12 08:25:55,Morning,Weekday
2629.0,Bread,2016-05-12 08:35:23,Morning,Weekday
2630.0,Coffee,2016-05-12 08:36:11,Morning,Weekday
2630.0,Bread,2016-05-12 08:36:11,Morning,Weekday
2630.0,Toast,2016-05-12 08:36:11,Morning,Weekday
2630.0,Pastry,2016-05-12 08:36:11,Morning,Weekday
2631.0,Coffee,2016-05-12 09:04:44,Morning,Weekday
2632.0,Muffin,2016-05-12 09:09:17,Morning,Weekday
2633.0,Bread,2016-05-12 09:19:19,Morning,Weekday
2634.0,Farm House,2016-05-12 09:20:45,Morning,Weekday
2635.0,Coffee,2016-05-12 09:22:08,Morning,Weekday
2636.0,Bread,2016-05-12 09:24:21,Morning,Weekday
2637.0,Bread,2016-05-12 09:25:24,Morning,Weekday
2638.0,Tea,2016-05-12 09:28:53,Morning,Weekday
2638.0,Coffee,2016-05-12 09:28:53,Morning,Weekday
2638.0,Pastry,2016-05-12 09:28:53,Morning,Weekday
2638.0,Alfajores,2016-05-12 09:28:53,Morning,Weekday
2639.0,Coffee,2016-05-12 09:33:12,Morning,Weekday
2639.0,Coffee,2016-05-12 09:33:12,Morning,Weekday
2639.0,Toast,2016-05-12 09:33:12,Morning,Weekday
2639.0,Medialuna,2016-05-12 09:33:12,Morning,Weekday
2640.0,Coffee,2016-05-12 09:33:58,Morning,Weekday
2641.0,Juice,2016-05-12 09:42:43,Morning,Weekday
2641.0,Tea,2016-05-12 09:42:43,Morning,Weekday
2641.0,Bread,2016-05-12 09:42:43,Morning,Weekday
2641.0,Medialuna,2016-05-12 09:42:43,Morning,Weekday
2642.0,Medialuna,2016-05-12 09:45:14,Morning,Weekday
2642.0,Coffee,2016-05-12 09:45:14,Morning,Weekday
2642.0,Toast,2016-05-12 09:45:14,Morning,Weekday
2643.0,Pastry,2016-05-12 09:46:18,Morning,Weekday
2643.0,Tea,2016-05-12 09:46:18,Morning,
2644.0,Farm House,2016-05-12 09:51:34,Morning,Weekday
2645.0,Coffee,2016-05-12 10:07:40,Morning,Weekday
2645.0,Coffee,2016-05-12 10:07:40,Morning,Weekday
2646.0,Coffee,2016-05-12 10:14:02,Morning,Weekday
2647.0,Coffee,2016-05-12 10:40:23,Morning,Weekday
2647.0,Coffee,2016-05-12 10:40:23,Morning,Weekday
2647.0,Muffin,2016-05-12 10:40:23,Morning,Weekday
2648.0,Coffee,2016-05-12 10:41:51,Morning,Weekday
2649.0,Coffee,2016-05-12 10:42:31,Morning,Weekday
2649.0,Muffin,2016-05-12 10:42:31,Morning,Weekday
2650.0,Coffee,2016-05-12 10:52:01,Morning,Weekday
2650.0,Sandwich,2016-05-12 10:52:01,Morning,Weekday
2651.0,Dulce de Leche,2016-05-12 10:56:44,Morning,Weekday
2651.0,Bread,2016-05-12 10:56:44,Morning,Weekday
2651.0,Coffee,2016-05-12 10:56:44,Morning,Weekday
2651.0,Pastry,2016-05-12 10:56:44,Morning,Weekday
2651.0,Bread,2016-05-12 10:56:44,Morning,Weekday
2652.0,Jam,2016-05-12 10:58:46,Morning,Weekday
,Coffee,2016-05-12 11:04:23,Morning,Weekday
2653.0,Coffee,2016-05-12 11:04:23,Morning,Weekday
2653.0,Medialuna,2016-05-12 11:04:23,Morning,Weekday
2654.0,Cookies,2016-05-12 11:09:34,Morning,Weekday
2654.0,Coffee,2016-05-12 11:09:34,Morning,Weekday
2654.0,Pastry,2016-05-12 11:09:34,Morning,Weekday
2655.0,Farm House,2016-05-12 12:14:03,Afternoon,Weekday
2656.0,Coffee,2016-05-12 12:26:57,Afternoon,Weekday
2657.0,Coffee,2016-05-12 12:33:52,Afternoon,Weekday
2659.0,Bread,2016-05-12 12:51:42,Afternoon,Weekday
2659.0,Pastry,2016-05-12 12:51:42,Afternoon,Weekday
2660.0,Juice,2016-05-12 12:56:06,Afternoon,Weekday
2660.0,Sandwich,2016-05-12 12:56:06,Afternoon,Weekday
2661.0,Coffee,2016-05-12 12:58:48,Afternoon,Weekday
2661.0,Coffee,2016-05-12 12:58:48,Afternoon,Weekday
2661.0,Alfajores,2016-05-12 12:58:48,Afternoon,Weekday
2662.0,Coffee,2016-05-12 13:11:30,Afternoon,Weekday
2662.0,Sandwich,2016-05-12 13:11:30,Afternoon,Weekday
2663.0,Bread,2016-05-12 13:30:27,Afternoon,Weekday
2664.0,Bread,2016-05-12 13:31:30,Afternoon,Weekday
2665.0,Bread,2016-05-12 13:40:52,Afternoon,Weekday
2665.0,Tea,2016-05-12 13:40:52,Afternoon,Weekday
2665.0,Medialuna,2016-05-12 13:40:52,Afternoon,Weekday
2666.0,Coffee,2016-05-12 13:46:47,Afternoon,Weekday
2666.0,Muffin,2016-05-12 13:46:47,Afternoon,Weekday
2667.0,Cake,2016-05-12 13:50:44,Afternoon,Weekday
2667.0,Tea,2016-05-12 13:50:44,Afternoon,Weekday
2668.0,Cookies,2016-05-12 13:52:34,Afternoon,Weekday
2668.0,Coffee,2016-05-12 13:52:34,Afternoon,
2669.0,Hearty & Seasonal,2016-05-12 14:04:32,Afternoon,Weekday
2669.0,Coke,2016-05-12 14:04:32,Afternoon,Weekday
2670.0,Coffee,2016-05-12 14:12:21,Afternoon,Weekday
2670.0,Coffee,2016-05-12 14:12:21,Afternoon,Weekday
2670.0,Muffin,2016-05-12 14:12:21,Afternoon,Weekday
2670.0,Sandwich,2016-05-12 14:12:21,Afternoon,Weekday
2671.0,Alfajores,2016-05-12 14:15:37,Afternoon,Weekday
2672.0,Alfajores,2016-05-12 14:30:28,Afternoon,Weekday
2673.0,Sandwich,2016-05-12 14:39:46,Afternoon,Weekday
2673.0,Coffee,2016-05-12 14:39:46,Afternoon,Weekday
2674.0,Hot chocolate,2016-05-12 14:43:20,Afternoon,Weekday
2674.0,Coffee,2016-05-12 14:43:20,Afternoon,Weekday
2674.0,Muffin,2016-05-12 14:43:20,Afternoon,Weekday
2674.0,Sandwich,2016-05-12 14:43:20,Afternoon,Weekday
2675.0,Muffin,2016-05-12 14:48:51,Afternoon,Weekday
2676.0,Coffee,2016-05-12 15:00:58,Afternoon,Weekday
2676.0,Tea,2016-05-12 15:00:58,Afternoon,Weekday
2676.0,Bread,2016-05-12 15:00:58,Afternoon,Weekday
2677.0,Coffee,2016-05-12 15:01:39,Afternoon,Weekday
2678.0,Bread,2016-05-12 15:13:04,Afternoon,Weekday
2678.0,Medialuna,2016-05-12 15:13:04,Afternoon,Weekday
2678.0,Cookies,2016-05-12 15:13:04,Afternoon,Weekday
2678.0,Tea,2016-05-12 15:13:04,Afternoon,Weekday
2679.0,Coffee,2016-05-12 15:27:04,Afternoon,Weekday
2680.0,Coffee,2016-05-12 15:45:32,Afternoon,Weekday
2680.0,Bread,2016-05-12 15:45:32,Afternoon,Weekday
2680.0,Coffee,2016-05-12 15:45:32,Afternoon,Weekday
2681.0,Alfajores,2016-05-12 16:23:40,Afternoon,Weekday
2681.0,Alfajores,2016-05-12 16:23:40,Afternoon,Weekday
2681.0,Coffee,2016-05-12 16:23:40,Afternoon,Weekday
2681.0,Sandwich,2016-05-12 16:23:40,Afternoon,Weekday
2681.0,Sandwich,2016-05-12 16:23:40,Afternoon,Weekday
2681.0,Bread,2016-05-12 16:23:40,Afternoon,Weekday
2682.0,Coffee,2016-05-12 16:53:44,Afternoon,Weekday
2682.0,Coffee,2016-05-12 16:53:44,Afternoon,Weekday
2682.0,Bread,2016-05-12 16:53:44,Afternoon,Weekday
2682.0,Cookies,2016-05-12 16:53:44,Afternoon,Weekday
,Medialuna,2016-05-12 16:53:44,Afternoon,Weekday
2682.0,Coffee,2016-05-12 16:53:44,Afternoon,Weekday
2683.0,Coffee,2016-06-12 08:11:46,Morning,Weekday
2683.0,Cookies,2016-06-12 08:11:46,Morning,Weekday
2684.0,Farm House,2016-06-12 08:26:54,Morning,Weekday
2685.0,Coffee,2016-06-12 08:58:58,Morning,Weekday
2686.0,Coke,2016-06-12 09:20:17,Morning,Weekday
2687.0,Coffee,2016-06-12 09:26:06,Morning,Weekday
2687.0,Bread,2016-06-12 09:26:06,Morning,Weekday
2688.0,Pastry,2016-06-12 09:27:18,Morning,Weekday
2688.0,Bread,2016-06-12 09:27:18,Morning,Weekday
2689.0,Coffee,2016-06-12 09:48:09,Morning,Weekday
2690.0,Hot chocolate,2016-06-12 09:50:30,Morning,Weekday
2690.0,Alfajores,2016-06-12 09:50:30,Morning,Weekday
2690.0,Bread,2016-06-12 09:50:30,Morning,Weekday
2690.0,Muffin,2016-06-12 09:50:30,Morning,Weekday
2691.0,Coffee,2016-06-12 09:51:10,Morning,Weekday
2692.0,Bread,2016-06-12 09:51:38,Morning,Weekday
2693.0,Coffee,2016-06-12 09:52:37,Morning,Weekday
2693.0,Coffee,2016-06-12 09:52:37,Morning,Weekday
2694.0,Coffee,2016-06-12 09:53:52,Morning,Weekday
2694.0,Coffee,2016-06-12 09:53:52,Morning,Weekday
2694.0,Medialuna,2016-06-12 09:53:52,Morning,Weekday
2695.0,Coffee,2016-06-12 09:54:45,Morning,Weekday
2696.0,Pastry,2016-06-12 10:15:01,Morning,Weekday
2696.0,Medialuna,2016-06-12 10:15:01,Morning,Weekday
2696.0,Bread,2016-06-12 10:15:01,Morning,Weekday
2697.0,Muffin,2016-06-12 10:18:59,Morning,Weekday
2697.0,Coffee,2016-06-12 10:18:59,Morning,Weekday
2697.0,Coffee,2016-06-12 10:18:59,Morning,Weekday
2698.0,,2016-06-12 10:25:37,Morning,Weekday
2699.0,Bread,2016-06-12 10:28:26,Morning,Weekday
2700.0,Bread,2016-06-12 10:30:22,Morning,Weekday
2700.0,Coffee,2016-06-12 10:30:22,Morning,Weekday
2701.0,Bread,2016-06-12 10:45:44,Morning,Weekday
2701.0,Tea,2016-06-12 10:45:44,Morning,Weekday
2702.0,Bread,2016-06-12 10:49:29,Morning,Weekday
2702.0,Cookies,2016-06-12 10:49:29,Morning,Weekday
2702.0,Muffin,2016-06-12 10:49:29,Morning,Weekday
2703.0,Tea,2016-06-12 10:52:24,Morning,Weekday
2703.0,Coffee,2016-06-12 10:52:24,Morning,Weekday
2704.0,Medialuna,2016-06-12 10:54:51,Morning,Weekday
2704.0,Pastry,2016-06-12 10:54:51,Morning,Weekday
2704.0,Bread,2016-06-12 10:54:51,Morning,Weekday
2705.0,Coffee,2016-06-12 10:55:48,Morning,Weekday
2705.0,Alfajores,2016-06-12 10:55:48,Morning,Weekday
2706.0,Toast,2016-06-12 10:57:54,Morning,Weekday
2707.0,Coffee,2016-06-12 10:59:09,Morning,Weekday
2708.0,Tea,2016-06-12 11:03:20,Morning,Weekday
2709.0,,2016-06-12 11:07:06,Morning,Weekday
2709.0,Medialuna,2016-06-12 11:07:06,Morning,Weekday
2710.0,Coffee,2016-06-12 11:07:30,Morning,Weekday
2710.0,Pastry,2016-06-12 11:07:30,Morning,Weekday
2711.0,Coffee,2016-06-12 11:08:19,Morning,Weekday
2712.0,Cake,2016-06-12 11:21:40,Morning,Weekday
2712.0,Bread,2016-06-12 11:21:40,Morning,Weekday
2713.0,Cake,2016-06-12 11:23:27,Morning,Weekday
2713.0,Coffee,2016-06-12 11:23:27,Morning,Weekday
2714.0,Coffee,2016-06-12 11:45:33,Morning,Weekday
2714.0,Hot chocolate,2016-06-12 11:45:33,Morning,Weekday
2714.0,Pastry,2016-06-12 11:45:33,Morning,Weekday
2715.0,Tea,2016-06-12 12:02:51,Afternoon,Weekday
2716.0,Bread,2016-06-12 12:07:33,Afternoon,Weekday
2717.0,Tea,2016-06-12 12:11:28,Afternoon,Weekday
2718.0,Bread,2016-06-12 12:24:06,Afternoon,Weekday
2718.0,Farm House,2016-06-12 12:24:06,Afternoon,Weekday
2719.0,Coffee,2016-06-12 12:24:44,Afternoon,Weekday
2720.0,Bread,2016-06-12 12:35:33,Afternoon,Weekday
2721.0,Bread,2016-06-12 12:39:43,Afternoon,Weekday
2722.0,Bread,2016-06-12 12:44:06,Afternoon,Weekday
2722.0,Cookies,2016-06-12 12:44:06,Afternoon,Weekday
2723.0,Coffee,2016-06-12 12:47:13,Afternoon,Weekday
2723.0,Bread,2016-06-12 12:47:13,Afternoon,Weekday
2724.0,Cookies,2016-06-12 12:50:14,Afternoon,Weekday
2724.0,Coffee,2016-06-12 12:50:14,Afternoon,Weekday
2725.0,Farm House,2016-06-12 13:02:34,Afternoon,Weekday
2726.0,Bread,2016-06-12 13:12:31,Afternoon,Weekday
2727.0,Coffee,2016-06-12 13:14:28,Afternoon,Weekday
2728.0,Coffee,2016-06-12 13:16:31,Afternoon,Weekday
2728.0,Tea,2016-06-12 13:16:31,Afternoon,Weekday
2728.0,Sandwich,2016-06-12 13:16:31,Afternoon,Weekday
2728.0,Muffin,2016-06-12 13:16:31,Afternoon,Weekday
2729.0,Coffee,2016-06-12 13:22:06,Afternoon,Weekday
2729.0,Bread,2016-06-12 13:22:06,Afternoon,Weekday
2729.0,Cake,2016-06-12 13:22:06,Afternoon,Weekday
2730.0,Bread,2016-06-12 13:36:54,Afternoon,Weekday
2731.0,Tea,2016-06-12 14:01:12,Afternoon,Weekday
2732.0,Tea,2016-06-12 14:02:32,Afternoon,Weekday
2732.0,Coffee,2016-06-12 14:02:32,Afternoon,Weekday
2733.0,Coffee,2016-06-12 14:10:33,Afternoon,Weekday
2734.0,Sandwich,2016-06-12 14:29:07,Afternoon,Weekday
2734.0,Tea,2016-06-12 14:29:07,Afternoon,Weekday
2734.0,Alfajores,2016-06-12 14:29:07,Afternoon,Weekday
2735.0,Coffee,2016-06-12 15:09:18,Afternoon,Weekday
2735.0,Mineral water,2016-06-12 15:09:18,Afternoon,Weekday
2735.0,Alfajores,2016-06-12 15:09:18,Afternoon,Weekday
2735.0,Cake,2016-06-12 15:09:18,Afternoon,Weekday
2735.0,Sandwich,2016-06-12 15:09:18,Afternoon,Weekday
2736.0,Coffee,2016-06-12 15:29:23,Afternoon,Weekday
2736.0,Bread,2016-06-12 15:29:23,Afternoon,Weekday
2737.0,Coffee,2016-06-12 15:30:04,Afternoon,Weekday
2738.0,Tea,2016-06-12 15:44:35,Afternoon,Weekday
2738.0,Cake,2016-06-12 15:44:35,Afternoon,Weekday
2739.0,Bread,2016-06-12 15:49:41,Afternoon,Weekday
2740.0,Cookies,2016-06-12 15:53:35,Afternoon,Weekday
2741.0,Coffee,2016-06-12 16:01:07,Afternoon,Weekday
2741.0,Juice,2016-06-12 16:01:07,Afternoon,Weekday
2742.0,Coffee,2016-06-12 16:22:54,Afternoon,Weekday
2742.0,Muffin,2016-06-12 16:22:54,Afternoon,Weekday
2742.0,Mineral water,2016-06-12 16:22:54,Afternoon,Weekday
2742.0,Juice,2016-06-12 16:22:54,Afternoon,Weekday
2743.0,Bread,2016-06-12 16:24:31,Afternoon,Weekday
2744.0,Bread,2016-07-12 08:38:22,Morning,Weekday
2745.0,Bread,2016-07-12 09:02:48,Morning,Weekday
2746.0,Bread,2016-07-12 09:15:18,Morning,Weekday
2746.0,Hot chocolate,2016-07-12 09:15:18,Morning,Weekday
2746.0,Juice,2016-07-12 09:15:18,Morning,Weekday
2746.0,Toast,2016-07-12 09:15:18,Morning,Weekday
2747.0,Coffee,2016-07-12 09:21:35,Morning,Weekday
2747.0,Cake,2016-07-12 09:21:35,Morning,Weekday
2747.0,Bread,2016-07-12 09:21:35,Morning,
2748.0,Coffee,2016-07-12 09:25:00,Morning,Weekday
2748.0,Toast,2016-07-12 09:25:00,Morning,Weekday
2749.0,Coffee,2016-07-12 09:26:40,Morning,Weekday
2749.0,Toast,2016-07-12 09:26:40,Morning,Weekday
2750.0,Tea,2016-07-12 09:27:45,Morning,Weekday
2751.0,Tea,2016-07-12 09:29:20,Morning,Weekday
2751.0,Toast,2016-07-12 09:29:20,Morning,Weekday
2751.0,Cookies,2016-07-12 09:29:20,Morning,Weekday
2752.0,Farm House,2016-07-12 10:11:14,Morning,Weekday
2753.0,Bread,2016-07-12 10:28:53,Morning,Weekday
2753.0,Cake,2016-07-12 10:28:53,Morning,Weekday
2754.0,Bread,2016-07-12 10:58:32,Morning,Weekday
2755.0,Coffee,2016-07-12 11:00:46,Morning,Weekday
2755.0,Coffee,2016-07-12 11:00:46,Morning,Weekday
2756.0,Tea,2016-07-12 11:01:17,Morning,Weekday
2756.0,Alfajores,2016-07-12 11:01:17,Morning,Weekday
2757.0,Bread,2016-07-12 11:02:36,Morning,Weekday
2758.0,Coffee,2016-07-12 11:03:59,Morning,Weekday
2759.0,Juice,2016-07-12 11:13:22,Morning,Weekday
2759.0,Coffee,2016-07-12 11:13:22,Morning,Weekday
,Tea,2016-07-12 11:13:22,Morning,Weekday
2760.0,Coffee,2016-07-12 11:28:16,Morning,Weekday
2760.0,Medialuna,2016-07-12 11:28:16,Morning,Weekday
2761.0,Bread,2016-07-12 11:41:59,Morning,Weekday
2762.0,Medialuna,2016-07-12 11:42:43,Morning,Weekday
2762.0,Coffee,2016-07-12 11:42:43,Morning,Weekday
2763.0,Cake,2016-07-12 12:03:14,Afternoon,Weekday
2763.0,Tea,2016-07-12 12:03:14,Afternoon,Weekday
2764.0,Bread,2016-07-12 12:07:00,Afternoon,Weekday
2764.0,Coffee,2016-07-12 12:07:00,Afternoon,Weekday
2765.0,Farm House,2016-07-12 12:08:10,Afternoon,Weekday
2766.0,Bread,2016-07-12 12:13:07,Afternoon,Weekday
2767.0,Farm House,2016-07-12 12:21:41,Afternoon,Weekday
,Crepes,2016-07-12 12:21:41,Afternoon,Weekday
2768.0,Bread,2016-07-12 12:29:46,Afternoon,Weekday
2769.0,Hot chocolate,2016-07-12 12:35:28,Afternoon,Weekday
2770.0,Coffee,2016-07-12 12:47:30,Afternoon,Weekday
2770.0,Coffee,2016-07-12 12:47:30,Afternoon,Weekday
2770.0,Hot chocolate,2016-07-12 12:47:30,Afternoon,Weekday
2770.0,Sandwich,2016-07-12 12:47:30,Afternoon,Weekday
2771.0,Sandwich,2016-07-12 12:56:11,Afternoon,Weekday
2772.0,Coffee,2016-07-12 12:57:13,Afternoon,Weekday
2772.0,Truffles,2016-07-12 12:57:13,Afternoon,Weekday
2773.0,Jam,2016-07-12 12:59:27,Afternoon,Weekday
2774.0,Bread,2016-07-12 13:08:22,Afternoon,Weekday
2775.0,Bread,2016-07-12 13:23:02,Afternoon,Weekday
2776.0,Sandwich,2016-07-12 13:35:04,Afternoon,Weekday
,Coffee,2016-07-12 13:35:04,Afternoon,Weekday
2776.0,Mineral water,2016-07-12 13:35:04,Afternoon,Weekday
2777.0,Bread,2016-07-12 13:48:57,Afternoon,Weekday
2778.0,Coke,2016-07-12 14:01:10,Afternoon,Weekday
2778.0,Coke,2016-07-12 14:01:10,Afternoon,Weekday
2778.0,Cookies,2016-07-12 14:01:10,Afternoon,Weekday
2780.0,Bread,2016-07-12 14:23:46,Afternoon,Weekday
2780.0,Bread,2016-07-12 14:23:46,Afternoon,Weekday
2781.0,Coffee,2016-07-12 14:31:10,Afternoon,Weekday
2781.0,Coffee,2016-07-12 14:31:10,Afternoon,Weekday
2781.0,Sandwich,2016-07-12 14:31:10,Afternoon,Weekday
2782.0,Bread,2016-07-12 14:45:54,Afternoon,Weekday
2782.0,Coffee,2016-07-12 14:45:54,Afternoon,Weekday
2783.0,Tea,2016-07-12 14:47:44,Afternoon,Weekday
2783.0,Coffee,2016-07-12 14:47:44,Afternoon,Weekday
2785.0,Tea,2016-07-12 15:16:54,Afternoon,Weekday
2785.0,Coffee,2016-07-12 15:16:54,Afternoon,Weekday
2786.0,Hot chocolate,2016-07-12 16:00:12,Afternoon,Weekday
2787.0,Coffee,2016-07-12 16:25:57,Afternoon,Weekday
2787.0,Coffee,2016-07-12 16:25:57,Afternoon,Weekday
2787.0,Alfajores,2016-07-12 16:25:57,Afternoon,Weekday
2788.0,Fudge,2016-07-12 17:04:56,Evening,Weekday
2788.0,Jam,2016-07-12 17:04:56,Evening,Weekday
2788.0,Cake,2016-07-12 17:04:56,Evening,Weekday
2788.0,Coffee,2016-07-12 17:04:56,Evening,Weekday
2789.0,Cake,2016-08-12 08:26:16,Morning,Weekday
2790.0,Coffee,2016-08-12 08:46:11,Morning,Weekday
2790.0,Bread,2016-08-12 08:46:11,Morning,Weekday
2791.0,Pastry,2016-08-12 09:03:07,,Weekday
2791.0,Coffee,2016-08-12 09:03:07,Morning,Weekday
2792.0,Coffee,2016-08-12 09:04:24,Morning,Weekday
2792.0,Pastry,2016-08-12 09:04:24,Morning,Weekday
2793.0,Coffee,2016-08-12 09:14:56,Morning,Weekday
2793.0,Pastry,2016-08-12 09:14:56,Morning,Weekday
2794.0,Truffles,2016-08-12 09:18:48,Morning,Weekday
2794.0,Bread,2016-08-12 09:18:48,Morning,Weekday
2795.0,Coffee,2016-08-12 09:26:36,Morning,Weekday
2796.0,Coffee,2016-08-12 09:28:20,Morning,Weekday
2797.0,Coffee,2016-08-12 09:32:00,Morning,Weekday
2797.0,Toast,2016-08-12 09:32:00,Morning,Weekday
,Vegan mincepie,2016-08-12 09:32:00,Morning,Weekday
2797.0,Mineral water,2016-08-12 09:32:00,Morning,Weekday
2797.0,Coffee,2016-08-12 09:32:00,Morning,Weekday
2798.0,Medialuna,2016-08-12 09:33:26,Morning,Weekday
2798.0,Bread,2016-08-12 09:33:26,Morning,Weekday
2799.0,Coffee,2016-08-12 09:44:53,Morning,Weekday
2799.0,Cake,2016-08-12 09:44:53,Morning,Weekday
2800.0,Coffee,2016-08-12 10:09:16,Morning,Weekday
2800.0,Pastry,2016-08-12 10:09:16,Morning,Weekday
2801.0,Coffee,2016-08-12 10:16:28,Morning,Weekday
2802.0,Coffee,2016-08-12 10:40:06,Morning,Weekday
2803.0,Bread,2016-08-12 10:53:51,Morning,Weekday
2803.0,Cake,2016-08-12 10:53:51,Morning,Weekday
2803.0,Cookies,2016-08-12 10:53:51,Morning,Weekday
2804.0,Coffee,2016-08-12 10:55:18,Morning,Weekday
2804.0,Tea,2016-08-12 10:55:18,Morning,Weekday
2804.0,Bread,2016-08-12 10:55:18,Morning,Weekday
2804.0,Cake,2016-08-12 10:55:18,Morning,Weekday
2805.0,Toast,2016-08-12 11:02:40,Morning,Weekday
2805.0,Juice,2016-08-12 11:02:40,Morning,Weekday
2806.0,Bread,2016-08-12 11:03:36,Morning,Weekday
2807.0,Pastry,2016-08-12 11:04:22,Morning,Weekday
2807.0,Pastry,2016-08-12 11:04:22,Morning,Weekday
2808.0,Coffee,2016-08-12 11:26:03,Morning,Weekday
2809.0,Truffles,2016-08-12 11:27:11,Morning,Weekday
2810.0,Tea,2016-08-12 11:35:19,Morning,Weekday
2811.0,Bread,2016-08-12 11:36:09,Morning,Weekday
2812.0,Farm House,2016-08-12 11:39:06,Morning,Weekday
2813.0,Coffee,2016-08-12 11:51:58,Morning,Weekday
2813.0,Cake,2016-08-12 11:51:58,Morning,Weekday
2814.0,Coffee,2016-08-12 11:53:34,Morning,Weekday
2814.0,Sandwich,2016-08-12 11:53:34,Morning,Weekday
2815.0,Tea,2016-08-12 12:19:45,Afternoon,Weekday
2816.0,Hearty & Seasonal,2016-08-12 12:45:41,Afternoon,Weekday
2816.0,Tea,2016-08-12 12:45:41,Afternoon,Weekday
2817.0,Coffee,2016-08-12 13:03:52,Afternoon,Weekday
2818.0,Coffee,2016-08-12 13:04:38,Afternoon,Weekday
2819.0,Tea,2016-08-12 13:41:08,Afternoon,Weekday
2819.0,Cake,2016-08-12 13:41:08,Afternoon,Weekday
2820.0,Farm House,2016-08-12 13:42:08,Afternoon,Weekday
2821.0,Coffee,2016-08-12 13:53:09,Afternoon,Weekday
2822.0,Coffee,2016-08-12 14:20:51,Afternoon,Weekday
2823.0,Bread,2016-08-12 14:34:32,Afternoon,Weekday
2824.0,Coffee,2016-08-12 15:11:16,Afternoon,Weekday
2824.0,Cake,2016-08-12 15:11:16,Afternoon,Weekday
2825.0,Cake,2016-08-12 15:17:44,Afternoon,Weekday
2826.0,Alfajores,2016-08-12 15:40:39,Afternoon,Weekday
2826.0,Medialuna,2016-08-12 15:40:39,Afternoon,Weekday
2826.0,Brownie,2016-08-12 15:40:39,Afternoon,Weekday
2827.0,Bread,2016-08-12 15:41:22,Afternoon,Weekday
2828.0,Bread,2016-08-12 16:54:21,Afternoon,Weekday
2829.0,Bread,2016-09-12 09:03:46,Morning,Weekday
2829.0,Jam,2016-09-12 09:03:46,Morning,Weekday
2830.0,Tea,2016-09-12 09:05:25,Morning,Weekday
2830.0,Sandwich,2016-09-12 09:05:25,Morning,Weekday
2831.0,Coffee,2016-09-12 09:13:18,Morning,Weekday
2831.0,Medialuna,2016-09-12 09:13:18,Morning,Weekday
2831.0,Juice,2016-09-12 09:13:18,Morning,Weekday
2831.0,Coke,2016-09-12 09:13:18,Morning,Weekday
2832.0,Toast,2016-09-12 09:15:48,Morning,Weekday
2832.0,Coffee,2016-09-12 09:15:48,Morning,Weekday
2832.0,Bread,2016-09-12 09:15:48,Morning,Weekday
2833.0,Bread,2016-09-12 09:17:08,Morning,Weekday
2833.0,Coffee,2016-09-12 09:17:08,Morning,Weekday
2833.0,Toast,2016-09-12 09:17:08,Morning,Weekday
2834.0,Bread,2016-09-12 09:19:46,Morning,Weekday
,Coffee,2016-09-12 09:19:46,Morning,Weekday
2834.0,Medialuna,2016-09-12 09:19:46,Morning,Weekday
2835.0,Coffee,2016-09-12 09:31:22,Morning,Weekday
2836.0,Bread,2016-09-12 09:31:52,Morning,Weekday
2836.0,Toast,2016-09-12 09:31:52,Morning,Weekday
2837.0,Bread,,Morning,Weekday
2838.0,Coffee,2016-09-12 09:58:47,Morning,Weekday
2838.0,Coffee,2016-09-12 09:58:47,Morning,Weekday
2838.0,Medialuna,2016-09-12 09:58:47,Morning,Weekday
2838.0,Cake,2016-09-12 09:58:47,Morning,Weekday
2839.0,Tea,2016-09-12 10:11:09,Morning,Weekday
2840.0,Tea,2016-09-12 10:16:40,Morning,Weekday
2841.0,Coffee,2016-09-12 10:17:03,Morning,Weekday
2841.0,Medialuna,2016-09-12 10:17:03,Morning,Weekday
